image_id,proposal_id,predicted_class,score,bbox_x1,bbox_y1,bbox_x2,bbox_y2,visual_validity,evidence_strength,recommended_action,inspection_status,mllm_prior_status,llm_final_status,llm_final_decision,llm_final_confidence,final_decision,final_decision_source,fallback_used,gt_correct,tp_fp_fn_label_for_eval,max_iou_same_class,matched_gt_id,degenerate_bbox,score_baseline_020,deterministic_gate_256,candidate_pool_selected,candidate_reasons,optional_tool_plan_status,optional_tool_plan_selected,optional_tools_used
0,0,bird,0.953125,433.0,211.0,616.0,385.0,invalid,strong,drop,success,success,success,drop,high,drop,llm_final_decision,False,False,tn,0.292517,2,False,keep,drop,True,top_score_sanity_check,not_called,,
0,1,bird,0.736328125,14.0,134.0,155.0,236.0,invalid,strong,drop,success,success,success,drop,high,drop,llm_final_decision,False,False,tn,0.212191,0,False,keep,drop,True,border_touching|duplicate_cluster|top_score_sanity_check,success,retrieve_same_class_image_crops,same_class_image_crops
0,2,bird,0.6982421875,197.0,545.0,370.0,672.0,invalid,strong,drop,success,success,success,drop,high,drop,llm_final_decision,False,False,tn,0.0,-1,False,keep,drop,True,border_touching|duplicate_cluster,success,retrieve_same_class_image_crops,same_class_image_crops
0,3,bird,0.1475830078125,197.0,544.0,479.0,672.0,invalid,strong,drop,success,success,success,drop,high,drop,llm_final_decision,False,False,tn,0.0,-1,False,drop,drop,True,uncertain_score_band|border_touching|duplicate_cluster,success,retrieve_same_class_image_crops,same_class_image_crops
0,4,bird,0.140869140625,12.0,153.0,75.0,235.0,invalid,strong,drop,success,success,success,drop,high,drop,llm_final_decision,False,False,tn,0.05297,0,False,drop,drop,True,uncertain_score_band|border_touching,not_called,,
0,5,bird,0.119384765625,60.0,133.0,155.0,234.0,invalid,strong,drop,success,success,success,drop,high,drop,llm_final_decision,False,False,tn,0.174885,0,False,drop,drop,True,uncertain_score_band|duplicate_cluster,success,retrieve_same_class_image_crops,same_class_image_crops
1,0,person,0.62060546875,369.0,199.0,569.0,693.0,valid,strong,keep,success,success,success,keep,high,keep,llm_final_decision,False,False,fp,0.470651,1,False,keep,keep,True,duplicate_cluster|top_score_sanity_check,success,retrieve_same_class_image_crops,same_class_image_crops
1,1,person,0.5244140625,2.0,51.0,568.0,772.0,valid,strong,keep,success,success,success,keep,high,keep,llm_final_decision,False,True,tp,0.687746,0,False,keep,keep,True,border_touching|duplicate_cluster|top_score_sanity_check,success,retrieve_same_class_image_crops,same_class_image_crops
1,2,train,0.11456298828125,1.0,0.0,569.0,748.0,invalid,strong,drop,success,success,success,drop,high,drop,llm_final_decision,False,False,tn,0.0,-1,False,drop,drop,True,uncertain_score_band|border_touching|duplicate_cluster,success,retrieve_same_class_image_crops|retrieve_class_exemplars,same_class_image_crops|class_exemplars
1,3,person,0.10595703125,222.0,199.0,567.0,697.0,valid,strong,keep,success,success,success,keep,high,keep,llm_final_decision,False,True,tp,0.579177,1,False,drop,keep,True,uncertain_score_band|duplicate_cluster,success,retrieve_same_class_image_crops,same_class_image_crops
3,0,car,0.415771484375,443.0,15.0,582.0,300.0,invalid,strong,drop,success,success,success,drop,high,drop,llm_final_decision,False,False,tn,0.0,-1,False,keep,drop,True,border_touching|duplicate_cluster|top_score_sanity_check,success,retrieve_same_class_image_crops|retrieve_class_exemplars,same_class_image_crops|class_exemplars
3,1,car,0.2861328125,457.0,15.0,567.0,129.0,invalid,strong,drop,success,success,success,drop,high,drop,llm_final_decision,False,False,tn,0.0,-1,False,keep,drop,True,uncertain_score_band|border_touching|top_score_sanity_check,not_called,,
3,2,dog,0.167236328125,7.0,683.0,95.0,684.0,unavailable,unavailable,drop,not_candidate_heuristic,success,not_called,drop,,drop,deterministic_gate,True,False,tn,0.0,-1,True,drop,drop,False,,not_called,,
3,3,boat,0.1636962890625,443.0,15.0,582.0,300.0,invalid,strong,drop,success,success,success,drop,high,drop,llm_final_decision,False,False,tn,0.0,-1,False,drop,drop,True,uncertain_score_band|border_touching|duplicate_cluster,success,retrieve_class_exemplars,class_exemplars
3,4,bird,0.1510009765625,7.0,683.0,95.0,684.0,unavailable,unavailable,drop,not_candidate_heuristic,success,not_called,drop,,drop,deterministic_gate,True,False,tn,0.0,-1,True,drop,drop,False,,not_called,,
3,5,chair,0.138427734375,443.0,15.0,582.0,300.0,invalid,strong,drop,success,success,success,drop,high,drop,llm_final_decision,False,False,tn,0.0,-1,False,drop,drop,True,uncertain_score_band|border_touching|duplicate_cluster,success,retrieve_same_class_image_crops|retrieve_class_exemplars,same_class_image_crops|class_exemplars
3,6,boat,0.11029052734375,38.0,19.0,219.0,261.0,invalid,strong,drop,success,success,success,drop,high,drop,llm_final_decision,False,False,tn,0.0,-1,False,drop,drop,True,uncertain_score_band|border_touching,not_called,,
3,7,cat,0.100341796875,7.0,683.0,95.0,684.0,unavailable,unavailable,drop,not_candidate_heuristic,success,not_called,drop,,drop,deterministic_gate,True,False,tn,0.0,-1,True,drop,drop,False,,not_called,,
5,0,car,0.4833984375,0.0,158.0,637.0,640.0,invalid,strong,drop,success,success,success,drop,high,drop,llm_final_decision,False,False,tn,0.0,-1,False,keep,drop,True,border_touching|duplicate_cluster|top_score_sanity_check,success,retrieve_same_class_image_crops,same_class_image_crops
5,1,cow,0.34912109375,0.0,158.0,637.0,640.0,invalid,strong,drop,success,success,success,drop,high,drop,llm_final_decision,False,False,tn,0.0,-1,False,keep,drop,True,border_touching|duplicate_cluster|top_score_sanity_check,success,retrieve_class_exemplars,class_exemplars
5,2,sofa,0.1553955078125,0.0,158.0,637.0,640.0,invalid,strong,drop,success,success,success,drop,high,drop,llm_final_decision,False,False,tn,0.0,-1,False,drop,drop,True,uncertain_score_band|border_touching|duplicate_cluster,success,retrieve_same_class_image_crops,same_class_image_crops
5,3,train,0.12213134765625,0.0,158.0,637.0,640.0,invalid,strong,drop,success,success,success,drop,high,drop,llm_final_decision,False,False,tn,0.0,-1,False,drop,drop,True,uncertain_score_band|border_touching|duplicate_cluster,success,retrieve_class_exemplars,class_exemplars
5,4,tvmonitor,0.10394287109375,0.0,158.0,637.0,640.0,invalid,strong,drop,success,success,success,drop,high,drop,llm_final_decision,False,False,tn,0.0,-1,False,drop,drop,True,uncertain_score_band|border_touching|duplicate_cluster,success,retrieve_same_class_image_crops,same_class_image_crops
9,0,tvmonitor,0.90673828125,57.0,101.0,386.0,640.0,valid,strong,keep,success,success,success,keep,high,keep,llm_final_decision,False,True,tp,0.630234,0,False,keep,keep,True,border_touching|duplicate_cluster|top_score_sanity_check,success,retrieve_same_class_image_crops|retrieve_class_exemplars,same_class_image_crops|class_exemplars
9,1,tvmonitor,0.34765625,243.0,134.0,616.0,633.0,invalid,strong,drop,success,success,success,drop,high,drop,llm_final_decision,False,False,tn,0.175827,0,False,keep,drop,True,border_touching|duplicate_cluster|top_score_sanity_check,success,retrieve_same_class_image_crops|retrieve_class_exemplars,same_class_image_crops|class_exemplars
9,2,tvmonitor,0.1304931640625,58.0,105.0,614.0,640.0,invalid,strong,drop,success,success,success,drop,high,drop,llm_final_decision,False,False,tn,0.386947,0,False,drop,drop,True,uncertain_score_band|border_touching|duplicate_cluster,success,retrieve_same_class_image_crops|retrieve_class_exemplars,same_class_image_crops|class_exemplars
10,0,person,0.7333984375,323.0,290.0,554.0,668.0,invalid,strong,drop,success,success,success,drop,high,drop,llm_final_decision,False,False,tn,0.172479,0,False,keep,drop,True,border_touching|duplicate_cluster|top_score_sanity_check,success,retrieve_same_class_image_crops,same_class_image_crops
10,1,pottedplant,0.39501953125,338.0,90.0,640.0,668.0,invalid,strong,drop,success,success,success,drop,high,drop,llm_final_decision,False,False,tn,0.0,-1,False,keep,drop,True,border_touching|duplicate_cluster|top_score_sanity_check,success,retrieve_same_class_image_crops|retrieve_class_exemplars,same_class_image_crops|class_exemplars
10,2,pottedplant,0.259521484375,3.0,94.0,399.0,668.0,invalid,strong,drop,success,success,success,drop,high,drop,llm_final_decision,False,False,tn,0.0,-1,False,keep,drop,True,uncertain_score_band|border_touching|duplicate_cluster,success,retrieve_same_class_image_crops|retrieve_class_exemplars,same_class_image_crops|class_exemplars
10,3,pottedplant,0.23828125,3.0,93.0,554.0,668.0,invalid,strong,drop,success,success,success,drop,high,drop,llm_final_decision,False,False,tn,0.0,-1,False,keep,drop,True,uncertain_score_band|border_touching|duplicate_cluster,success,retrieve_same_class_image_crops,same_class_image_crops
10,4,pottedplant,0.181884765625,461.0,92.0,640.0,608.0,invalid,strong,drop,success,success,success,drop,high,drop,llm_final_decision,False,False,tn,0.0,-1,False,drop,drop,True,uncertain_score_band|border_touching|duplicate_cluster,success,retrieve_same_class_image_crops|retrieve_class_exemplars,same_class_image_crops|class_exemplars
10,5,pottedplant,0.1502685546875,3.0,89.0,640.0,668.0,invalid,strong,drop,success,success,success,drop,high,drop,llm_final_decision,False,False,tn,0.0,-1,False,drop,drop,True,uncertain_score_band|border_touching|duplicate_cluster,success,retrieve_same_class_image_crops|retrieve_class_exemplars,same_class_image_crops|class_exemplars
12,0,bird,0.287841796875,315.0,199.0,355.0,227.0,invalid,strong,drop,success,success,success,drop,high,drop,llm_final_decision,False,False,tn,0.0,-1,False,keep,drop,True,uncertain_score_band|small_box|top_score_sanity_check,not_called,,
12,1,bird,0.1063232421875,345.0,160.0,375.0,182.0,invalid,strong,drop,success,success,success,drop,high,drop,llm_final_decision,False,False,tn,0.0,-1,False,drop,drop,True,uncertain_score_band|small_box|top_score_sanity_check,not_called,,
13,0,bird,0.2186279296875,89.0,0.0,640.0,829.0,valid,strong,keep,success,success,success,keep,high,keep,llm_final_decision,False,True,tp,0.529615,0,False,keep,keep,True,uncertain_score_band|border_touching|duplicate_cluster|top_score_sanity_check,success,retrieve_same_class_image_crops|retrieve_class_exemplars,same_class_image_crops|class_exemplars
13,1,bird,0.1502685546875,88.0,47.0,637.0,641.0,invalid,strong,drop,success,success,success,drop,high,drop,llm_final_decision,False,True,fn,0.540391,0,False,drop,drop,True,uncertain_score_band|border_touching|duplicate_cluster|top_score_sanity_check,success,retrieve_same_class_image_crops,same_class_image_crops
15,0,pottedplant,0.449462890625,520.0,73.0,577.0,93.0,invalid,strong,drop,success,success,success,drop,high,drop,llm_final_decision,False,False,tn,0.0,-1,False,keep,drop,True,small_box|duplicate_cluster|top_score_sanity_check,success,retrieve_class_exemplars,class_exemplars
15,1,pottedplant,0.393310546875,201.0,74.0,242.0,93.0,invalid,strong,drop,success,success,success,drop,high,drop,llm_final_decision,False,False,tn,0.0,-1,False,keep,drop,True,small_box|duplicate_cluster|top_score_sanity_check,success,retrieve_same_class_image_crops|retrieve_class_exemplars,same_class_image_crops|class_exemplars
15,2,pottedplant,0.350341796875,464.0,73.0,506.0,94.0,invalid,strong,drop,success,success,success,drop,high,drop,llm_final_decision,False,False,tn,0.0,-1,False,keep,drop,True,small_box|duplicate_cluster,success,retrieve_same_class_image_crops|retrieve_class_exemplars,same_class_image_crops|class_exemplars
15,3,pottedplant,0.3447265625,392.0,72.0,449.0,94.0,invalid,strong,drop,success,success,success,drop,high,drop,llm_final_decision,False,False,tn,0.0,-1,False,keep,drop,True,small_box|duplicate_cluster,success,retrieve_same_class_image_crops,same_class_image_crops
15,4,pottedplant,0.2783203125,330.0,73.0,374.0,94.0,invalid,strong,drop,success,success,success,drop,high,drop,llm_final_decision,False,False,tn,0.0,-1,False,keep,drop,True,uncertain_score_band|small_box|duplicate_cluster,success,retrieve_same_class_image_crops,same_class_image_crops
15,5,motorbike,0.2410888671875,521.0,342.0,640.0,627.0,invalid,strong,drop,success,success,success,drop,high,drop,llm_final_decision,False,False,tn,0.0,-1,False,keep,drop,True,uncertain_score_band|border_touching|duplicate_cluster,success,retrieve_same_class_image_crops|retrieve_class_exemplars,same_class_image_crops|class_exemplars
15,6,pottedplant,0.21630859375,259.0,73.0,314.0,94.0,invalid,strong,drop,success,success,success,drop,high,drop,llm_final_decision,False,False,tn,0.0,-1,False,keep,drop,True,uncertain_score_band|small_box,not_called,,
15,7,person,0.202392578125,521.0,342.0,640.0,627.0,invalid,strong,drop,success,success,success,drop,high,drop,llm_final_decision,False,False,tn,0.129492,0,False,keep,drop,True,uncertain_score_band|border_touching|duplicate_cluster,success,retrieve_same_class_image_crops,same_class_image_crops
15,8,sheep,0.16943359375,201.0,74.0,242.0,93.0,invalid,strong,drop,success,success,success,drop,high,drop,llm_final_decision,False,False,tn,0.0,-1,False,drop,drop,True,uncertain_score_band|small_box|duplicate_cluster,success,retrieve_class_exemplars,class_exemplars
15,9,pottedplant,0.15380859375,130.0,71.0,185.0,93.0,invalid,strong,drop,success,success,success,drop,high,drop,llm_final_decision,False,False,tn,0.0,-1,False,drop,drop,True,uncertain_score_band|small_box,not_called,,
15,10,sheep,0.1507568359375,392.0,72.0,449.0,94.0,invalid,strong,drop,success,success,success,drop,high,drop,llm_final_decision,False,False,tn,0.0,-1,False,drop,drop,True,uncertain_score_band|small_box|duplicate_cluster,success,retrieve_class_exemplars,class_exemplars
15,11,sheep,0.1488037109375,464.0,73.0,506.0,94.0,invalid,strong,drop,success,success,success,drop,high,drop,llm_final_decision,False,False,tn,0.0,-1,False,drop,drop,True,uncertain_score_band|small_box|duplicate_cluster,success,retrieve_class_exemplars,class_exemplars
15,12,sheep,0.1444091796875,330.0,73.0,374.0,94.0,invalid,strong,drop,success,success,success,drop,high,drop,llm_final_decision,False,False,tn,0.0,-1,False,drop,drop,True,uncertain_score_band|small_box|duplicate_cluster,success,retrieve_class_exemplars,class_exemplars
15,13,bicycle,0.13427734375,521.0,342.0,640.0,627.0,invalid,strong,drop,success,success,success,drop,high,drop,llm_final_decision,False,False,tn,0.0,-1,False,drop,drop,True,uncertain_score_band|border_touching|duplicate_cluster,success,retrieve_same_class_image_crops,same_class_image_crops
15,14,bottle,0.1202392578125,190.0,456.0,221.0,506.0,invalid,strong,drop,success,success,success,drop,high,drop,llm_final_decision,False,False,tn,0.0,-1,False,drop,drop,True,uncertain_score_band|small_box,not_called,,
15,15,sheep,0.1175537109375,520.0,73.0,577.0,93.0,invalid,strong,drop,success,success,success,drop,high,drop,llm_final_decision,False,False,tn,0.0,-1,False,drop,drop,True,uncertain_score_band|small_box|duplicate_cluster,success,retrieve_class_exemplars,class_exemplars
16,0,bird,0.75341796875,639.0,21.0,640.0,111.0,unavailable,unavailable,drop,not_candidate_heuristic,success,not_called,keep,,keep,deterministic_gate,True,False,fp,0.0,-1,True,keep,keep,False,,not_called,,
16,1,cow,0.27783203125,605.0,328.0,640.0,640.0,invalid,strong,drop,success,success,success,drop,high,drop,llm_final_decision,False,False,tn,0.03382,4,False,keep,drop,True,uncertain_score_band|border_touching|top_score_sanity_check,not_called,,
16,2,person,0.24365234375,628.0,329.0,640.0,425.0,unavailable,unavailable,drop,not_candidate_heuristic,success,not_called,keep,,keep,deterministic_gate,True,False,fp,0.0,-1,True,keep,keep,False,,not_called,,
16,3,cow,0.23974609375,628.0,329.0,640.0,425.0,unavailable,unavailable,drop,not_candidate_heuristic,success,not_called,keep,,keep,deterministic_gate,True,False,fp,0.0,-1,True,keep,keep,False,,not_called,,
16,4,chair,0.1781005859375,23.0,416.0,363.0,640.0,invalid,strong,drop,success,success,success,drop,high,drop,llm_final_decision,False,False,tn,0.0,-1,False,drop,drop,True,uncertain_score_band|border_touching|duplicate_cluster|top_score_sanity_check,success,retrieve_same_class_image_crops,same_class_image_crops
16,5,car,0.1663818359375,0.0,303.0,20.0,369.0,invalid,strong,drop,success,success,success,drop,high,drop,llm_final_decision,False,False,tn,0.0,-1,False,drop,drop,True,uncertain_score_band|border_touching|small_box,not_called,,
16,6,sheep,0.1458740234375,628.0,329.0,640.0,425.0,unavailable,unavailable,drop,not_candidate_heuristic,success,not_called,drop,,drop,deterministic_gate,True,False,tn,0.0,-1,True,drop,drop,False,,not_called,,
16,7,cat,0.1358642578125,318.0,202.0,462.0,271.0,invalid,strong,drop,success,success,success,drop,high,drop,llm_final_decision,False,False,tn,0.116469,1,False,drop,drop,True,uncertain_score_band,not_called,,
16,8,sofa,0.129638671875,24.0,360.0,369.0,640.0,invalid,strong,drop,success,success,success,drop,high,drop,llm_final_decision,False,False,tn,0.0,-1,False,drop,drop,True,uncertain_score_band|border_touching|duplicate_cluster,success,retrieve_same_class_image_crops,same_class_image_crops
16,9,dog,0.11358642578125,628.0,329.0,640.0,425.0,unavailable,unavailable,drop,not_candidate_heuristic,success,not_called,drop,,drop,deterministic_gate,True,False,tn,0.0,-1,True,drop,drop,False,,not_called,,
22,0,chair,0.474609375,1.0,5.0,426.0,625.0,invalid,strong,drop,success,success,success,drop,high,drop,llm_final_decision,False,False,tn,0.054889,0,False,keep,drop,True,border_touching|duplicate_cluster|top_score_sanity_check,success,retrieve_same_class_image_crops,same_class_image_crops
22,1,chair,0.296142578125,69.0,5.0,718.0,625.0,invalid,strong,drop,success,success,success,drop,high,drop,llm_final_decision,False,False,tn,0.042742,1,False,keep,drop,True,uncertain_score_band|border_touching|duplicate_cluster|top_score_sanity_check,success,retrieve_same_class_image_crops|retrieve_class_exemplars,same_class_image_crops|class_exemplars
22,2,chair,0.2509765625,68.0,166.0,414.0,623.0,invalid,strong,drop,success,success,success,drop,high,drop,llm_final_decision,False,False,tn,0.091643,0,False,keep,drop,True,uncertain_score_band|border_touching|duplicate_cluster,success,retrieve_same_class_image_crops|retrieve_class_exemplars,same_class_image_crops|class_exemplars
22,3,chair,0.239013671875,0.0,191.0,135.0,640.0,valid,strong,keep,success,success,success,keep,medium,keep,llm_final_decision,False,False,fp,0.074299,0,False,keep,keep,True,uncertain_score_band|border_touching,not_called,,
22,4,chair,0.204345703125,388.0,483.0,584.0,628.0,invalid,strong,drop,success,success,success,drop,high,drop,llm_final_decision,False,False,tn,0.195532,1,False,keep,drop,True,uncertain_score_band|border_touching,not_called,,
22,5,chair,0.1781005859375,330.0,94.0,718.0,623.0,invalid,strong,drop,success,success,success,drop,high,drop,llm_final_decision,False,False,tn,0.070185,1,False,drop,drop,True,uncertain_score_band|border_touching|duplicate_cluster,success,retrieve_same_class_image_crops|retrieve_class_exemplars,same_class_image_crops|class_exemplars
22,6,chair,0.1458740234375,180.0,167.0,644.0,621.0,invalid,strong,drop,success,success,success,drop,high,drop,llm_final_decision,False,False,tn,0.09101,1,False,drop,drop,True,uncertain_score_band|border_touching|duplicate_cluster,success,retrieve_same_class_image_crops|retrieve_class_exemplars,same_class_image_crops|class_exemplars
22,7,diningtable,0.12744140625,68.0,165.0,718.0,625.0,invalid,strong,drop,success,success,success,drop,high,drop,llm_final_decision,False,False,tn,0.0,-1,False,drop,drop,True,uncertain_score_band|border_touching|duplicate_cluster,success,retrieve_same_class_image_crops|retrieve_class_exemplars,same_class_image_crops|class_exemplars
22,8,diningtable,0.10614013671875,74.0,377.0,718.0,625.0,invalid,strong,drop,success,success,success,drop,high,drop,llm_final_decision,False,False,tn,0.0,-1,False,drop,drop,True,uncertain_score_band|border_touching|duplicate_cluster,success,retrieve_same_class_image_crops|retrieve_class_exemplars,same_class_image_crops|class_exemplars
22,9,diningtable,0.10302734375,588.0,373.0,718.0,620.0,invalid,strong,drop,success,success,success,drop,high,drop,llm_final_decision,False,False,tn,0.0,-1,False,drop,drop,True,uncertain_score_band|border_touching,not_called,,
22,10,diningtable,0.1026611328125,344.0,165.0,718.0,624.0,invalid,strong,drop,success,success,success,drop,high,drop,llm_final_decision,False,False,tn,0.0,-1,False,drop,drop,True,uncertain_score_band|border_touching|duplicate_cluster,success,retrieve_same_class_image_crops|retrieve_class_exemplars,same_class_image_crops|class_exemplars
22,11,chair,0.10089111328125,3.0,3.0,638.0,556.0,invalid,strong,drop,success,success,success,drop,high,drop,llm_final_decision,False,False,tn,0.038024,1,False,drop,drop,True,uncertain_score_band|border_touching|duplicate_cluster,success,retrieve_same_class_image_crops|retrieve_class_exemplars,same_class_image_crops|class_exemplars
23,0,pottedplant,0.310791015625,47.0,36.0,501.0,588.0,invalid,strong,drop,success,success,success,drop,high,drop,llm_final_decision,False,False,tn,0.403723,0,False,keep,drop,True,top_score_sanity_check,not_called,,
23,1,tvmonitor,0.2486572265625,277.0,394.0,850.0,630.0,invalid,strong,drop,success,success,success,drop,high,drop,llm_final_decision,False,False,tn,0.0,-1,False,keep,drop,True,uncertain_score_band|border_touching|duplicate_cluster|top_score_sanity_check,success,retrieve_same_class_image_crops|retrieve_class_exemplars,same_class_image_crops|class_exemplars
23,2,chair,0.173828125,277.0,394.0,850.0,630.0,invalid,strong,drop,success,success,success,drop,high,drop,llm_final_decision,False,False,tn,0.0,-1,False,drop,drop,True,uncertain_score_band|border_touching|duplicate_cluster,success,retrieve_same_class_image_crops,same_class_image_crops
23,3,diningtable,0.169189453125,277.0,394.0,850.0,630.0,invalid,strong,drop,success,success,success,drop,high,drop,llm_final_decision,False,False,tn,0.0,-1,False,drop,drop,True,uncertain_score_band|border_touching|duplicate_cluster,success,retrieve_same_class_image_crops|retrieve_class_exemplars,same_class_image_crops|class_exemplars
23,4,sofa,0.1143798828125,277.0,394.0,850.0,630.0,invalid,strong,drop,success,success,success,drop,high,drop,llm_final_decision,False,False,tn,0.0,-1,False,drop,drop,True,uncertain_score_band|border_touching|duplicate_cluster,success,retrieve_same_class_image_crops|retrieve_class_exemplars,same_class_image_crops|class_exemplars
23,5,car,0.11065673828125,277.0,394.0,850.0,630.0,invalid,strong,drop,success,success,success,drop,high,drop,llm_final_decision,False,False,tn,0.0,-1,False,drop,drop,True,uncertain_score_band|border_touching|duplicate_cluster,success,retrieve_same_class_image_crops,same_class_image_crops
24,0,train,0.791015625,1.0,80.0,640.0,624.0,valid,strong,keep,success,success,success,keep,high,keep,llm_final_decision,False,True,tp,0.53065,0,False,keep,keep,True,border_touching|top_score_sanity_check,not_called,,
28,0,pottedplant,0.33154296875,365.0,1.0,640.0,712.0,invalid,strong,drop,success,success,success,drop,high,drop,llm_final_decision,False,False,tn,0.0,-1,False,keep,drop,True,border_touching|top_score_sanity_check,not_called,,
28,1,bird,0.304931640625,1.0,38.0,333.0,708.0,valid,strong,keep,success,success,success,keep,high,keep,llm_final_decision,False,False,fp,0.252167,0,False,keep,keep,True,border_touching|duplicate_cluster|top_score_sanity_check,success,retrieve_same_class_image_crops|retrieve_class_exemplars,same_class_image_crops|class_exemplars
28,2,bird,0.281005859375,1.0,298.0,331.0,705.0,valid,strong,keep,success,success,success,keep,high,keep,llm_final_decision,False,False,fp,0.418039,0,False,keep,keep,True,uncertain_score_band|border_touching|duplicate_cluster,success,retrieve_same_class_image_crops|retrieve_class_exemplars,same_class_image_crops|class_exemplars
28,3,pottedplant,0.191650390625,1.0,38.0,333.0,708.0,invalid,strong,drop,success,success,success,drop,high,drop,llm_final_decision,False,False,tn,0.0,-1,False,drop,drop,True,uncertain_score_band|border_touching|duplicate_cluster,success,retrieve_same_class_image_crops|retrieve_class_exemplars,same_class_image_crops|class_exemplars
28,4,cat,0.1396484375,1.0,298.0,331.0,705.0,invalid,strong,drop,success,success,success,drop,high,drop,llm_final_decision,False,False,tn,0.0,-1,False,drop,drop,True,uncertain_score_band|border_touching|duplicate_cluster,success,retrieve_same_class_image_crops|retrieve_class_exemplars,same_class_image_crops|class_exemplars
29,0,tvmonitor,0.71044921875,1.0,151.0,320.0,475.0,valid,strong,keep,success,success,success,keep,high,keep,llm_final_decision,False,True,tp,0.753682,0,False,keep,keep,True,border_touching|duplicate_cluster|top_score_sanity_check,success,retrieve_same_class_image_crops|retrieve_class_exemplars,same_class_image_crops|class_exemplars
29,1,chair,0.23583984375,1.0,150.0,530.0,640.0,invalid,strong,drop,success,success,success,drop,high,drop,llm_final_decision,False,False,tn,0.065593,2,False,keep,drop,True,uncertain_score_band|border_touching|duplicate_cluster|top_score_sanity_check,success,retrieve_same_class_image_crops,same_class_image_crops
29,2,chair,0.1995849609375,336.0,505.0,590.0,640.0,valid,strong,keep,success,success,success,keep,high,keep,llm_final_decision,False,False,fp,0.293951,2,False,drop,keep,True,uncertain_score_band|border_touching|duplicate_cluster,success,retrieve_same_class_image_crops|retrieve_class_exemplars,same_class_image_crops|class_exemplars
29,3,chair,0.1993408203125,415.0,505.0,591.0,640.0,valid,strong,keep,success,success,success,keep,high,keep,llm_final_decision,False,False,fp,0.397176,2,False,drop,keep,True,uncertain_score_band|border_touching|duplicate_cluster,success,retrieve_same_class_image_crops|retrieve_class_exemplars,same_class_image_crops|class_exemplars
29,4,cat,0.1632080078125,1.0,151.0,492.0,640.0,invalid,strong,drop,success,success,success,drop,high,drop,llm_final_decision,False,False,tn,0.0,-1,False,drop,drop,True,uncertain_score_band|border_touching|duplicate_cluster,success,retrieve_same_class_image_crops,same_class_image_crops
29,5,chair,0.157958984375,1.0,0.0,685.0,640.0,invalid,strong,drop,success,success,success,drop,high,drop,llm_final_decision,False,False,tn,0.066222,2,False,drop,drop,True,uncertain_score_band|border_touching|duplicate_cluster,success,retrieve_same_class_image_crops,same_class_image_crops
29,6,tvmonitor,0.132568359375,1.0,150.0,530.0,640.0,invalid,strong,drop,success,success,success,drop,high,drop,llm_final_decision,False,False,tn,0.300608,0,False,drop,drop,True,uncertain_score_band|border_touching|duplicate_cluster,success,retrieve_same_class_image_crops|retrieve_class_exemplars,same_class_image_crops|class_exemplars
29,7,diningtable,0.1048583984375,3.0,444.0,500.0,640.0,invalid,strong,drop,success,success,success,drop,high,drop,llm_final_decision,False,False,tn,0.0,-1,False,drop,drop,True,uncertain_score_band|border_touching,not_called,,
29,8,diningtable,0.1041259765625,1.0,0.0,685.0,640.0,invalid,strong,drop,success,success,success,drop,high,drop,llm_final_decision,False,False,tn,0.0,-1,False,drop,drop,True,uncertain_score_band|border_touching|duplicate_cluster,success,retrieve_same_class_image_crops|retrieve_class_exemplars,same_class_image_crops|class_exemplars
30,0,person,0.638671875,188.0,350.0,433.0,682.0,valid,strong,keep,success,success,success,keep,high,keep,llm_final_decision,False,False,fp,0.495772,1,False,keep,keep,True,duplicate_cluster|top_score_sanity_check,success,retrieve_same_class_image_crops,same_class_image_crops
30,1,person,0.6103515625,459.0,127.0,603.0,301.0,valid,strong,keep,success,success,success,keep,high,keep,llm_final_decision,False,True,tp,0.532761,4,False,keep,keep,True,top_score_sanity_check,not_called,,
30,2,person,0.42529296875,3.0,153.0,197.0,295.0,valid,strong,keep,success,success,success,keep,medium,keep,llm_final_decision,False,True,tp,0.889059,8,False,keep,keep,True,border_touching,not_called,,
30,3,person,0.325439453125,312.0,422.0,579.0,722.0,invalid,strong,drop,success,success,success,drop,high,drop,llm_final_decision,False,True,fn,0.58244,2,False,keep,drop,True,border_touching|duplicate_cluster,success,retrieve_same_class_image_crops,same_class_image_crops
30,4,person,0.32177734375,525.0,313.0,640.0,587.0,valid,strong,keep,success,success,success,keep,medium,keep,llm_final_decision,False,False,fp,0.43104,3,False,keep,keep,True,border_touching,not_called,,
30,5,chair,0.31494140625,312.0,422.0,579.0,722.0,invalid,strong,drop,success,success,success,drop,high,drop,llm_final_decision,False,True,fn,0.520364,12,False,keep,drop,True,border_touching|duplicate_cluster,success,retrieve_same_class_image_crops|retrieve_class_exemplars,same_class_image_crops|class_exemplars
30,6,bottle,0.282958984375,329.0,82.0,380.0,151.0,invalid,strong,drop,success,success,success,drop,high,drop,llm_final_decision,False,False,tn,0.0,-1,False,keep,drop,True,uncertain_score_band,not_called,,
30,7,person,0.27392578125,382.0,89.0,447.0,152.0,invalid,strong,drop,success,success,success,drop,high,drop,llm_final_decision,False,False,tn,0.080705,5,False,keep,drop,True,uncertain_score_band,not_called,,
30,8,chair,0.21630859375,0.0,384.0,163.0,582.0,valid,strong,keep,success,success,success,keep,medium,keep,llm_final_decision,False,True,tp,0.965548,10,False,keep,keep,True,uncertain_score_band|border_touching|duplicate_cluster,success,retrieve_same_class_image_crops|retrieve_class_exemplars,same_class_image_crops|class_exemplars
30,9,chair,0.1650390625,188.0,350.0,433.0,682.0,invalid,strong,drop,success,success,success,drop,high,drop,llm_final_decision,False,False,tn,0.294202,11,False,drop,drop,True,uncertain_score_band|duplicate_cluster,success,retrieve_same_class_image_crops|retrieve_class_exemplars,same_class_image_crops|class_exemplars
30,10,tvmonitor,0.1556396484375,1.0,275.0,203.0,582.0,invalid,strong,drop,success,success,success,drop,high,drop,llm_final_decision,False,False,tn,0.0,-1,False,drop,drop,True,uncertain_score_band|border_touching|duplicate_cluster,success,retrieve_same_class_image_crops|retrieve_class_exemplars,same_class_image_crops|class_exemplars
30,11,person,0.1492919921875,1.0,153.0,151.0,583.0,invalid,strong,drop,success,success,success,drop,high,drop,llm_final_decision,False,True,fn,0.587499,0,False,drop,drop,True,uncertain_score_band|border_touching|duplicate_cluster,success,retrieve_same_class_image_crops,same_class_image_crops
30,12,person,0.134521484375,1.0,275.0,203.0,582.0,invalid,strong,drop,success,success,success,drop,high,drop,llm_final_decision,False,True,fn,0.618042,0,False,drop,drop,True,uncertain_score_band|border_touching|duplicate_cluster,success,retrieve_same_class_image_crops,same_class_image_crops
30,13,person,0.12042236328125,1.0,280.0,143.0,583.0,invalid,strong,drop,success,success,success,drop,high,drop,llm_final_decision,False,True,fn,0.782776,0,False,drop,drop,True,uncertain_score_band|border_touching|duplicate_cluster,success,retrieve_same_class_image_crops,same_class_image_crops
30,14,person,0.11181640625,0.0,153.0,200.0,537.0,invalid,strong,drop,success,success,success,drop,high,drop,llm_final_decision,False,True,fn,0.504854,0,False,drop,drop,True,uncertain_score_band|border_touching|duplicate_cluster,success,retrieve_same_class_image_crops,same_class_image_crops
30,15,person,0.1044921875,452.0,128.0,640.0,588.0,invalid,strong,drop,success,success,success,drop,high,drop,llm_final_decision,False,False,tn,0.347613,3,False,drop,drop,True,uncertain_score_band|border_touching,not_called,,
32,0,bottle,0.87060546875,289.0,279.0,382.0,495.0,invalid,strong,drop,success,success,success,drop,high,drop,llm_final_decision,False,False,tn,0.060212,0,False,keep,drop,True,top_score_sanity_check,not_called,,
32,1,person,0.421630859375,10.0,30.0,546.0,604.0,invalid,strong,drop,success,success,success,drop,high,drop,llm_final_decision,False,False,tn,0.264615,2,False,keep,drop,True,border_touching|duplicate_cluster|top_score_sanity_check,success,retrieve_same_class_image_crops|retrieve_class_exemplars,same_class_image_crops|class_exemplars
32,2,person,0.25732421875,286.0,7.0,746.0,406.0,invalid,strong,drop,success,success,success,drop,high,drop,llm_final_decision,False,False,tn,0.44761,3,False,keep,drop,True,uncertain_score_band|border_touching|duplicate_cluster,success,retrieve_same_class_image_crops,same_class_image_crops
32,3,person,0.2098388671875,412.0,7.0,746.0,548.0,valid,strong,keep,success,success,success,keep,medium,keep,llm_final_decision,False,False,fp,0.409869,3,False,keep,keep,True,uncertain_score_band|border_touching|duplicate_cluster,success,retrieve_same_class_image_crops|retrieve_class_exemplars,same_class_image_crops|class_exemplars
32,4,diningtable,0.167236328125,2.0,380.0,746.0,627.0,valid,strong,keep,success,success,success,keep,high,keep,llm_final_decision,False,True,tp,0.736646,4,False,drop,keep,True,uncertain_score_band|border_touching,not_called,,
32,5,person,0.159423828125,3.0,5.0,746.0,549.0,invalid,strong,drop,success,success,success,drop,high,drop,llm_final_decision,False,False,tn,0.230306,3,False,drop,drop,True,uncertain_score_band|border_touching|duplicate_cluster,success,retrieve_same_class_image_crops,same_class_image_crops
32,6,person,0.1175537109375,51.0,29.0,550.0,449.0,invalid,strong,drop,success,success,success,drop,high,drop,llm_final_decision,False,False,tn,0.390438,2,False,drop,drop,True,uncertain_score_band|duplicate_cluster,success,retrieve_same_class_image_crops,same_class_image_crops
33,0,train,0.95458984375,99.0,11.0,896.0,582.0,valid,strong,keep,success,success,success,keep,high,keep,llm_final_decision,False,True,tp,0.862671,0,False,keep,keep,True,border_touching|top_score_sanity_check,not_called,,
34,0,chair,0.440673828125,133.0,475.0,233.0,635.0,invalid,strong,drop,success,success,success,drop,high,drop,llm_final_decision,False,False,tn,0.0,-1,False,keep,drop,True,border_touching|duplicate_cluster|top_score_sanity_check,success,retrieve_same_class_image_crops|retrieve_class_exemplars,same_class_image_crops|class_exemplars
34,1,chair,0.258056640625,134.0,474.0,228.0,535.0,invalid,strong,drop,success,success,success,drop,high,drop,llm_final_decision,False,False,tn,0.0,-1,False,keep,drop,True,uncertain_score_band|top_score_sanity_check,not_called,,
34,2,chair,0.2340087890625,1.0,465.0,234.0,640.0,invalid,strong,drop,success,success,success,drop,high,drop,llm_final_decision,False,False,tn,0.0,-1,False,keep,drop,True,uncertain_score_band|border_touching|duplicate_cluster,success,retrieve_same_class_image_crops|retrieve_class_exemplars,same_class_image_crops|class_exemplars
34,3,diningtable,0.161376953125,1.0,515.0,233.0,640.0,invalid,strong,drop,success,success,success,drop,high,drop,llm_final_decision,False,False,tn,0.0,-1,False,drop,drop,True,uncertain_score_band|border_touching|duplicate_cluster,success,retrieve_same_class_image_crops|retrieve_class_exemplars,same_class_image_crops|class_exemplars
34,4,chair,0.15283203125,62.0,472.0,233.0,638.0,invalid,strong,drop,success,success,success,drop,high,drop,llm_final_decision,False,False,tn,0.0,-1,False,drop,drop,True,uncertain_score_band|border_touching|duplicate_cluster,success,retrieve_same_class_image_crops|retrieve_class_exemplars,same_class_image_crops|class_exemplars
34,5,bottle,0.103759765625,769.0,577.0,827.0,626.0,invalid,strong,drop,success,success,success,drop,high,drop,llm_final_decision,False,False,tn,0.0,-1,False,drop,drop,True,uncertain_score_band|border_touching,not_called,,
35,0,person,0.7919921875,361.0,483.0,471.0,613.0,invalid,strong,drop,success,success,success,drop,high,drop,llm_final_decision,False,False,tn,0.0,-1,False,keep,drop,True,top_score_sanity_check,not_called,,
35,1,bus,0.1597900390625,1.0,19.0,640.0,613.0,invalid,strong,drop,success,success,success,drop,high,drop,llm_final_decision,False,False,tn,0.0,-1,False,drop,drop,True,uncertain_score_band|border_touching|duplicate_cluster|top_score_sanity_check,success,retrieve_same_class_image_crops|retrieve_class_exemplars,same_class_image_crops|class_exemplars
35,2,train,0.1470947265625,1.0,19.0,640.0,613.0,invalid,strong,drop,success,success,success,drop,high,drop,llm_final_decision,False,False,tn,0.0,-1,False,drop,drop,True,uncertain_score_band|border_touching|duplicate_cluster,success,retrieve_class_exemplars,class_exemplars
36,0,person,0.5048828125,541.0,150.0,640.0,487.0,invalid,strong,drop,success,success,success,drop,high,drop,llm_final_decision,False,False,tn,0.0,-1,False,keep,drop,True,border_touching|duplicate_cluster|top_score_sanity_check,success,retrieve_same_class_image_crops,same_class_image_crops
36,1,person,0.1497802734375,398.0,150.0,640.0,474.0,invalid,strong,drop,success,success,success,drop,high,drop,llm_final_decision,False,False,tn,0.094098,0,False,drop,drop,True,uncertain_score_band|border_touching|duplicate_cluster|top_score_sanity_check,success,retrieve_same_class_image_crops,same_class_image_crops
36,2,car,0.1458740234375,7.0,326.0,640.0,574.0,invalid,strong,drop,success,success,success,drop,high,drop,llm_final_decision,False,False,tn,0.0,-1,False,drop,drop,True,uncertain_score_band|border_touching|duplicate_cluster,success,retrieve_same_class_image_crops,same_class_image_crops
36,3,motorbike,0.1300048828125,7.0,326.0,640.0,574.0,invalid,strong,drop,success,success,success,drop,high,drop,llm_final_decision,False,False,tn,0.0,-1,False,drop,drop,True,uncertain_score_band|border_touching|duplicate_cluster,success,retrieve_same_class_image_crops|retrieve_class_exemplars,same_class_image_crops|class_exemplars
40,0,tvmonitor,0.56787109375,54.0,191.0,369.0,498.0,invalid,strong,drop,success,success,success,drop,high,drop,llm_final_decision,False,False,tn,0.476023,0,False,keep,drop,True,top_score_sanity_check,not_called,,
40,1,pottedplant,0.4755859375,882.0,168.0,883.0,232.0,unavailable,unavailable,drop,not_candidate_heuristic,success,not_called,keep,,keep,deterministic_gate,True,False,fp,0.0,-1,True,keep,keep,False,,not_called,,
40,2,pottedplant,0.320068359375,401.0,170.0,569.0,503.0,invalid,strong,drop,success,success,success,drop,high,drop,llm_final_decision,False,False,tn,0.019584,5,False,keep,drop,True,duplicate_cluster|top_score_sanity_check,success,retrieve_same_class_image_crops,same_class_image_crops
40,3,person,0.299560546875,217.0,288.0,284.0,384.0,invalid,strong,drop,success,success,success,drop,high,drop,llm_final_decision,False,False,tn,0.0,-1,False,keep,drop,True,uncertain_score_band,not_called,,
40,4,chair,0.25244140625,715.0,235.0,883.0,640.0,invalid,strong,drop,success,success,success,drop,high,drop,llm_final_decision,False,False,tn,0.0,-1,False,keep,drop,True,uncertain_score_band|border_touching|duplicate_cluster,success,retrieve_same_class_image_crops,same_class_image_crops
40,5,pottedplant,0.21728515625,882.0,229.0,883.0,318.0,unavailable,unavailable,drop,not_candidate_heuristic,success,not_called,keep,,keep,deterministic_gate,True,False,fp,0.0,-1,True,keep,keep,False,,not_called,,
40,6,tvmonitor,0.186279296875,121.0,283.0,364.0,419.0,invalid,strong,drop,success,success,success,drop,high,drop,llm_final_decision,False,False,tn,0.243833,0,False,drop,drop,True,uncertain_score_band|duplicate_cluster,success,retrieve_same_class_image_crops,same_class_image_crops
40,7,sofa,0.18212890625,715.0,235.0,883.0,640.0,invalid,strong,drop,success,success,success,drop,high,drop,llm_final_decision,False,False,tn,0.0,-1,False,drop,drop,True,uncertain_score_band|border_touching|duplicate_cluster,success,retrieve_same_class_image_crops|retrieve_class_exemplars,same_class_image_crops|class_exemplars
40,8,chair,0.1744384765625,788.0,253.0,883.0,449.0,invalid,strong,drop,success,success,success,drop,high,drop,llm_final_decision,False,False,tn,0.0,-1,False,drop,drop,True,uncertain_score_band|border_touching|duplicate_cluster,success,retrieve_same_class_image_crops,same_class_image_crops
40,9,chair,0.1414794921875,713.0,452.0,883.0,640.0,invalid,strong,drop,success,success,success,drop,high,drop,llm_final_decision,False,False,tn,0.0,-1,False,drop,drop,True,uncertain_score_band|border_touching|duplicate_cluster,success,retrieve_same_class_image_crops,same_class_image_crops
40,10,person,0.138916015625,167.0,313.0,214.0,417.0,invalid,strong,drop,success,success,success,drop,high,drop,llm_final_decision,False,False,tn,0.0,-1,False,drop,drop,True,uncertain_score_band,not_called,,
40,11,chair,0.1336669921875,825.0,237.0,883.0,403.0,invalid,strong,drop,success,success,success,drop,high,drop,llm_final_decision,False,False,tn,0.0,-1,False,drop,drop,True,uncertain_score_band|border_touching|duplicate_cluster,success,retrieve_same_class_image_crops,same_class_image_crops
40,12,pottedplant,0.1304931640625,373.0,171.0,571.0,422.0,invalid,strong,drop,success,success,success,drop,high,drop,llm_final_decision,False,False,tn,0.110241,5,False,drop,drop,True,uncertain_score_band|duplicate_cluster,success,retrieve_same_class_image_crops,same_class_image_crops
40,13,person,0.129638671875,121.0,283.0,364.0,419.0,invalid,strong,drop,success,success,success,drop,high,drop,llm_final_decision,False,False,tn,0.0,-1,False,drop,drop,True,uncertain_score_band|duplicate_cluster,success,retrieve_same_class_image_crops,same_class_image_crops
40,14,pottedplant,0.125732421875,824.0,231.0,883.0,323.0,invalid,strong,drop,success,success,success,drop,high,drop,llm_final_decision,False,False,tn,0.0,-1,False,drop,drop,True,uncertain_score_band|border_touching|duplicate_cluster,success,retrieve_same_class_image_crops|retrieve_class_exemplars,same_class_image_crops|class_exemplars
40,15,person,0.10650634765625,711.0,429.0,883.0,640.0,valid,strong,keep,success,success,success,keep,medium,keep,llm_final_decision,False,False,fp,0.130172,1,False,drop,keep,True,uncertain_score_band|border_touching|duplicate_cluster,success,retrieve_same_class_image_crops,same_class_image_crops
43,0,aeroplane,0.297119140625,177.0,6.0,640.0,729.0,invalid,strong,drop,success,success,success,drop,high,drop,llm_final_decision,False,False,tn,0.0,-1,False,keep,drop,True,uncertain_score_band|border_touching|duplicate_cluster|top_score_sanity_check,success,retrieve_class_exemplars,class_exemplars
43,1,motorbike,0.1871337890625,177.0,6.0,640.0,729.0,invalid,strong,drop,success,success,success,drop,high,drop,llm_final_decision,False,False,tn,0.0,-1,False,drop,drop,True,uncertain_score_band|border_touching|duplicate_cluster|top_score_sanity_check,success,retrieve_same_class_image_crops|retrieve_class_exemplars,same_class_image_crops|class_exemplars
43,2,boat,0.1563720703125,177.0,6.0,640.0,729.0,invalid,strong,drop,success,success,success,drop,high,drop,llm_final_decision,False,False,tn,0.07214,1,False,drop,drop,True,uncertain_score_band|border_touching|duplicate_cluster,success,retrieve_same_class_image_crops,same_class_image_crops
44,0,bird,0.2509765625,742.0,54.0,976.0,446.0,valid,strong,keep,success,success,success,keep,high,keep,llm_final_decision,False,False,fp,0.199303,0,False,keep,keep,True,uncertain_score_band|top_score_sanity_check,not_called,,
44,1,bird,0.2425537109375,130.0,56.0,975.0,640.0,valid,strong,keep,success,success,success,keep,high,keep,llm_final_decision,False,True,tp,0.744122,0,False,keep,keep,True,uncertain_score_band|border_touching|duplicate_cluster|top_score_sanity_check,success,retrieve_same_class_image_crops|retrieve_class_exemplars,same_class_image_crops|class_exemplars
44,2,cat,0.10015869140625,130.0,56.0,975.0,640.0,invalid,strong,drop,success,success,success,drop,high,drop,llm_final_decision,False,False,tn,0.0,-1,False,drop,drop,True,uncertain_score_band|border_touching|duplicate_cluster,success,retrieve_same_class_image_crops,same_class_image_crops
46,0,boat,0.26318359375,46.0,190.0,640.0,662.0,invalid,strong,drop,success,success,success,drop,high,drop,llm_final_decision,False,False,tn,0.0,-1,False,keep,drop,True,uncertain_score_band|border_touching|duplicate_cluster|top_score_sanity_check,success,retrieve_class_exemplars,class_exemplars
46,1,train,0.227783203125,46.0,190.0,640.0,662.0,valid,strong,keep,success,success,success,keep,high,keep,llm_final_decision,False,False,fp,0.259931,0,False,keep,keep,True,uncertain_score_band|border_touching|duplicate_cluster|top_score_sanity_check,success,retrieve_same_class_image_crops|retrieve_class_exemplars,same_class_image_crops|class_exemplars
46,2,train,0.10321044921875,35.0,453.0,640.0,655.0,invalid,strong,drop,success,success,success,drop,high,drop,llm_final_decision,False,False,tn,0.0,-1,False,drop,drop,True,uncertain_score_band|border_touching|duplicate_cluster,success,retrieve_same_class_image_crops,same_class_image_crops
46,3,motorbike,0.1007080078125,30.0,488.0,298.0,668.0,invalid,strong,drop,success,success,success,drop,high,drop,llm_final_decision,False,False,tn,0.0,-1,False,drop,drop,True,uncertain_score_band|border_touching,not_called,,
47,0,boat,0.24072265625,741.0,562.0,815.0,640.0,invalid,strong,drop,success,success,success,drop,high,drop,llm_final_decision,False,False,tn,0.0,-1,False,keep,drop,True,uncertain_score_band|border_touching|top_score_sanity_check,not_called,,
47,1,boat,0.16455078125,753.0,639.0,815.0,640.0,unavailable,unavailable,drop,not_candidate_heuristic,success,not_called,drop,,drop,deterministic_gate,True,False,tn,0.0,-1,True,drop,drop,False,,not_called,,
47,2,boat,0.154541015625,715.0,492.0,815.0,640.0,invalid,strong,drop,success,success,success,drop,high,drop,llm_final_decision,False,False,tn,0.0,-1,False,drop,drop,True,uncertain_score_band|border_touching|top_score_sanity_check,not_called,,
47,3,bottle,0.11395263671875,120.0,582.0,280.0,640.0,invalid,strong,drop,success,success,success,drop,high,drop,llm_final_decision,False,False,tn,0.0,-1,False,drop,drop,True,uncertain_score_band|border_touching,not_called,,
49,0,person,0.251220703125,149.0,1.0,640.0,800.0,valid,strong,keep,success,success,success,keep,medium,keep,llm_final_decision,False,False,fp,0.28124,1,False,keep,keep,True,uncertain_score_band|border_touching|top_score_sanity_check,not_called,,
49,1,bottle,0.10540771484375,47.0,323.0,109.0,406.0,valid,strong,keep,success,success,success,keep,high,keep,llm_final_decision,False,False,fp,0.162846,2,False,drop,keep,True,uncertain_score_band|top_score_sanity_check,not_called,,
51,0,boat,0.1143798828125,656.0,229.0,1203.0,640.0,invalid,strong,drop,success,success,success,drop,high,drop,llm_final_decision,False,False,tn,0.0,-1,False,drop,drop,True,uncertain_score_band|border_touching|top_score_sanity_check,not_called,,
51,1,boat,0.1077880859375,10.0,0.0,498.0,640.0,invalid,strong,drop,success,success,success,drop,high,drop,llm_final_decision,False,False,tn,0.0,-1,False,drop,drop,True,uncertain_score_band|border_touching|top_score_sanity_check,not_called,,
52,0,car,0.85546875,168.0,383.0,485.0,573.0,valid,strong,keep,success,success,success,keep,high,keep,llm_final_decision,False,True,tp,0.75907,1,False,keep,keep,True,duplicate_cluster|top_score_sanity_check,success,retrieve_same_class_image_crops,same_class_image_crops
52,1,car,0.391357421875,127.0,295.0,483.0,571.0,invalid,strong,drop,success,success,success,drop,high,drop,llm_final_decision,False,True,fn,0.587488,1,False,keep,drop,True,duplicate_cluster|top_score_sanity_check,success,retrieve_same_class_image_crops,same_class_image_crops
52,2,car,0.312255859375,127.0,297.0,473.0,477.0,invalid,strong,drop,success,success,success,drop,high,drop,llm_final_decision,False,True,fn,0.74605,0,False,keep,drop,True,duplicate_cluster,success,retrieve_same_class_image_crops,same_class_image_crops
54,0,car,0.3037109375,622.0,455.0,640.0,532.0,invalid,strong,drop,success,success,success,drop,high,drop,llm_final_decision,False,False,tn,0.0,-1,False,keep,drop,True,border_touching|small_box|top_score_sanity_check,not_called,,
54,1,car,0.28857421875,14.0,452.0,640.0,536.0,invalid,strong,drop,success,success,success,drop,high,drop,llm_final_decision,False,False,tn,0.107941,0,False,keep,drop,True,uncertain_score_band|border_touching|duplicate_cluster|top_score_sanity_check,success,retrieve_same_class_image_crops,same_class_image_crops
54,2,boat,0.1307373046875,14.0,452.0,640.0,536.0,invalid,strong,drop,success,success,success,drop,high,drop,llm_final_decision,False,False,tn,0.0,-1,False,drop,drop,True,uncertain_score_band|border_touching|duplicate_cluster,success,retrieve_same_class_image_crops|retrieve_class_exemplars,same_class_image_crops|class_exemplars
54,3,car,0.1190185546875,493.0,455.0,640.0,533.0,invalid,strong,drop,success,success,success,drop,high,drop,llm_final_decision,False,False,tn,0.150256,1,False,drop,drop,True,uncertain_score_band|border_touching,not_called,,
54,4,car,0.11676025390625,241.0,453.0,640.0,533.0,invalid,strong,drop,success,success,success,drop,high,drop,llm_final_decision,False,False,tn,0.151438,1,False,drop,drop,True,uncertain_score_band|border_touching|duplicate_cluster,success,retrieve_same_class_image_crops|retrieve_class_exemplars,same_class_image_crops|class_exemplars
56,0,aeroplane,0.72412109375,552.0,347.0,854.0,444.0,invalid,strong,drop,success,success,success,drop,high,drop,llm_final_decision,False,True,fn,0.577553,1,False,keep,drop,True,border_touching|duplicate_cluster|top_score_sanity_check,success,retrieve_same_class_image_crops|retrieve_class_exemplars,same_class_image_crops|class_exemplars
56,1,aeroplane,0.56396484375,0.0,162.0,558.0,476.0,invalid,strong,drop,success,success,success,drop,high,drop,llm_final_decision,False,False,tn,0.371735,0,False,keep,drop,True,border_touching|duplicate_cluster|top_score_sanity_check,success,retrieve_same_class_image_crops|retrieve_class_exemplars,same_class_image_crops|class_exemplars
56,2,aeroplane,0.29052734375,654.0,348.0,854.0,441.0,valid,strong,keep,success,success,success,keep,medium,keep,llm_final_decision,False,True,tp,0.589589,1,False,keep,keep,True,uncertain_score_band|border_touching|duplicate_cluster,success,retrieve_same_class_image_crops|retrieve_class_exemplars,same_class_image_crops|class_exemplars
56,3,aeroplane,0.2237548828125,422.0,347.0,854.0,446.0,invalid,strong,drop,success,success,success,drop,high,drop,llm_final_decision,False,False,tn,0.414922,1,False,keep,drop,True,uncertain_score_band|border_touching|duplicate_cluster,success,retrieve_same_class_image_crops|retrieve_class_exemplars,same_class_image_crops|class_exemplars
56,4,aeroplane,0.2210693359375,552.0,386.0,753.0,446.0,invalid,strong,drop,success,success,success,drop,high,drop,llm_final_decision,False,False,tn,0.239765,1,False,keep,drop,True,uncertain_score_band,not_called,,
56,5,aeroplane,0.19873046875,1.0,261.0,551.0,475.0,invalid,strong,drop,success,success,success,drop,high,drop,llm_final_decision,False,True,fn,0.553571,0,False,drop,drop,True,uncertain_score_band|border_touching|duplicate_cluster,success,retrieve_same_class_image_crops|retrieve_class_exemplars,same_class_image_crops|class_exemplars
56,6,aeroplane,0.135498046875,654.0,393.0,760.0,441.0,valid,strong,keep,success,success,success,keep,high,keep,llm_final_decision,False,False,fp,0.186057,1,False,drop,keep,True,uncertain_score_band,not_called,,
56,7,aeroplane,0.1199951171875,0.0,159.0,854.0,474.0,invalid,strong,drop,success,success,success,drop,high,drop,llm_final_decision,False,False,tn,0.239051,0,False,drop,drop,True,uncertain_score_band|border_touching|duplicate_cluster,success,retrieve_same_class_image_crops|retrieve_class_exemplars,same_class_image_crops|class_exemplars
56,8,aeroplane,0.11474609375,0.0,268.0,387.0,475.0,valid,strong,keep,success,success,success,keep,medium,keep,llm_final_decision,False,True,tp,0.77082,0,False,drop,keep,True,uncertain_score_band|border_touching|duplicate_cluster,success,retrieve_same_class_image_crops|retrieve_class_exemplars,same_class_image_crops|class_exemplars
56,9,aeroplane,0.10821533203125,1.0,368.0,46.0,398.0,invalid,strong,drop,success,success,success,drop,high,drop,llm_final_decision,False,False,tn,0.016466,0,False,drop,drop,True,uncertain_score_band|border_touching|small_box,not_called,,
56,10,aeroplane,0.10052490234375,0.0,1.0,550.0,482.0,valid,strong,keep,success,success,success,keep,high,keep,llm_final_decision,False,False,fp,0.24641,0,False,drop,keep,True,uncertain_score_band|border_touching|duplicate_cluster,success,retrieve_same_class_image_crops|retrieve_class_exemplars,same_class_image_crops|class_exemplars
57,0,bus,0.21142578125,108.0,1.0,805.0,640.0,invalid,strong,drop,success,success,success,drop,high,drop,llm_final_decision,False,False,tn,0.0,-1,False,keep,drop,True,uncertain_score_band|border_touching|duplicate_cluster|top_score_sanity_check,success,retrieve_same_class_image_crops|retrieve_class_exemplars,same_class_image_crops|class_exemplars
57,1,boat,0.1602783203125,108.0,1.0,805.0,640.0,invalid,strong,drop,success,success,success,drop,high,drop,llm_final_decision,False,False,tn,0.0,-1,False,drop,drop,True,uncertain_score_band|border_touching|duplicate_cluster|top_score_sanity_check,success,retrieve_same_class_image_crops|retrieve_class_exemplars,same_class_image_crops|class_exemplars
57,2,aeroplane,0.1361083984375,108.0,1.0,805.0,640.0,invalid,strong,drop,success,success,success,drop,high,drop,llm_final_decision,False,False,tn,0.0,-1,False,drop,drop,True,uncertain_score_band|border_touching|duplicate_cluster,success,retrieve_same_class_image_crops,same_class_image_crops
57,3,car,0.115966796875,108.0,1.0,805.0,640.0,valid,strong,keep,success,success,success,keep,medium,keep,llm_final_decision,False,False,fp,0.090518,1,False,drop,keep,True,uncertain_score_band|border_touching|duplicate_cluster,success,retrieve_same_class_image_crops|retrieve_class_exemplars,same_class_image_crops|class_exemplars
58,0,diningtable,0.70068359375,10.0,345.0,640.0,671.0,invalid,strong,drop,success,success,success,drop,high,drop,llm_final_decision,False,False,tn,0.0,-1,False,keep,drop,True,border_touching|top_score_sanity_check,not_called,,
58,1,tvmonitor,0.56396484375,530.0,250.0,640.0,318.0,invalid,strong,drop,success,success,success,drop,high,drop,llm_final_decision,False,False,tn,0.0,-1,False,keep,drop,True,border_touching|duplicate_cluster|top_score_sanity_check,success,retrieve_same_class_image_crops|retrieve_class_exemplars,same_class_image_crops|class_exemplars
58,2,chair,0.30126953125,639.0,305.0,640.0,363.0,unavailable,unavailable,drop,not_candidate_heuristic,success,not_called,keep,,keep,deterministic_gate,True,False,fp,0.0,-1,True,keep,keep,False,,not_called,,
58,3,chair,0.240478515625,309.0,248.0,640.0,413.0,invalid,strong,drop,success,success,success,drop,high,drop,llm_final_decision,False,False,tn,0.0,-1,False,keep,drop,True,uncertain_score_band|border_touching|duplicate_cluster,success,retrieve_same_class_image_crops|retrieve_class_exemplars,same_class_image_crops|class_exemplars
58,4,tvmonitor,0.2108154296875,477.0,249.0,640.0,367.0,invalid,strong,drop,success,success,success,drop,high,drop,llm_final_decision,False,False,tn,0.0,-1,False,keep,drop,True,uncertain_score_band|border_touching|duplicate_cluster,success,retrieve_same_class_image_crops|retrieve_class_exemplars,same_class_image_crops|class_exemplars
58,5,tvmonitor,0.2021484375,411.0,248.0,640.0,320.0,invalid,strong,drop,success,success,success,drop,high,drop,llm_final_decision,False,False,tn,0.0,-1,False,keep,drop,True,uncertain_score_band|border_touching|duplicate_cluster,success,retrieve_same_class_image_crops|retrieve_class_exemplars,same_class_image_crops|class_exemplars
58,6,chair,0.1483154296875,639.0,289.0,640.0,347.0,unavailable,unavailable,drop,not_candidate_heuristic,success,not_called,drop,,drop,deterministic_gate,True,False,tn,0.0,-1,True,drop,drop,False,,not_called,,
58,7,chair,0.139892578125,49.0,323.0,161.0,375.0,invalid,strong,drop,success,success,success,drop,high,drop,llm_final_decision,False,False,tn,0.0,-1,False,drop,drop,True,uncertain_score_band,not_called,,
58,8,chair,0.13232421875,639.0,307.0,640.0,366.0,unavailable,unavailable,drop,not_candidate_heuristic,success,not_called,drop,,drop,deterministic_gate,True,False,tn,0.0,-1,True,drop,drop,False,,not_called,,
58,9,tvmonitor,0.1309814453125,308.0,249.0,640.0,372.0,invalid,strong,drop,success,success,success,drop,high,drop,llm_final_decision,False,False,tn,0.0,-1,False,drop,drop,True,uncertain_score_band|border_touching|duplicate_cluster,success,retrieve_same_class_image_crops|retrieve_class_exemplars,same_class_image_crops|class_exemplars
58,10,person,0.12445068359375,309.0,248.0,640.0,413.0,invalid,strong,drop,success,success,success,drop,high,drop,llm_final_decision,False,False,tn,0.0,-1,False,drop,drop,True,uncertain_score_band|border_touching|duplicate_cluster,success,retrieve_same_class_image_crops|retrieve_class_exemplars,same_class_image_crops|class_exemplars
58,11,chair,0.12420654296875,639.0,293.0,640.0,355.0,unavailable,unavailable,drop,not_candidate_heuristic,success,not_called,drop,,drop,deterministic_gate,True,False,tn,0.0,-1,True,drop,drop,False,,not_called,,
61,0,bottle,0.8818359375,109.0,323.0,185.0,509.0,invalid,strong,drop,success,success,success,drop,high,drop,llm_final_decision,False,False,tn,0.227798,0,False,keep,drop,True,top_score_sanity_check,not_called,,
61,1,diningtable,0.330322265625,3.0,467.0,362.0,556.0,valid,strong,keep,success,success,success,keep,medium,keep,llm_final_decision,False,False,fp,0.0,-1,False,keep,keep,True,border_touching|top_score_sanity_check,not_called,,
61,2,boat,0.1865234375,332.0,197.0,640.0,542.0,invalid,strong,drop,success,success,success,drop,high,drop,llm_final_decision,False,False,tn,0.0,-1,False,drop,drop,True,uncertain_score_band|border_touching|duplicate_cluster,success,retrieve_same_class_image_crops,same_class_image_crops
61,3,pottedplant,0.1629638671875,6.0,90.0,245.0,202.0,invalid,strong,drop,success,success,success,drop,high,drop,llm_final_decision,False,False,tn,0.0,-1,False,drop,drop,True,uncertain_score_band|border_touching,not_called,,
61,4,bus,0.158935546875,639.0,247.0,640.0,313.0,unavailable,unavailable,drop,not_candidate_heuristic,success,not_called,drop,,drop,deterministic_gate,True,False,tn,0.0,-1,True,drop,drop,False,,not_called,,
61,5,person,0.11102294921875,639.0,386.0,640.0,419.0,unavailable,unavailable,drop,not_candidate_heuristic,success,not_called,drop,,drop,deterministic_gate,True,False,tn,0.0,-1,True,drop,drop,False,,not_called,,
61,6,bus,0.1070556640625,639.0,242.0,640.0,539.0,unavailable,unavailable,drop,not_candidate_heuristic,success,not_called,drop,,drop,deterministic_gate,True,False,tn,0.0,-1,True,drop,drop,False,,not_called,,
61,7,pottedplant,0.10357666015625,324.0,91.0,485.0,273.0,invalid,strong,drop,success,success,success,drop,high,drop,llm_final_decision,False,False,tn,0.0,-1,False,drop,drop,True,uncertain_score_band,not_called,,
61,8,bus,0.10107421875,457.0,210.0,640.0,536.0,invalid,strong,drop,success,success,success,drop,high,drop,llm_final_decision,False,False,tn,0.0,-1,False,drop,drop,True,uncertain_score_band|border_touching|duplicate_cluster,success,retrieve_same_class_image_crops,same_class_image_crops
62,0,motorbike,0.69189453125,66.0,171.0,892.0,640.0,valid,strong,keep,success,success,success,keep,high,keep,llm_final_decision,False,True,tp,0.838975,0,False,keep,keep,True,border_touching|top_score_sanity_check,not_called,,
63,0,chair,0.265869140625,702.0,11.0,750.0,237.0,invalid,strong,drop,success,success,success,drop,high,drop,llm_final_decision,False,False,tn,0.0,-1,False,keep,drop,True,uncertain_score_band|border_touching|duplicate_cluster|top_score_sanity_check,success,retrieve_same_class_image_crops,same_class_image_crops
63,1,chair,0.173583984375,703.0,11.0,750.0,108.0,invalid,strong,drop,success,success,success,drop,high,drop,llm_final_decision,False,False,tn,0.0,-1,False,drop,drop,True,uncertain_score_band|border_touching|duplicate_cluster|top_score_sanity_check,success,retrieve_same_class_image_crops,same_class_image_crops
63,2,car,0.15234375,23.0,295.0,750.0,633.0,invalid,strong,drop,success,success,success,drop,high,drop,llm_final_decision,False,False,tn,0.0,-1,False,drop,drop,True,uncertain_score_band|border_touching|duplicate_cluster,success,retrieve_same_class_image_crops,same_class_image_crops
63,3,aeroplane,0.12127685546875,23.0,295.0,750.0,633.0,invalid,strong,drop,success,success,success,drop,high,drop,llm_final_decision,False,False,tn,0.0,-1,False,drop,drop,True,uncertain_score_band|border_touching|duplicate_cluster,success,retrieve_same_class_image_crops|retrieve_class_exemplars,same_class_image_crops|class_exemplars
63,4,pottedplant,0.110107421875,4.0,174.0,170.0,456.0,invalid,strong,drop,success,success,success,drop,high,drop,llm_final_decision,False,False,tn,0.0,-1,False,drop,drop,True,uncertain_score_band|border_touching,not_called,,
64,0,dog,0.7568359375,512.0,383.0,586.0,526.0,invalid,strong,drop,success,success,success,drop,high,drop,llm_final_decision,False,False,tn,0.0,-1,False,keep,drop,True,duplicate_cluster|top_score_sanity_check,success,retrieve_same_class_image_crops,same_class_image_crops
64,1,bird,0.51171875,584.0,154.0,678.0,228.0,valid,strong,keep,success,success,success,keep,high,keep,llm_final_decision,False,True,tp,0.703904,2,False,keep,keep,True,duplicate_cluster|top_score_sanity_check,success,retrieve_same_class_image_crops|retrieve_class_exemplars,same_class_image_crops|class_exemplars
64,2,person,0.449462890625,309.0,221.0,435.0,319.0,invalid,strong,drop,success,success,success,drop,high,drop,llm_final_decision,False,False,tn,0.0,-1,False,keep,drop,True,duplicate_cluster,success,retrieve_same_class_image_crops,same_class_image_crops
64,3,dog,0.420654296875,133.0,195.0,267.0,280.0,invalid,strong,drop,success,success,success,drop,high,drop,llm_final_decision,False,False,tn,0.0,-1,False,keep,drop,True,duplicate_cluster,success,retrieve_same_class_image_crops|retrieve_class_exemplars,same_class_image_crops|class_exemplars
64,4,horse,0.403564453125,133.0,195.0,267.0,280.0,invalid,strong,drop,success,success,success,drop,high,drop,llm_final_decision,False,False,tn,0.0,-1,False,keep,drop,True,duplicate_cluster,success,retrieve_same_class_image_crops|retrieve_class_exemplars,same_class_image_crops|class_exemplars
64,5,person,0.352294921875,310.0,216.0,520.0,322.0,invalid,strong,drop,success,success,success,drop,high,drop,llm_final_decision,False,False,tn,0.0,-1,False,keep,drop,True,duplicate_cluster,success,retrieve_same_class_image_crops,same_class_image_crops
64,6,dog,0.315673828125,190.0,307.0,340.0,456.0,invalid,strong,drop,success,success,success,drop,high,drop,llm_final_decision,False,False,tn,0.0,-1,False,keep,drop,True,duplicate_cluster,success,retrieve_same_class_image_crops,same_class_image_crops
64,7,person,0.310791015625,190.0,307.0,340.0,456.0,invalid,strong,drop,success,success,success,drop,high,drop,llm_final_decision,False,False,tn,0.0,-1,False,keep,drop,True,duplicate_cluster,success,retrieve_same_class_image_crops,same_class_image_crops
64,8,dog,0.270751953125,654.0,299.0,778.0,400.0,invalid,strong,drop,success,success,success,drop,high,drop,llm_final_decision,False,False,tn,0.0,-1,False,keep,drop,True,uncertain_score_band|duplicate_cluster,success,retrieve_same_class_image_crops|retrieve_class_exemplars,same_class_image_crops|class_exemplars
64,9,cow,0.26123046875,133.0,195.0,267.0,280.0,invalid,strong,drop,success,success,success,drop,high,drop,llm_final_decision,False,False,tn,0.0,-1,False,keep,drop,True,uncertain_score_band|duplicate_cluster,success,retrieve_same_class_image_crops,same_class_image_crops
64,10,person,0.25732421875,386.0,216.0,535.0,312.0,invalid,strong,drop,success,success,success,drop,high,drop,llm_final_decision,False,False,tn,0.0,-1,False,keep,drop,True,uncertain_score_band|duplicate_cluster,success,retrieve_same_class_image_crops,same_class_image_crops
64,11,chair,0.20556640625,582.0,0.0,815.0,268.0,invalid,strong,drop,success,success,success,drop,high,drop,llm_final_decision,False,False,tn,0.0,-1,False,keep,drop,True,uncertain_score_band|border_touching|duplicate_cluster,success,retrieve_same_class_image_crops,same_class_image_crops
64,12,cat,0.18505859375,654.0,299.0,778.0,400.0,invalid,strong,drop,success,success,success,drop,high,drop,llm_final_decision,False,False,tn,0.0,-1,False,drop,drop,True,uncertain_score_band|duplicate_cluster,success,retrieve_same_class_image_crops|retrieve_class_exemplars,same_class_image_crops|class_exemplars
64,13,aeroplane,0.1658935546875,584.0,154.0,678.0,228.0,invalid,strong,drop,success,success,success,drop,high,drop,llm_final_decision,False,False,tn,0.0,-1,False,drop,drop,True,uncertain_score_band|duplicate_cluster,success,retrieve_same_class_image_crops|retrieve_class_exemplars,same_class_image_crops|class_exemplars
64,14,person,0.153564453125,654.0,299.0,778.0,400.0,invalid,strong,drop,success,success,success,drop,high,drop,llm_final_decision,False,False,tn,0.0,-1,False,drop,drop,True,uncertain_score_band|duplicate_cluster,success,retrieve_same_class_image_crops,same_class_image_crops
64,15,person,0.1514892578125,358.0,222.0,434.0,291.0,invalid,strong,drop,success,success,success,drop,high,drop,llm_final_decision,False,False,tn,0.0,-1,False,drop,drop,True,uncertain_score_band|duplicate_cluster,success,retrieve_same_class_image_crops,same_class_image_crops
64,16,person,0.1431884765625,420.0,218.0,505.0,288.0,invalid,strong,drop,success,success,success,drop,high,drop,llm_final_decision,False,False,tn,0.0,-1,False,drop,drop,True,uncertain_score_band|duplicate_cluster,success,retrieve_same_class_image_crops,same_class_image_crops
64,17,pottedplant,0.1429443359375,191.0,147.0,268.0,204.0,invalid,strong,drop,success,success,success,drop,high,drop,llm_final_decision,False,False,tn,0.0,-1,False,drop,drop,True,uncertain_score_band|duplicate_cluster,success,retrieve_same_class_image_crops|retrieve_class_exemplars,same_class_image_crops|class_exemplars
64,18,person,0.1358642578125,22.0,446.0,130.0,563.0,invalid,strong,drop,success,success,success,drop,high,drop,llm_final_decision,False,False,tn,0.0,-1,False,drop,drop,True,uncertain_score_band|border_touching,not_called,,
64,19,person,0.134521484375,381.0,216.0,505.0,284.0,invalid,strong,drop,success,success,success,drop,high,drop,llm_final_decision,False,False,tn,0.0,-1,False,drop,drop,True,uncertain_score_band|duplicate_cluster,success,retrieve_same_class_image_crops,same_class_image_crops
64,20,cow,0.1280517578125,654.0,299.0,778.0,400.0,invalid,strong,drop,success,success,success,drop,high,drop,llm_final_decision,False,False,tn,0.0,-1,False,drop,drop,True,uncertain_score_band|duplicate_cluster,success,retrieve_same_class_image_crops|retrieve_class_exemplars,same_class_image_crops|class_exemplars
64,21,sofa,0.127197265625,582.0,0.0,815.0,268.0,invalid,strong,drop,success,success,success,drop,high,drop,llm_final_decision,False,False,tn,0.0,-1,False,drop,drop,True,uncertain_score_band|border_touching|duplicate_cluster,success,retrieve_class_exemplars,class_exemplars
64,22,cow,0.1214599609375,191.0,147.0,268.0,204.0,invalid,strong,drop,success,success,success,drop,high,drop,llm_final_decision,False,False,tn,0.0,-1,False,drop,drop,True,uncertain_score_band|duplicate_cluster,success,retrieve_same_class_image_crops|retrieve_class_exemplars,same_class_image_crops|class_exemplars
64,23,person,0.1214599609375,381.0,214.0,461.0,275.0,invalid,strong,drop,success,success,success,drop,high,drop,llm_final_decision,False,False,tn,0.0,-1,False,drop,drop,True,uncertain_score_band|duplicate_cluster,success,retrieve_same_class_image_crops,same_class_image_crops
64,24,tvmonitor,0.120849609375,654.0,299.0,778.0,400.0,invalid,strong,drop,success,success,success,drop,high,drop,llm_final_decision,False,False,tn,0.0,-1,False,drop,drop,True,uncertain_score_band|duplicate_cluster,success,retrieve_class_exemplars,class_exemplars
64,25,pottedplant,0.1153564453125,96.0,405.0,245.0,517.0,invalid,strong,drop,success,success,success,drop,high,drop,llm_final_decision,False,False,tn,0.0,-1,False,drop,drop,True,uncertain_score_band,not_called,,
64,26,chair,0.11163330078125,654.0,299.0,778.0,400.0,invalid,strong,drop,success,success,success,drop,high,drop,llm_final_decision,False,False,tn,0.0,-1,False,drop,drop,True,uncertain_score_band|duplicate_cluster,success,retrieve_class_exemplars,class_exemplars
64,27,cat,0.1104736328125,512.0,383.0,586.0,526.0,invalid,strong,drop,success,success,success,drop,high,drop,llm_final_decision,False,False,tn,0.0,-1,False,drop,drop,True,uncertain_score_band|duplicate_cluster,success,retrieve_same_class_image_crops|retrieve_class_exemplars,same_class_image_crops|class_exemplars
65,0,person,0.43115234375,290.0,21.0,640.0,531.0,valid,strong,keep,success,success,success,keep,high,keep,llm_final_decision,False,True,tp,0.599892,1,False,keep,keep,True,border_touching|duplicate_cluster|top_score_sanity_check,success,retrieve_same_class_image_crops,same_class_image_crops
65,1,motorbike,0.250244140625,86.0,16.0,640.0,665.0,invalid,strong,drop,success,success,success,drop,high,drop,llm_final_decision,False,False,tn,0.0,-1,False,keep,drop,True,uncertain_score_band|border_touching|duplicate_cluster|top_score_sanity_check,success,retrieve_same_class_image_crops|retrieve_class_exemplars,same_class_image_crops|class_exemplars
65,2,person,0.2237548828125,100.0,8.0,640.0,537.0,valid,strong,keep,success,success,success,keep,high,keep,llm_final_decision,False,True,tp,0.502802,1,False,keep,keep,True,uncertain_score_band|border_touching|duplicate_cluster,success,retrieve_same_class_image_crops,same_class_image_crops
65,3,person,0.105224609375,154.0,7.0,575.0,538.0,valid,strong,keep,success,success,success,keep,high,keep,llm_final_decision,False,True,tp,0.727815,1,False,drop,keep,True,uncertain_score_band|border_touching|duplicate_cluster,success,retrieve_same_class_image_crops|retrieve_class_exemplars,same_class_image_crops|class_exemplars
70,0,tvmonitor,0.56591796875,412.0,99.0,675.0,332.0,valid,strong,keep,success,success,success,keep,high,keep,llm_final_decision,False,False,fp,0.40568,0,False,keep,keep,True,border_touching|duplicate_cluster|top_score_sanity_check,success,retrieve_same_class_image_crops|retrieve_class_exemplars,same_class_image_crops|class_exemplars
70,1,chair,0.256103515625,18.0,62.0,495.0,610.0,invalid,strong,drop,success,success,success,drop,high,drop,llm_final_decision,False,False,tn,0.307866,1,False,keep,drop,True,uncertain_score_band|border_touching|duplicate_cluster|top_score_sanity_check,success,retrieve_same_class_image_crops|retrieve_class_exemplars,same_class_image_crops|class_exemplars
70,2,car,0.249755859375,18.0,62.0,495.0,610.0,invalid,strong,drop,success,success,success,drop,high,drop,llm_final_decision,False,False,tn,0.0,-1,False,keep,drop,True,uncertain_score_band|border_touching|duplicate_cluster,success,retrieve_same_class_image_crops,same_class_image_crops
70,3,tvmonitor,0.18359375,18.0,62.0,495.0,610.0,invalid,strong,drop,success,success,success,drop,high,drop,llm_final_decision,False,False,tn,0.0,-1,False,drop,drop,True,uncertain_score_band|border_touching|duplicate_cluster,success,retrieve_same_class_image_crops|retrieve_class_exemplars,same_class_image_crops|class_exemplars
70,4,motorbike,0.17138671875,18.0,62.0,495.0,610.0,invalid,strong,drop,success,success,success,drop,high,drop,llm_final_decision,False,False,tn,0.0,-1,False,drop,drop,True,uncertain_score_band|border_touching|duplicate_cluster,success,retrieve_class_exemplars,class_exemplars
70,5,chair,0.10174560546875,412.0,99.0,675.0,332.0,invalid,strong,drop,success,success,success,drop,high,drop,llm_final_decision,False,False,tn,0.0,-1,False,drop,drop,True,uncertain_score_band|border_touching|duplicate_cluster,success,retrieve_same_class_image_crops|retrieve_class_exemplars,same_class_image_crops|class_exemplars
71,0,chair,0.67041015625,507.0,287.0,675.0,487.0,valid,strong,keep,success,success,success,keep,high,keep,llm_final_decision,False,False,fp,0.0,-1,False,keep,keep,True,border_touching|duplicate_cluster|top_score_sanity_check,success,retrieve_same_class_image_crops,same_class_image_crops
71,1,pottedplant,0.39599609375,504.0,286.0,593.0,347.0,invalid,strong,drop,success,success,success,drop,high,drop,llm_final_decision,False,False,tn,0.0,-1,False,keep,drop,True,top_score_sanity_check,not_called,,
71,2,chair,0.363037109375,674.0,465.0,675.0,528.0,unavailable,unavailable,drop,not_candidate_heuristic,success,not_called,keep,,keep,deterministic_gate,True,False,fp,0.0,-1,True,keep,keep,False,,not_called,,
71,3,pottedplant,0.3408203125,621.0,273.0,675.0,308.0,invalid,strong,drop,success,success,success,drop,high,drop,llm_final_decision,False,False,tn,0.0,-1,False,keep,drop,True,border_touching,not_called,,
71,4,pottedplant,0.266357421875,51.0,165.0,317.0,407.0,valid,strong,keep,success,success,success,keep,high,keep,llm_final_decision,False,False,fp,0.0,-1,False,keep,keep,True,uncertain_score_band|duplicate_cluster,success,retrieve_same_class_image_crops|retrieve_class_exemplars,same_class_image_crops|class_exemplars
71,5,diningtable,0.1922607421875,26.0,136.0,675.0,487.0,invalid,strong,drop,success,success,success,drop,high,drop,llm_final_decision,False,False,tn,0.0,-1,False,drop,drop,True,uncertain_score_band|border_touching,not_called,,
71,6,chair,0.1783447265625,91.0,377.0,326.0,492.0,valid,strong,keep,success,success,success,keep,high,keep,llm_final_decision,False,False,fp,0.0,-1,False,drop,keep,True,uncertain_score_band|duplicate_cluster,success,retrieve_same_class_image_crops|retrieve_class_exemplars,same_class_image_crops|class_exemplars
71,7,pottedplant,0.171630859375,52.0,165.0,256.0,374.0,valid,strong,keep,success,success,success,keep,high,keep,llm_final_decision,False,False,fp,0.0,-1,False,drop,keep,True,uncertain_score_band|duplicate_cluster,success,retrieve_same_class_image_crops|retrieve_class_exemplars,same_class_image_crops|class_exemplars
71,8,pottedplant,0.1710205078125,589.0,283.0,619.0,305.0,invalid,strong,drop,success,success,success,drop,high,drop,llm_final_decision,False,False,tn,0.0,-1,False,drop,drop,True,uncertain_score_band|small_box,not_called,,
71,9,chair,0.1502685546875,21.0,465.0,132.0,528.0,invalid,strong,drop,success,success,success,drop,high,drop,llm_final_decision,False,False,tn,0.0,-1,False,drop,drop,True,uncertain_score_band|duplicate_cluster,success,retrieve_same_class_image_crops,same_class_image_crops
71,10,bottle,0.1458740234375,527.0,470.0,559.0,488.0,invalid,strong,drop,success,success,success,drop,high,drop,llm_final_decision,False,False,tn,0.0,-1,False,drop,drop,True,uncertain_score_band|small_box,not_called,,
71,11,chair,0.1378173828125,506.0,164.0,675.0,487.0,valid,strong,keep,success,success,success,keep,medium,keep,llm_final_decision,False,False,fp,0.0,-1,False,drop,keep,True,uncertain_score_band|border_touching|duplicate_cluster,success,retrieve_same_class_image_crops,same_class_image_crops
71,12,sheep,0.1363525390625,348.0,498.0,432.0,528.0,invalid,strong,drop,success,success,success,drop,high,drop,llm_final_decision,False,False,tn,0.0,-1,False,drop,drop,True,uncertain_score_band|small_box,not_called,,
71,13,chair,0.1326904296875,90.0,315.0,324.0,492.0,valid,strong,keep,success,success,success,keep,high,keep,llm_final_decision,False,False,fp,0.0,-1,False,drop,keep,True,uncertain_score_band|duplicate_cluster,success,retrieve_same_class_image_crops,same_class_image_crops
71,14,sofa,0.131591796875,21.0,465.0,132.0,528.0,invalid,strong,drop,success,success,success,drop,high,drop,llm_final_decision,False,False,tn,0.011872,0,False,drop,drop,True,uncertain_score_band|duplicate_cluster,success,retrieve_same_class_image_crops,same_class_image_crops
71,15,chair,0.129150390625,588.0,468.0,675.0,530.0,invalid,strong,drop,success,success,success,drop,high,drop,llm_final_decision,False,False,tn,0.0,-1,False,drop,drop,True,uncertain_score_band|border_touching|duplicate_cluster,success,retrieve_same_class_image_crops,same_class_image_crops
71,16,pottedplant,0.1177978515625,202.0,282.0,229.0,309.0,invalid,strong,drop,success,success,success,drop,high,drop,llm_final_decision,False,False,tn,0.0,-1,False,drop,drop,True,uncertain_score_band|small_box,not_called,,
71,17,chair,0.11456298828125,665.0,378.0,675.0,487.0,unavailable,unavailable,drop,not_candidate_heuristic,success,not_called,drop,,drop,deterministic_gate,True,False,tn,0.0,-1,True,drop,drop,False,,not_called,,
71,18,chair,0.11163330078125,616.0,378.0,675.0,488.0,invalid,strong,drop,success,success,success,drop,high,drop,llm_final_decision,False,False,tn,0.0,-1,False,drop,drop,True,uncertain_score_band|border_touching,not_called,,
71,19,chair,0.1094970703125,635.0,164.0,675.0,312.0,invalid,strong,drop,success,success,success,drop,high,drop,llm_final_decision,False,False,tn,0.0,-1,False,drop,drop,True,uncertain_score_band|border_touching,not_called,,
71,20,chair,0.10174560546875,508.0,284.0,675.0,430.0,valid,strong,keep,success,success,success,keep,medium,keep,llm_final_decision,False,False,fp,0.0,-1,False,drop,keep,True,uncertain_score_band|border_touching|duplicate_cluster,success,retrieve_same_class_image_crops,same_class_image_crops
71,21,chair,0.1014404296875,589.0,467.0,675.0,528.0,invalid,strong,drop,success,success,success,drop,high,drop,llm_final_decision,False,False,tn,0.0,-1,False,drop,drop,True,uncertain_score_band|border_touching|duplicate_cluster,success,retrieve_same_class_image_crops,same_class_image_crops
73,0,person,0.244384765625,0.0,0.0,574.0,702.0,valid,strong,keep,success,success,success,keep,medium,keep,llm_final_decision,False,False,fp,0.125732,0,False,keep,keep,True,uncertain_score_band|border_touching|duplicate_cluster|top_score_sanity_check,success,retrieve_same_class_image_crops|retrieve_class_exemplars,same_class_image_crops|class_exemplars
73,1,person,0.2193603515625,344.0,62.0,583.0,352.0,valid,strong,keep,success,success,success,keep,high,keep,llm_final_decision,False,False,fp,0.22549,1,False,keep,keep,True,uncertain_score_band|duplicate_cluster|top_score_sanity_check,success,retrieve_same_class_image_crops|retrieve_class_exemplars,same_class_image_crops|class_exemplars
73,2,chair,0.1934814453125,345.0,116.0,580.0,353.0,invalid,strong,drop,success,success,success,drop,high,drop,llm_final_decision,False,False,tn,0.0,-1,False,drop,drop,True,uncertain_score_band|duplicate_cluster,success,retrieve_same_class_image_crops,same_class_image_crops
73,3,motorbike,0.18359375,0.0,0.0,574.0,702.0,invalid,strong,drop,success,success,success,drop,high,drop,llm_final_decision,False,False,tn,0.0,-1,False,drop,drop,True,uncertain_score_band|border_touching|duplicate_cluster,success,retrieve_same_class_image_crops|retrieve_class_exemplars,same_class_image_crops|class_exemplars
73,4,chair,0.1517333984375,0.0,0.0,574.0,702.0,invalid,strong,drop,success,success,success,drop,high,drop,llm_final_decision,False,False,tn,0.0,-1,False,drop,drop,True,uncertain_score_band|border_touching|duplicate_cluster,success,retrieve_same_class_image_crops|retrieve_class_exemplars,same_class_image_crops|class_exemplars
73,5,person,0.129150390625,342.0,61.0,493.0,360.0,invalid,strong,drop,success,success,success,drop,high,drop,llm_final_decision,False,False,tn,0.133105,1,False,drop,drop,True,uncertain_score_band|duplicate_cluster,success,retrieve_same_class_image_crops,same_class_image_crops
78,0,person,0.74755859375,439.0,323.0,573.0,625.0,valid,strong,keep,success,success,success,keep,high,keep,llm_final_decision,False,False,fp,0.332293,1,False,keep,keep,True,duplicate_cluster|top_score_sanity_check,success,retrieve_same_class_image_crops,same_class_image_crops
78,1,dog,0.68603515625,373.0,446.0,474.0,625.0,invalid,strong,drop,success,success,success,drop,high,drop,llm_final_decision,False,False,tn,0.197717,0,False,keep,drop,True,top_score_sanity_check,not_called,,
78,2,person,0.2110595703125,431.0,320.0,640.0,624.0,valid,strong,keep,success,success,success,keep,medium,keep,llm_final_decision,False,False,fp,0.233864,1,False,keep,keep,True,uncertain_score_band|border_touching|duplicate_cluster,success,retrieve_same_class_image_crops,same_class_image_crops
78,3,tvmonitor,0.164306640625,1.0,77.0,640.0,625.0,invalid,strong,drop,success,success,success,drop,high,drop,llm_final_decision,False,False,tn,0.0,-1,False,drop,drop,True,uncertain_score_band|border_touching|duplicate_cluster,success,retrieve_same_class_image_crops,same_class_image_crops
78,4,pottedplant,0.1605224609375,174.0,493.0,248.0,642.0,invalid,strong,drop,success,success,success,drop,high,drop,llm_final_decision,False,False,tn,0.0,-1,False,drop,drop,True,uncertain_score_band,not_called,,
78,5,pottedplant,0.1485595703125,1.0,77.0,640.0,625.0,invalid,strong,drop,success,success,success,drop,high,drop,llm_final_decision,False,False,tn,0.0,-1,False,drop,drop,True,uncertain_score_band|border_touching|duplicate_cluster,success,retrieve_same_class_image_crops|retrieve_class_exemplars,same_class_image_crops|class_exemplars
78,6,pottedplant,0.1087646484375,235.0,546.0,267.0,608.0,invalid,strong,drop,success,success,success,drop,high,drop,llm_final_decision,False,False,tn,0.0,-1,False,drop,drop,True,uncertain_score_band,not_called,,
78,7,pottedplant,0.10577392578125,572.0,406.0,640.0,603.0,invalid,strong,drop,success,success,success,drop,high,drop,llm_final_decision,False,False,tn,0.0,-1,False,drop,drop,True,uncertain_score_band|border_touching,not_called,,
79,0,pottedplant,0.33203125,104.0,185.0,253.0,375.0,invalid,strong,drop,success,success,success,drop,high,drop,llm_final_decision,False,False,tn,0.34966,2,False,keep,drop,True,duplicate_cluster|top_score_sanity_check,success,retrieve_same_class_image_crops,same_class_image_crops
79,1,person,0.30517578125,105.0,376.0,256.0,615.0,invalid,strong,drop,success,success,success,drop,high,drop,llm_final_decision,False,False,tn,0.149851,1,False,keep,drop,True,duplicate_cluster|top_score_sanity_check,success,retrieve_same_class_image_crops,same_class_image_crops
79,2,person,0.29296875,128.0,376.0,230.0,545.0,invalid,strong,drop,success,success,success,drop,high,drop,llm_final_decision,False,False,tn,0.184212,1,False,keep,drop,True,uncertain_score_band|duplicate_cluster,success,retrieve_same_class_image_crops,same_class_image_crops
79,3,person,0.29052734375,482.0,160.0,570.0,364.0,valid,strong,keep,success,success,success,keep,high,keep,llm_final_decision,False,True,tp,0.525246,0,False,keep,keep,True,uncertain_score_band|duplicate_cluster,success,retrieve_same_class_image_crops,same_class_image_crops
79,4,tvmonitor,0.224365234375,224.0,81.0,503.0,310.0,invalid,strong,drop,success,success,success,drop,high,drop,llm_final_decision,False,False,tn,0.0,-1,False,keep,drop,True,uncertain_score_band,not_called,,
79,5,pottedplant,0.162353515625,653.0,451.0,695.0,597.0,invalid,strong,drop,success,success,success,drop,high,drop,llm_final_decision,False,False,tn,0.0,-1,False,drop,drop,True,uncertain_score_band|border_touching|duplicate_cluster,success,retrieve_same_class_image_crops,same_class_image_crops
79,6,person,0.140869140625,31.0,376.0,257.0,619.0,invalid,strong,drop,success,success,success,drop,high,drop,llm_final_decision,False,False,tn,0.160501,1,False,drop,drop,True,uncertain_score_band|duplicate_cluster,success,retrieve_same_class_image_crops,same_class_image_crops
79,7,pottedplant,0.129638671875,104.0,186.0,233.0,330.0,valid,strong,keep,success,success,success,keep,high,keep,llm_final_decision,False,False,fp,0.43671,2,False,drop,keep,True,uncertain_score_band|duplicate_cluster,success,retrieve_same_class_image_crops|retrieve_class_exemplars,same_class_image_crops|class_exemplars
79,8,chair,0.11676025390625,482.0,160.0,570.0,364.0,invalid,strong,drop,success,success,success,drop,high,drop,llm_final_decision,False,False,tn,0.0,-1,False,drop,drop,True,uncertain_score_band|duplicate_cluster,success,retrieve_same_class_image_crops|retrieve_class_exemplars,same_class_image_crops|class_exemplars
79,9,pottedplant,0.11199951171875,652.0,501.0,695.0,596.0,invalid,strong,drop,success,success,success,drop,high,drop,llm_final_decision,False,False,tn,0.0,-1,False,drop,drop,True,uncertain_score_band|border_touching|duplicate_cluster,success,retrieve_same_class_image_crops,same_class_image_crops
79,10,person,0.105224609375,3.0,378.0,256.0,640.0,invalid,strong,drop,success,success,success,drop,high,drop,llm_final_decision,False,False,tn,0.091739,1,False,drop,drop,True,uncertain_score_band|border_touching|duplicate_cluster,success,retrieve_same_class_image_crops,same_class_image_crops
80,0,bicycle,0.736328125,1.0,459.0,304.0,777.0,valid,strong,keep,success,success,success,keep,high,keep,llm_final_decision,False,True,tp,0.791858,1,False,keep,keep,True,border_touching|duplicate_cluster|top_score_sanity_check,success,retrieve_same_class_image_crops|retrieve_class_exemplars,same_class_image_crops|class_exemplars
80,1,bicycle,0.591796875,410.0,261.0,640.0,622.0,valid,strong,keep,success,success,success,keep,high,keep,llm_final_decision,False,True,tp,0.691232,4,False,keep,keep,True,border_touching|duplicate_cluster|top_score_sanity_check,success,retrieve_same_class_image_crops|retrieve_class_exemplars,same_class_image_crops|class_exemplars
80,2,bicycle,0.3447265625,1.0,455.0,158.0,720.0,valid,strong,keep,success,success,success,keep,medium,keep,llm_final_decision,False,False,fp,0.4263,1,False,keep,keep,True,border_touching|duplicate_cluster,success,retrieve_same_class_image_crops,same_class_image_crops
80,3,person,0.34423828125,407.0,0.0,598.0,609.0,valid,strong,keep,success,success,success,keep,high,keep,llm_final_decision,False,False,fp,0.424317,5,False,keep,keep,True,border_touching|duplicate_cluster,success,retrieve_same_class_image_crops,same_class_image_crops
80,4,person,0.2274169921875,45.0,463.0,158.0,640.0,valid,strong,keep,success,success,success,keep,high,keep,llm_final_decision,False,False,fp,0.399031,0,False,keep,keep,True,uncertain_score_band|duplicate_cluster,success,retrieve_same_class_image_crops,same_class_image_crops
80,5,person,0.158935546875,408.0,125.0,596.0,484.0,valid,strong,keep,success,success,success,keep,high,keep,llm_final_decision,False,False,fp,0.412067,5,False,drop,keep,True,uncertain_score_band|duplicate_cluster,success,retrieve_same_class_image_crops,same_class_image_crops
80,6,bicycle,0.1571044921875,1.0,456.0,148.0,648.0,invalid,strong,drop,success,success,success,drop,high,drop,llm_final_decision,False,False,tn,0.276558,1,False,drop,drop,True,uncertain_score_band|border_touching|duplicate_cluster,success,retrieve_same_class_image_crops,same_class_image_crops
80,7,motorbike,0.1312255859375,1.0,455.0,158.0,720.0,invalid,strong,drop,success,success,success,drop,high,drop,llm_final_decision,False,False,tn,0.0,-1,False,drop,drop,True,uncertain_score_band|border_touching|duplicate_cluster,success,retrieve_same_class_image_crops|retrieve_class_exemplars,same_class_image_crops|class_exemplars
80,8,bicycle,0.1246337890625,2.0,459.0,278.0,691.0,valid,strong,keep,success,success,success,keep,high,keep,llm_final_decision,False,True,tp,0.627732,1,False,drop,keep,True,uncertain_score_band|border_touching|duplicate_cluster,success,retrieve_same_class_image_crops|retrieve_class_exemplars,same_class_image_crops|class_exemplars
80,9,bottle,0.11798095703125,45.0,463.0,158.0,640.0,invalid,strong,drop,success,success,success,drop,high,drop,llm_final_decision,False,False,tn,0.0,-1,False,drop,drop,True,uncertain_score_band|duplicate_cluster,success,retrieve_same_class_image_crops,same_class_image_crops
80,10,person,0.11578369140625,411.0,0.0,599.0,436.0,valid,strong,keep,success,success,success,keep,high,keep,llm_final_decision,False,True,tp,0.556202,5,False,drop,keep,True,uncertain_score_band|border_touching|duplicate_cluster,success,retrieve_same_class_image_crops|retrieve_class_exemplars,same_class_image_crops|class_exemplars
80,11,bicycle,0.11456298828125,34.0,257.0,640.0,637.0,valid,strong,keep,success,success,success,keep,high,keep,llm_final_decision,False,False,fp,0.437515,2,False,drop,keep,True,uncertain_score_band|border_touching,not_called,,
80,12,motorbike,0.10931396484375,1.0,459.0,304.0,777.0,invalid,strong,drop,success,success,success,drop,high,drop,llm_final_decision,False,False,tn,0.0,-1,False,drop,drop,True,uncertain_score_band|border_touching|duplicate_cluster,success,retrieve_same_class_image_crops|retrieve_class_exemplars,same_class_image_crops|class_exemplars
81,0,motorbike,0.3349609375,308.0,193.0,712.0,640.0,invalid,strong,drop,success,success,success,drop,high,drop,llm_final_decision,False,True,fn,0.50268,0,False,keep,drop,True,border_touching|duplicate_cluster|top_score_sanity_check,success,retrieve_same_class_image_crops|retrieve_class_exemplars,same_class_image_crops|class_exemplars
81,1,person,0.294921875,290.0,1.0,712.0,568.0,valid,strong,keep,success,success,success,keep,medium,keep,llm_final_decision,False,True,tp,0.581537,1,False,keep,keep,True,uncertain_score_band|border_touching|duplicate_cluster|top_score_sanity_check,success,retrieve_same_class_image_crops|retrieve_class_exemplars,same_class_image_crops|class_exemplars
81,2,bicycle,0.2666015625,290.0,1.0,712.0,568.0,invalid,strong,drop,success,success,success,drop,high,drop,llm_final_decision,False,False,tn,0.0,-1,False,keep,drop,True,uncertain_score_band|border_touching|duplicate_cluster,success,retrieve_same_class_image_crops,same_class_image_crops
81,3,motorbike,0.204345703125,1.0,303.0,678.0,565.0,invalid,strong,drop,success,success,success,drop,high,drop,llm_final_decision,False,False,tn,0.466619,0,False,keep,drop,True,uncertain_score_band|border_touching|duplicate_cluster,success,retrieve_same_class_image_crops|retrieve_class_exemplars,same_class_image_crops|class_exemplars
81,4,motorbike,0.1658935546875,287.0,1.0,712.0,640.0,invalid,strong,drop,success,success,success,drop,high,drop,llm_final_decision,False,False,tn,0.451283,0,False,drop,drop,True,uncertain_score_band|border_touching|duplicate_cluster,success,retrieve_same_class_image_crops|retrieve_class_exemplars,same_class_image_crops|class_exemplars
81,5,bicycle,0.1485595703125,308.0,193.0,712.0,640.0,invalid,strong,drop,success,success,success,drop,high,drop,llm_final_decision,False,False,tn,0.0,-1,False,drop,drop,True,uncertain_score_band|border_touching|duplicate_cluster,success,retrieve_same_class_image_crops|retrieve_class_exemplars,same_class_image_crops|class_exemplars
81,6,motorbike,0.1419677734375,1.0,293.0,712.0,640.0,invalid,strong,drop,success,success,success,drop,high,drop,llm_final_decision,False,True,fn,0.50955,0,False,drop,drop,True,uncertain_score_band|border_touching|duplicate_cluster,success,retrieve_same_class_image_crops|retrieve_class_exemplars,same_class_image_crops|class_exemplars
81,7,bicycle,0.11456298828125,388.0,201.0,689.0,564.0,invalid,strong,drop,success,success,success,drop,high,drop,llm_final_decision,False,False,tn,0.0,-1,False,drop,drop,True,uncertain_score_band|duplicate_cluster,success,retrieve_same_class_image_crops|retrieve_class_exemplars,same_class_image_crops|class_exemplars
81,8,motorbike,0.10467529296875,166.0,431.0,575.0,569.0,valid,strong,keep,success,success,success,keep,high,keep,llm_final_decision,False,False,fp,0.207219,0,False,drop,keep,True,uncertain_score_band,not_called,,
81,9,motorbike,0.1015625,0.0,202.0,712.0,567.0,invalid,strong,drop,success,success,success,drop,high,drop,llm_final_decision,False,True,fn,0.557839,0,False,drop,drop,True,uncertain_score_band|border_touching|duplicate_cluster,success,retrieve_same_class_image_crops,same_class_image_crops
82,0,person,0.35791015625,1.0,109.0,121.0,548.0,invalid,strong,drop,success,success,success,drop,high,drop,llm_final_decision,False,False,tn,0.0,-1,False,keep,drop,True,border_touching|duplicate_cluster|top_score_sanity_check,success,retrieve_same_class_image_crops|retrieve_class_exemplars,same_class_image_crops|class_exemplars
82,1,person,0.135498046875,0.0,258.0,54.0,640.0,invalid,strong,drop,success,success,success,drop,high,drop,llm_final_decision,False,False,tn,0.0,-1,False,drop,drop,True,uncertain_score_band|border_touching|duplicate_cluster|top_score_sanity_check,success,retrieve_same_class_image_crops,same_class_image_crops
82,2,person,0.12274169921875,1.0,200.0,62.0,548.0,invalid,strong,drop,success,success,success,drop,high,drop,llm_final_decision,False,False,tn,0.0,-1,False,drop,drop,True,uncertain_score_band|border_touching|duplicate_cluster,success,retrieve_same_class_image_crops|retrieve_class_exemplars,same_class_image_crops|class_exemplars
82,3,bicycle,0.11065673828125,1.0,238.0,780.0,553.0,invalid,strong,drop,success,success,success,drop,high,drop,llm_final_decision,False,False,tn,0.0,-1,False,drop,drop,True,uncertain_score_band|border_touching,not_called,,
82,4,person,0.105224609375,1.0,301.0,59.0,548.0,invalid,strong,drop,success,success,success,drop,high,drop,llm_final_decision,False,False,tn,0.0,-1,False,drop,drop,True,uncertain_score_band|border_touching|duplicate_cluster,success,retrieve_same_class_image_crops|retrieve_class_exemplars,same_class_image_crops|class_exemplars
82,5,person,0.10052490234375,0.0,202.0,107.0,640.0,invalid,strong,drop,success,success,success,drop,high,drop,llm_final_decision,False,False,tn,0.0,-1,False,drop,drop,True,uncertain_score_band|border_touching|duplicate_cluster,success,retrieve_same_class_image_crops|retrieve_class_exemplars,same_class_image_crops|class_exemplars
83,0,person,0.416748046875,483.0,107.0,640.0,593.0,valid,strong,keep,success,success,success,keep,high,keep,llm_final_decision,False,False,fp,0.199458,2,False,keep,keep,True,border_touching|duplicate_cluster|top_score_sanity_check,success,retrieve_same_class_image_crops|retrieve_class_exemplars,same_class_image_crops|class_exemplars
83,1,person,0.250244140625,354.0,82.0,564.0,313.0,valid,strong,keep,success,success,success,keep,high,keep,llm_final_decision,False,False,fp,0.397014,2,False,keep,keep,True,uncertain_score_band|top_score_sanity_check,not_called,,
83,2,person,0.250244140625,182.0,84.0,568.0,515.0,valid,strong,keep,success,success,success,keep,medium,keep,llm_final_decision,False,False,fp,0.425064,2,False,keep,keep,True,uncertain_score_band|duplicate_cluster,success,retrieve_same_class_image_crops|retrieve_class_exemplars,same_class_image_crops|class_exemplars
83,3,person,0.218017578125,292.0,70.0,640.0,591.0,invalid,strong,drop,success,success,success,drop,high,drop,llm_final_decision,False,False,tn,0.356834,2,False,keep,drop,True,uncertain_score_band|border_touching|duplicate_cluster,success,retrieve_same_class_image_crops|retrieve_class_exemplars,same_class_image_crops|class_exemplars
83,4,tvmonitor,0.198974609375,521.0,43.0,640.0,177.0,invalid,strong,drop,success,success,success,drop,high,drop,llm_final_decision,False,False,tn,0.0,-1,False,drop,drop,True,uncertain_score_band|border_touching|duplicate_cluster,success,retrieve_same_class_image_crops|retrieve_class_exemplars,same_class_image_crops|class_exemplars
83,5,motorbike,0.1707763671875,54.0,87.0,567.0,516.0,invalid,strong,drop,success,success,success,drop,high,drop,llm_final_decision,False,False,tn,0.0,-1,False,drop,drop,True,uncertain_score_band|duplicate_cluster,success,retrieve_same_class_image_crops|retrieve_class_exemplars,same_class_image_crops|class_exemplars
83,6,chair,0.1658935546875,483.0,107.0,640.0,593.0,invalid,strong,drop,success,success,success,drop,high,drop,llm_final_decision,False,False,tn,0.0,-1,False,drop,drop,True,uncertain_score_band|border_touching|duplicate_cluster,success,retrieve_same_class_image_crops|retrieve_class_exemplars,same_class_image_crops|class_exemplars
83,7,tvmonitor,0.162353515625,523.0,44.0,640.0,170.0,invalid,strong,drop,success,success,success,drop,high,drop,llm_final_decision,False,False,tn,0.0,-1,False,drop,drop,True,uncertain_score_band|border_touching|duplicate_cluster,success,retrieve_same_class_image_crops|retrieve_class_exemplars,same_class_image_crops|class_exemplars
83,8,chair,0.1497802734375,481.0,303.0,640.0,593.0,invalid,strong,drop,success,success,success,drop,high,drop,llm_final_decision,False,False,tn,0.0,-1,False,drop,drop,True,uncertain_score_band|border_touching|duplicate_cluster,success,retrieve_same_class_image_crops|retrieve_class_exemplars,same_class_image_crops|class_exemplars
83,9,tvmonitor,0.122314453125,521.0,41.0,640.0,185.0,invalid,strong,drop,success,success,success,drop,high,drop,llm_final_decision,False,False,tn,0.0,-1,False,drop,drop,True,uncertain_score_band|border_touching|duplicate_cluster,success,retrieve_same_class_image_crops|retrieve_class_exemplars,same_class_image_crops|class_exemplars
83,10,car,0.10760498046875,521.0,41.0,640.0,185.0,invalid,strong,drop,success,success,success,drop,high,drop,llm_final_decision,False,False,tn,0.0,-1,False,drop,drop,True,uncertain_score_band|border_touching|duplicate_cluster,success,retrieve_same_class_image_crops|retrieve_class_exemplars,same_class_image_crops|class_exemplars
84,0,tvmonitor,0.85986328125,507.0,230.0,644.0,347.0,valid,strong,keep,success,success,success,keep,high,keep,llm_final_decision,False,True,tp,0.708807,0,False,keep,keep,True,top_score_sanity_check,not_called,,
84,1,person,0.4658203125,255.0,409.0,381.0,589.0,invalid,strong,drop,success,success,success,drop,high,drop,llm_final_decision,False,False,tn,0.222911,3,False,keep,drop,True,top_score_sanity_check,not_called,,
84,2,motorbike,0.39501953125,359.0,404.0,645.0,600.0,invalid,strong,drop,success,success,success,drop,high,drop,llm_final_decision,False,False,tn,0.0,-1,False,keep,drop,True,duplicate_cluster,success,retrieve_same_class_image_crops,same_class_image_crops
84,3,bottle,0.294921875,219.0,266.0,247.0,329.0,invalid,strong,drop,success,success,success,drop,high,drop,llm_final_decision,False,False,tn,0.0,-1,False,keep,drop,True,uncertain_score_band|small_box,not_called,,
84,4,motorbike,0.2247314453125,358.0,394.0,566.0,597.0,invalid,strong,drop,success,success,success,drop,high,drop,llm_final_decision,False,False,tn,0.0,-1,False,keep,drop,True,uncertain_score_band|duplicate_cluster,success,retrieve_same_class_image_crops,same_class_image_crops
84,5,person,0.161376953125,92.0,309.0,250.0,517.0,valid,strong,keep,success,success,success,keep,high,keep,llm_final_decision,False,False,fp,0.490172,2,False,drop,keep,True,uncertain_score_band,not_called,,
84,6,motorbike,0.15771484375,147.0,396.0,605.0,597.0,invalid,strong,drop,success,success,success,drop,high,drop,llm_final_decision,False,False,tn,0.0,-1,False,drop,drop,True,uncertain_score_band|duplicate_cluster,success,retrieve_same_class_image_crops,same_class_image_crops
84,7,motorbike,0.1556396484375,358.0,450.0,530.0,595.0,invalid,strong,drop,success,success,success,drop,high,drop,llm_final_decision,False,False,tn,0.0,-1,False,drop,drop,True,uncertain_score_band|duplicate_cluster,success,retrieve_same_class_image_crops,same_class_image_crops
84,8,motorbike,0.12188720703125,256.0,359.0,651.0,598.0,invalid,strong,drop,success,success,success,drop,high,drop,llm_final_decision,False,False,tn,0.0,-1,False,drop,drop,True,uncertain_score_band|duplicate_cluster,success,retrieve_same_class_image_crops|retrieve_class_exemplars,same_class_image_crops|class_exemplars
84,9,motorbike,0.11297607421875,512.0,518.0,603.0,602.0,invalid,strong,drop,success,success,success,drop,high,drop,llm_final_decision,False,False,tn,0.0,-1,False,drop,drop,True,uncertain_score_band,not_called,,
84,10,motorbike,0.10931396484375,93.0,444.0,604.0,596.0,invalid,strong,drop,success,success,success,drop,high,drop,llm_final_decision,False,False,tn,0.0,-1,False,drop,drop,True,uncertain_score_band|duplicate_cluster,success,retrieve_same_class_image_crops|retrieve_class_exemplars,same_class_image_crops|class_exemplars
84,11,motorbike,0.10540771484375,428.0,450.0,649.0,599.0,invalid,strong,drop,success,success,success,drop,high,drop,llm_final_decision,False,False,tn,0.0,-1,False,drop,drop,True,uncertain_score_band|duplicate_cluster,success,retrieve_same_class_image_crops|retrieve_class_exemplars,same_class_image_crops|class_exemplars
87,0,person,0.34521484375,3.0,170.0,278.0,651.0,valid,strong,keep,success,success,success,keep,high,keep,llm_final_decision,False,True,tp,0.746838,0,False,keep,keep,True,border_touching|duplicate_cluster|top_score_sanity_check,success,retrieve_same_class_image_crops,same_class_image_crops
87,1,chair,0.298583984375,639.0,229.0,640.0,651.0,unavailable,unavailable,drop,not_candidate_heuristic,success,not_called,keep,,keep,deterministic_gate,True,False,fp,0.0,-1,True,keep,keep,False,,not_called,,
87,2,chair,0.263916015625,580.0,230.0,640.0,651.0,invalid,strong,drop,success,success,success,drop,high,drop,llm_final_decision,False,False,tn,0.067441,4,False,keep,drop,True,uncertain_score_band|border_touching|top_score_sanity_check,not_called,,
87,3,person,0.2469482421875,2.0,171.0,427.0,651.0,invalid,strong,drop,success,success,success,drop,high,drop,llm_final_decision,False,False,tn,0.47506,0,False,keep,drop,True,uncertain_score_band|border_touching|duplicate_cluster,success,retrieve_same_class_image_crops,same_class_image_crops
87,4,person,0.1910400390625,639.0,139.0,640.0,651.0,unavailable,unavailable,drop,not_candidate_heuristic,success,not_called,drop,,drop,deterministic_gate,True,False,tn,0.0,-1,True,drop,drop,False,,not_called,,
87,5,diningtable,0.1842041015625,57.0,326.0,640.0,651.0,valid,strong,keep,success,success,success,keep,high,keep,llm_final_decision,False,False,fp,0.326624,5,False,drop,keep,True,uncertain_score_band|border_touching|duplicate_cluster,success,retrieve_same_class_image_crops|retrieve_class_exemplars,same_class_image_crops|class_exemplars
87,6,person,0.1505126953125,639.0,138.0,640.0,651.0,unavailable,unavailable,drop,not_candidate_heuristic,success,not_called,drop,,drop,deterministic_gate,True,False,tn,0.0,-1,True,drop,drop,False,,not_called,,
87,7,diningtable,0.1229248046875,227.0,231.0,640.0,651.0,valid,strong,keep,success,success,success,keep,high,keep,llm_final_decision,False,False,fp,0.212654,5,False,drop,keep,True,uncertain_score_band|border_touching|duplicate_cluster,success,retrieve_same_class_image_crops,same_class_image_crops
87,8,chair,0.119384765625,639.0,246.0,640.0,651.0,unavailable,unavailable,drop,not_candidate_heuristic,success,not_called,drop,,drop,deterministic_gate,True,False,tn,0.0,-1,True,drop,drop,False,,not_called,,
87,9,chair,0.11578369140625,227.0,231.0,640.0,651.0,invalid,strong,drop,success,success,success,drop,high,drop,llm_final_decision,False,False,tn,0.111255,4,False,drop,drop,True,uncertain_score_band|border_touching|duplicate_cluster,success,retrieve_same_class_image_crops,same_class_image_crops
87,10,chair,0.114990234375,639.0,263.0,640.0,651.0,unavailable,unavailable,drop,not_candidate_heuristic,success,not_called,drop,,drop,deterministic_gate,True,False,tn,0.0,-1,True,drop,drop,False,,not_called,,
87,11,person,0.1104736328125,1.0,171.0,262.0,524.0,valid,strong,keep,success,success,success,keep,medium,keep,llm_final_decision,False,True,tp,0.672916,0,False,drop,keep,True,uncertain_score_band|border_touching|duplicate_cluster,success,retrieve_same_class_image_crops|retrieve_class_exemplars,same_class_image_crops|class_exemplars
91,0,bottle,0.448486328125,46.0,373.0,79.0,420.0,valid,medium,keep,success,success,success,keep,medium,keep,llm_final_decision,False,False,fp,0.034654,1,False,keep,keep,True,duplicate_cluster|top_score_sanity_check,success,retrieve_same_class_image_crops|retrieve_class_exemplars,same_class_image_crops|class_exemplars
91,1,tvmonitor,0.37109375,243.0,402.0,412.0,518.0,invalid,strong,drop,success,success,success,drop,high,drop,llm_final_decision,False,False,tn,0.272083,0,False,keep,drop,True,top_score_sanity_check,not_called,,
91,2,person,0.290283203125,923.0,274.0,924.0,347.0,unavailable,unavailable,drop,not_candidate_heuristic,success,not_called,keep,,keep,deterministic_gate,True,False,fp,0.0,-1,True,keep,keep,False,,not_called,,
91,3,bottle,0.260498046875,1.0,363.0,49.0,421.0,valid,strong,keep,success,success,success,keep,medium,keep,llm_final_decision,False,False,fp,0.049158,1,False,keep,keep,True,uncertain_score_band|border_touching|duplicate_cluster,success,retrieve_same_class_image_crops|retrieve_class_exemplars,same_class_image_crops|class_exemplars
91,4,bottle,0.228515625,22.0,364.0,52.0,420.0,valid,strong,keep,success,success,success,keep,medium,keep,llm_final_decision,False,False,fp,0.085361,1,False,keep,keep,True,uncertain_score_band|border_touching|small_box|duplicate_cluster,success,retrieve_same_class_image_crops|retrieve_class_exemplars,same_class_image_crops|class_exemplars
91,5,person,0.203369140625,923.0,271.0,924.0,347.0,unavailable,unavailable,drop,not_candidate_heuristic,success,not_called,keep,,keep,deterministic_gate,True,False,fp,0.0,-1,True,keep,keep,False,,not_called,,
91,6,bottle,0.18798828125,395.0,279.0,455.0,344.0,invalid,strong,drop,success,success,success,drop,high,drop,llm_final_decision,False,False,tn,0.0,-1,False,drop,drop,True,uncertain_score_band|duplicate_cluster,success,retrieve_same_class_image_crops,same_class_image_crops
91,7,bottle,0.1842041015625,391.0,280.0,426.0,342.0,invalid,strong,drop,success,success,success,drop,high,drop,llm_final_decision,False,False,tn,0.0,-1,False,drop,drop,True,uncertain_score_band|duplicate_cluster,success,retrieve_same_class_image_crops,same_class_image_crops
91,8,person,0.12744140625,923.0,284.0,924.0,348.0,unavailable,unavailable,drop,not_candidate_heuristic,success,not_called,drop,,drop,deterministic_gate,True,False,tn,0.0,-1,True,drop,drop,False,,not_called,,
91,9,bottle,0.1214599609375,1.0,365.0,79.0,419.0,valid,strong,keep,success,success,success,keep,medium,keep,llm_final_decision,False,False,fp,0.07005,1,False,drop,keep,True,uncertain_score_band|border_touching|duplicate_cluster,success,retrieve_same_class_image_crops|retrieve_class_exemplars,same_class_image_crops|class_exemplars
91,10,tvmonitor,0.12127685546875,2.0,414.0,171.0,640.0,invalid,strong,drop,success,success,success,drop,high,drop,llm_final_decision,False,False,tn,0.0,-1,False,drop,drop,True,uncertain_score_band|border_touching,not_called,,
91,11,bottle,0.12042236328125,31.0,374.0,78.0,420.0,valid,medium,keep,success,success,success,keep,medium,keep,llm_final_decision,False,False,fp,0.035911,1,False,drop,keep,True,uncertain_score_band|duplicate_cluster,success,retrieve_same_class_image_crops|retrieve_class_exemplars,same_class_image_crops|class_exemplars
98,0,person,0.42919921875,122.0,321.0,389.0,580.0,invalid,strong,drop,success,success,success,drop,high,drop,llm_final_decision,False,False,tn,0.253386,1,False,keep,drop,True,duplicate_cluster|top_score_sanity_check,success,retrieve_same_class_image_crops,same_class_image_crops
98,1,person,0.35791015625,590.0,257.0,640.0,568.0,invalid,strong,drop,success,success,success,drop,high,drop,llm_final_decision,False,False,tn,0.0,-1,False,keep,drop,True,border_touching|top_score_sanity_check,not_called,,
98,2,person,0.10321044921875,2.0,317.0,388.0,504.0,invalid,strong,drop,success,success,success,drop,high,drop,llm_final_decision,False,False,tn,0.379758,1,False,drop,drop,True,uncertain_score_band|border_touching|duplicate_cluster,success,retrieve_same_class_image_crops,same_class_image_crops
101,0,motorbike,0.162109375,192.0,280.0,991.0,634.0,invalid,strong,drop,success,success,success,drop,high,drop,llm_final_decision,False,False,tn,0.0,-1,False,drop,drop,True,uncertain_score_band|border_touching|top_score_sanity_check,not_called,,
102,0,person,0.453369140625,336.0,413.0,512.0,524.0,invalid,strong,drop,success,success,success,drop,high,drop,llm_final_decision,False,False,tn,0.137314,1,False,keep,drop,True,top_score_sanity_check,not_called,,
107,0,person,0.85888671875,529.0,137.0,757.0,563.0,valid,strong,keep,success,success,success,keep,high,keep,llm_final_decision,False,False,fp,0.438068,3,False,keep,keep,True,border_touching|duplicate_cluster|top_score_sanity_check,success,retrieve_same_class_image_crops,same_class_image_crops
107,1,person,0.728515625,85.0,185.0,254.0,640.0,valid,strong,keep,success,success,success,keep,high,keep,llm_final_decision,False,True,tp,0.622838,0,False,keep,keep,True,border_touching|top_score_sanity_check,not_called,,
107,2,person,0.5419921875,376.0,170.0,561.0,550.0,invalid,strong,drop,success,success,success,drop,high,drop,llm_final_decision,False,False,tn,0.347559,1,False,keep,drop,True,duplicate_cluster,success,retrieve_same_class_image_crops,same_class_image_crops
107,3,aeroplane,0.137939453125,42.0,4.0,769.0,175.0,invalid,strong,drop,success,success,success,drop,high,drop,llm_final_decision,False,False,tn,0.0,-1,False,drop,drop,True,uncertain_score_band|border_touching|duplicate_cluster,success,retrieve_same_class_image_crops|retrieve_class_exemplars,same_class_image_crops|class_exemplars
107,4,person,0.1375732421875,387.0,139.0,705.0,555.0,valid,strong,keep,success,success,success,keep,high,keep,llm_final_decision,False,True,tp,0.554913,3,False,drop,keep,True,uncertain_score_band|duplicate_cluster,success,retrieve_same_class_image_crops,same_class_image_crops
107,5,aeroplane,0.1104736328125,44.0,2.0,769.0,274.0,invalid,strong,drop,success,success,success,drop,high,drop,llm_final_decision,False,False,tn,0.0,-1,False,drop,drop,True,uncertain_score_band|border_touching|duplicate_cluster,success,retrieve_same_class_image_crops|retrieve_class_exemplars,same_class_image_crops|class_exemplars
108,0,person,0.486328125,7.0,157.0,329.0,640.0,valid,strong,keep,success,success,success,keep,high,keep,llm_final_decision,False,True,tp,0.58441,0,False,keep,keep,True,border_touching|duplicate_cluster|top_score_sanity_check,success,retrieve_same_class_image_crops,same_class_image_crops
108,1,pottedplant,0.350341796875,390.0,421.0,459.0,540.0,valid,medium,keep,success,success,success,drop,medium,drop,llm_final_decision,False,False,tn,0.0,-1,False,keep,keep,True,top_score_sanity_check,not_called,,
108,2,person,0.25390625,24.0,156.0,432.0,581.0,valid,strong,keep,success,success,success,keep,high,keep,llm_final_decision,False,False,fp,0.482429,0,False,keep,keep,True,uncertain_score_band|duplicate_cluster,success,retrieve_same_class_image_crops,same_class_image_crops
108,3,person,0.1634521484375,301.0,3.0,713.0,602.0,valid,strong,keep,success,success,success,keep,medium,keep,llm_final_decision,False,True,tp,0.542103,1,False,drop,keep,True,uncertain_score_band|border_touching|duplicate_cluster,success,retrieve_same_class_image_crops,same_class_image_crops
108,4,pottedplant,0.1505126953125,188.0,426.0,294.0,573.0,invalid,strong,drop,success,success,success,drop,high,drop,llm_final_decision,False,False,tn,0.0,-1,False,drop,drop,True,uncertain_score_band|duplicate_cluster,success,retrieve_same_class_image_crops|retrieve_class_exemplars,same_class_image_crops|class_exemplars
108,5,pottedplant,0.1505126953125,187.0,432.0,237.0,577.0,invalid,strong,drop,success,success,success,drop,high,drop,llm_final_decision,False,False,tn,0.0,-1,False,drop,drop,True,uncertain_score_band|duplicate_cluster,success,retrieve_same_class_image_crops|retrieve_class_exemplars,same_class_image_crops|class_exemplars
108,6,pottedplant,0.1318359375,233.0,431.0,294.0,572.0,invalid,strong,drop,success,success,success,drop,high,drop,llm_final_decision,False,False,tn,0.0,-1,False,drop,drop,True,uncertain_score_band|duplicate_cluster,success,retrieve_same_class_image_crops|retrieve_class_exemplars,same_class_image_crops|class_exemplars
108,7,person,0.1177978515625,10.0,3.0,713.0,610.0,invalid,strong,drop,success,success,success,drop,high,drop,llm_final_decision,False,False,tn,0.418504,1,False,drop,drop,True,uncertain_score_band|border_touching|duplicate_cluster,success,retrieve_same_class_image_crops,same_class_image_crops
108,8,person,0.11737060546875,6.0,155.0,668.0,597.0,invalid,strong,drop,success,success,success,drop,high,drop,llm_final_decision,False,False,tn,0.398233,1,False,drop,drop,True,uncertain_score_band|border_touching|duplicate_cluster,success,retrieve_same_class_image_crops,same_class_image_crops
109,0,tvmonitor,0.87255859375,672.0,93.0,806.0,205.0,valid,strong,keep,success,success,success,keep,high,keep,llm_final_decision,False,True,tp,0.728248,1,False,keep,keep,True,top_score_sanity_check,not_called,,
109,1,car,0.56298828125,517.0,542.0,713.0,624.0,valid,strong,keep,success,success,success,drop,high,drop,llm_final_decision,False,False,tn,0.292009,0,False,keep,keep,True,border_touching|duplicate_cluster|top_score_sanity_check,success,retrieve_same_class_image_crops,same_class_image_crops
109,2,car,0.5244140625,517.0,560.0,617.0,623.0,valid,strong,keep,success,success,success,drop,high,drop,llm_final_decision,False,False,tn,0.364071,0,False,keep,keep,True,border_touching,not_called,,
109,3,bottle,0.21435546875,288.0,502.0,354.0,547.0,valid,strong,keep,success,success,success,keep,medium,keep,llm_final_decision,False,False,fp,0.0,-1,False,keep,keep,True,uncertain_score_band,not_called,,
109,4,car,0.11920166015625,593.0,538.0,713.0,624.0,invalid,strong,drop,success,success,success,drop,high,drop,llm_final_decision,False,False,tn,0.08961,0,False,drop,drop,True,uncertain_score_band|border_touching|duplicate_cluster,success,retrieve_same_class_image_crops,same_class_image_crops
110,0,car,0.15478515625,2.0,1.0,680.0,640.0,invalid,strong,drop,success,success,success,drop,high,drop,llm_final_decision,False,False,tn,0.0,-1,False,drop,drop,True,uncertain_score_band|border_touching|duplicate_cluster|top_score_sanity_check,success,retrieve_same_class_image_crops,same_class_image_crops
110,1,motorbike,0.1265869140625,2.0,1.0,680.0,640.0,invalid,strong,drop,success,success,success,drop,high,drop,llm_final_decision,False,False,tn,0.0,-1,False,drop,drop,True,uncertain_score_band|border_touching|duplicate_cluster|top_score_sanity_check,success,retrieve_same_class_image_crops,same_class_image_crops
110,2,motorbike,0.11474609375,1.0,2.0,605.0,640.0,invalid,strong,drop,success,success,success,drop,high,drop,llm_final_decision,False,False,tn,0.0,-1,False,drop,drop,True,uncertain_score_band|border_touching|duplicate_cluster,success,retrieve_same_class_image_crops|retrieve_class_exemplars,same_class_image_crops|class_exemplars
110,3,chair,0.11083984375,1.0,2.0,605.0,640.0,invalid,strong,drop,success,success,success,drop,high,drop,llm_final_decision,False,False,tn,0.0,-1,False,drop,drop,True,uncertain_score_band|border_touching|duplicate_cluster,success,retrieve_same_class_image_crops|retrieve_class_exemplars,same_class_image_crops|class_exemplars
110,4,boat,0.1104736328125,2.0,1.0,680.0,640.0,invalid,strong,drop,success,success,success,drop,high,drop,llm_final_decision,False,False,tn,0.0,-1,False,drop,drop,True,uncertain_score_band|border_touching|duplicate_cluster,success,retrieve_same_class_image_crops|retrieve_class_exemplars,same_class_image_crops|class_exemplars
110,5,aeroplane,0.10089111328125,2.0,1.0,680.0,640.0,invalid,strong,drop,success,success,success,drop,high,drop,llm_final_decision,False,False,tn,0.0,-1,False,drop,drop,True,uncertain_score_band|border_touching|duplicate_cluster,success,retrieve_same_class_image_crops,same_class_image_crops
111,0,chair,0.5908203125,239.0,425.0,591.0,719.0,valid,strong,keep,success,success,success,keep,high,keep,llm_final_decision,False,False,fp,0.298463,0,False,keep,keep,True,top_score_sanity_check,not_called,,
111,1,pottedplant,0.490234375,568.0,444.0,640.0,548.0,invalid,strong,drop,success,success,success,drop,high,drop,llm_final_decision,False,False,tn,0.0,-1,False,keep,drop,True,border_touching|duplicate_cluster|top_score_sanity_check,success,retrieve_same_class_image_crops,same_class_image_crops
111,2,pottedplant,0.437744140625,90.0,682.0,294.0,771.0,valid,strong,keep,success,success,success,keep,high,keep,llm_final_decision,False,False,fp,0.046115,2,False,keep,keep,True,border_touching|duplicate_cluster,success,retrieve_same_class_image_crops|retrieve_class_exemplars,same_class_image_crops|class_exemplars
111,3,pottedplant,0.4072265625,639.0,622.0,640.0,772.0,unavailable,unavailable,drop,not_candidate_heuristic,success,not_called,keep,,keep,deterministic_gate,True,False,fp,0.0,-1,True,keep,keep,False,,not_called,,
111,4,pottedplant,0.169189453125,482.0,437.0,640.0,550.0,invalid,strong,drop,success,success,success,drop,high,drop,llm_final_decision,False,False,tn,0.091227,1,False,drop,drop,True,uncertain_score_band|border_touching|duplicate_cluster,success,retrieve_same_class_image_crops,same_class_image_crops
111,5,pottedplant,0.1568603515625,86.0,638.0,352.0,772.0,valid,strong,keep,success,success,success,keep,medium,keep,llm_final_decision,False,False,fp,0.063772,2,False,drop,keep,True,uncertain_score_band|border_touching|duplicate_cluster,success,retrieve_same_class_image_crops|retrieve_class_exemplars,same_class_image_crops|class_exemplars
111,6,pottedplant,0.1436767578125,1.0,347.0,206.0,769.0,valid,strong,keep,success,success,success,keep,medium,keep,llm_final_decision,False,True,tp,0.582648,2,False,drop,keep,True,uncertain_score_band|border_touching|duplicate_cluster,success,retrieve_same_class_image_crops|retrieve_class_exemplars,same_class_image_crops|class_exemplars
111,7,pottedplant,0.12890625,1.0,465.0,200.0,769.0,valid,strong,keep,success,success,success,keep,medium,keep,llm_final_decision,False,False,fp,0.467809,2,False,drop,keep,True,uncertain_score_band|border_touching|duplicate_cluster,success,retrieve_same_class_image_crops,same_class_image_crops
111,8,pottedplant,0.1083984375,0.0,472.0,73.0,657.0,valid,medium,keep,success,success,success,keep,medium,keep,llm_final_decision,False,False,fp,0.210486,2,False,drop,keep,True,uncertain_score_band|border_touching,not_called,,
112,0,chair,0.448486328125,2.0,314.0,157.0,640.0,valid,strong,keep,success,success,success,keep,high,keep,llm_final_decision,False,False,fp,0.37977,5,False,keep,keep,True,border_touching|duplicate_cluster|top_score_sanity_check,success,retrieve_same_class_image_crops,same_class_image_crops
112,1,chair,0.279052734375,719.0,260.0,903.0,640.0,invalid,strong,drop,success,success,success,drop,high,drop,llm_final_decision,False,False,tn,0.239778,6,False,keep,drop,True,uncertain_score_band|border_touching|duplicate_cluster|top_score_sanity_check,success,retrieve_same_class_image_crops,same_class_image_crops
112,2,chair,0.250244140625,234.0,474.0,339.0,640.0,invalid,strong,drop,success,success,success,drop,high,drop,llm_final_decision,False,False,tn,0.0,-1,False,keep,drop,True,uncertain_score_band|border_touching|duplicate_cluster,success,retrieve_same_class_image_crops,same_class_image_crops
112,3,chair,0.242919921875,313.0,456.0,405.0,640.0,invalid,strong,drop,success,success,success,drop,high,drop,llm_final_decision,False,False,tn,0.0,-1,False,keep,drop,True,uncertain_score_band|border_touching|duplicate_cluster,success,retrieve_same_class_image_crops,same_class_image_crops
112,4,diningtable,0.234375,9.0,470.0,399.0,640.0,valid,strong,keep,success,success,success,keep,high,keep,llm_final_decision,False,False,fp,0.0,-1,False,keep,keep,True,uncertain_score_band|border_touching|duplicate_cluster,success,retrieve_same_class_image_crops|retrieve_class_exemplars,same_class_image_crops|class_exemplars
112,5,chair,0.2298583984375,777.0,481.0,892.0,640.0,valid,strong,keep,success,success,success,keep,medium,keep,llm_final_decision,False,False,fp,0.341786,6,False,keep,keep,True,uncertain_score_band|border_touching|duplicate_cluster,success,retrieve_same_class_image_crops,same_class_image_crops
112,6,bottle,0.1702880859375,722.0,639.0,740.0,640.0,unavailable,unavailable,drop,not_candidate_heuristic,success,not_called,drop,,drop,deterministic_gate,True,False,tn,0.0,-1,True,drop,drop,False,,not_called,,
112,7,diningtable,0.16455078125,563.0,477.0,802.0,640.0,valid,strong,keep,success,success,success,keep,high,keep,llm_final_decision,False,False,fp,0.0,-1,False,drop,keep,True,uncertain_score_band|border_touching|duplicate_cluster,success,retrieve_same_class_image_crops|retrieve_class_exemplars,same_class_image_crops|class_exemplars
112,8,diningtable,0.1566162109375,234.0,474.0,339.0,640.0,valid,strong,keep,success,success,success,keep,high,keep,llm_final_decision,False,False,fp,0.0,-1,False,drop,keep,True,uncertain_score_band|border_touching|duplicate_cluster,success,retrieve_same_class_image_crops|retrieve_class_exemplars,same_class_image_crops|class_exemplars
112,9,bottle,0.1510009765625,721.0,639.0,740.0,640.0,unavailable,unavailable,drop,not_candidate_heuristic,success,not_called,drop,,drop,deterministic_gate,True,False,tn,0.0,-1,True,drop,drop,False,,not_called,,
112,10,bottle,0.1326904296875,722.0,639.0,739.0,640.0,unavailable,unavailable,drop,not_candidate_heuristic,success,not_called,drop,,drop,deterministic_gate,True,False,tn,0.0,-1,True,drop,drop,False,,not_called,,
112,11,chair,0.1248779296875,722.0,477.0,903.0,640.0,invalid,strong,drop,success,success,success,drop,high,drop,llm_final_decision,False,False,tn,0.254819,6,False,drop,drop,True,uncertain_score_band|border_touching|duplicate_cluster,success,retrieve_same_class_image_crops,same_class_image_crops
112,12,diningtable,0.1163330078125,236.0,458.0,405.0,640.0,valid,strong,keep,success,success,success,keep,high,keep,llm_final_decision,False,False,fp,0.0,-1,False,drop,keep,True,uncertain_score_band|border_touching|duplicate_cluster,success,retrieve_same_class_image_crops|retrieve_class_exemplars,same_class_image_crops|class_exemplars
112,13,chair,0.1033935546875,562.0,470.0,673.0,640.0,invalid,strong,drop,success,success,success,drop,high,drop,llm_final_decision,False,False,tn,0.0,-1,False,drop,drop,True,uncertain_score_band|border_touching|duplicate_cluster,success,retrieve_same_class_image_crops,same_class_image_crops
112,14,chair,0.1033935546875,12.0,474.0,182.0,640.0,valid,strong,keep,success,success,success,keep,medium,keep,llm_final_decision,False,False,fp,0.278387,5,False,drop,keep,True,uncertain_score_band|border_touching|duplicate_cluster,success,retrieve_same_class_image_crops,same_class_image_crops
114,0,aeroplane,0.43310546875,226.0,97.0,749.0,640.0,invalid,strong,drop,success,success,success,drop,high,drop,llm_final_decision,False,False,tn,0.0,-1,False,keep,drop,True,border_touching|duplicate_cluster|top_score_sanity_check,success,retrieve_same_class_image_crops,same_class_image_crops
114,1,boat,0.10614013671875,226.0,97.0,749.0,640.0,invalid,strong,drop,success,success,success,drop,high,drop,llm_final_decision,False,False,tn,0.0,-1,False,drop,drop,True,uncertain_score_band|border_touching|duplicate_cluster|top_score_sanity_check,success,retrieve_class_exemplars,class_exemplars
115,0,motorbike,0.490234375,239.0,270.0,673.0,640.0,invalid,strong,drop,success,success,success,drop,high,drop,llm_final_decision,False,False,tn,0.0,-1,False,keep,drop,True,border_touching|duplicate_cluster|top_score_sanity_check,success,retrieve_same_class_image_crops|retrieve_class_exemplars,same_class_image_crops|class_exemplars
115,1,tvmonitor,0.34423828125,724.0,5.0,927.0,283.0,invalid,strong,drop,success,success,success,drop,high,drop,llm_final_decision,False,False,tn,0.0,-1,False,keep,drop,True,border_touching|top_score_sanity_check,not_called,,
115,2,person,0.26513671875,2.0,47.0,235.0,640.0,valid,strong,keep,success,success,success,keep,high,keep,llm_final_decision,False,True,tp,0.532599,0,False,keep,keep,True,uncertain_score_band|border_touching,not_called,,
115,3,bicycle,0.1943359375,239.0,270.0,673.0,640.0,invalid,strong,drop,success,success,success,drop,high,drop,llm_final_decision,False,False,tn,0.0,-1,False,drop,drop,True,uncertain_score_band|border_touching|duplicate_cluster,success,retrieve_same_class_image_crops|retrieve_class_exemplars,same_class_image_crops|class_exemplars
115,4,person,0.1766357421875,237.0,47.0,678.0,640.0,invalid,strong,drop,success,success,success,drop,high,drop,llm_final_decision,False,False,tn,0.242942,2,False,drop,drop,True,uncertain_score_band|border_touching|duplicate_cluster,success,retrieve_same_class_image_crops,same_class_image_crops
115,5,person,0.1279296875,397.0,41.0,680.0,640.0,valid,strong,keep,success,success,success,keep,high,keep,llm_final_decision,False,False,fp,0.448456,2,False,drop,keep,True,uncertain_score_band|border_touching|duplicate_cluster,success,retrieve_same_class_image_crops,same_class_image_crops
115,6,chair,0.1240234375,239.0,270.0,673.0,640.0,invalid,strong,drop,success,success,success,drop,high,drop,llm_final_decision,False,False,tn,0.0,-1,False,drop,drop,True,uncertain_score_band|border_touching|duplicate_cluster,success,retrieve_same_class_image_crops|retrieve_class_exemplars,same_class_image_crops|class_exemplars
115,7,motorbike,0.10614013671875,239.0,287.0,542.0,640.0,invalid,strong,drop,success,success,success,drop,high,drop,llm_final_decision,False,False,tn,0.0,-1,False,drop,drop,True,uncertain_score_band|border_touching|duplicate_cluster,success,retrieve_same_class_image_crops|retrieve_class_exemplars,same_class_image_crops|class_exemplars
116,0,chair,0.453369140625,96.0,389.0,478.0,640.0,invalid,strong,drop,success,success,success,drop,high,drop,llm_final_decision,False,False,tn,0.061827,0,False,keep,drop,True,border_touching|duplicate_cluster|top_score_sanity_check,success,retrieve_same_class_image_crops|retrieve_class_exemplars,same_class_image_crops|class_exemplars
116,1,chair,0.373046875,639.0,375.0,640.0,640.0,unavailable,unavailable,drop,not_candidate_heuristic,success,not_called,keep,,keep,deterministic_gate,True,False,fp,0.0,-1,True,keep,keep,False,,not_called,,
116,2,chair,0.218017578125,639.0,343.0,640.0,640.0,unavailable,unavailable,drop,not_candidate_heuristic,success,not_called,keep,,keep,deterministic_gate,True,False,fp,0.0,-1,True,keep,keep,False,,not_called,,
116,3,person,0.1556396484375,96.0,389.0,478.0,640.0,invalid,strong,drop,success,success,success,drop,high,drop,llm_final_decision,False,False,tn,0.0,-1,False,drop,drop,True,uncertain_score_band|border_touching|duplicate_cluster|top_score_sanity_check,success,retrieve_same_class_image_crops,same_class_image_crops
116,4,chair,0.1368408203125,639.0,381.0,640.0,585.0,unavailable,unavailable,drop,not_candidate_heuristic,success,not_called,drop,,drop,deterministic_gate,True,False,tn,0.0,-1,True,drop,drop,False,,not_called,,
116,5,person,0.1334228515625,546.0,233.0,640.0,640.0,invalid,strong,drop,success,success,success,drop,high,drop,llm_final_decision,False,False,tn,0.0,-1,False,drop,drop,True,uncertain_score_band|border_touching,not_called,,
116,6,chair,0.132080078125,96.0,389.0,486.0,634.0,invalid,strong,drop,success,success,success,drop,high,drop,llm_final_decision,False,False,tn,0.102644,0,False,drop,drop,True,uncertain_score_band|border_touching|duplicate_cluster,success,retrieve_same_class_image_crops,same_class_image_crops
116,7,chair,0.1246337890625,639.0,384.0,640.0,640.0,unavailable,unavailable,drop,not_candidate_heuristic,success,not_called,drop,,drop,deterministic_gate,True,False,tn,0.0,-1,True,drop,drop,False,,not_called,,
116,8,diningtable,0.1181640625,116.0,545.0,640.0,640.0,invalid,strong,drop,success,success,success,drop,high,drop,llm_final_decision,False,False,tn,0.034436,1,False,drop,drop,True,uncertain_score_band|border_touching,not_called,,
116,9,chair,0.10723876953125,91.0,387.0,295.0,640.0,invalid,strong,drop,success,success,success,drop,high,drop,llm_final_decision,False,False,tn,0.110025,0,False,drop,drop,True,uncertain_score_band|border_touching|duplicate_cluster,success,retrieve_same_class_image_crops,same_class_image_crops
116,10,chair,0.1015625,639.0,384.0,640.0,595.0,unavailable,unavailable,drop,not_candidate_heuristic,success,not_called,drop,,drop,deterministic_gate,True,False,tn,0.0,-1,True,drop,drop,False,,not_called,,
117,0,chair,0.1483154296875,488.0,4.0,640.0,445.0,invalid,strong,drop,success,success,success,drop,high,drop,llm_final_decision,False,False,tn,0.0,-1,False,drop,drop,True,uncertain_score_band|border_touching|top_score_sanity_check,not_called,,
117,1,chair,0.1478271484375,639.0,1.0,640.0,396.0,unavailable,unavailable,drop,not_candidate_heuristic,success,not_called,drop,,drop,deterministic_gate,True,False,tn,0.0,-1,True,drop,drop,False,,not_called,,
119,0,chair,0.265380859375,66.0,1.0,960.0,640.0,invalid,strong,drop,success,success,success,drop,high,drop,llm_final_decision,False,False,tn,0.069948,1,False,keep,drop,True,uncertain_score_band|border_touching|duplicate_cluster|top_score_sanity_check,success,retrieve_same_class_image_crops,same_class_image_crops
119,1,chair,0.169189453125,392.0,2.0,960.0,640.0,invalid,strong,drop,success,success,success,drop,high,drop,llm_final_decision,False,False,tn,0.089651,1,False,drop,drop,True,uncertain_score_band|border_touching|duplicate_cluster|top_score_sanity_check,success,retrieve_same_class_image_crops|retrieve_class_exemplars,same_class_image_crops|class_exemplars
119,2,chair,0.12127685546875,413.0,630.0,765.0,640.0,unavailable,unavailable,drop,not_candidate_heuristic,success,not_called,drop,,drop,deterministic_gate,True,False,tn,0.0,-1,True,drop,drop,False,,not_called,,
119,3,chair,0.10107421875,71.0,425.0,888.0,640.0,invalid,strong,drop,success,success,success,drop,high,drop,llm_final_decision,False,False,tn,0.080021,1,False,drop,drop,True,uncertain_score_band|border_touching,not_called,,
121,0,tvmonitor,0.444580078125,510.0,0.0,640.0,396.0,invalid,strong,drop,success,success,success,drop,high,drop,llm_final_decision,False,False,tn,0.0,-1,False,keep,drop,True,border_touching|duplicate_cluster|top_score_sanity_check,success,retrieve_same_class_image_crops,same_class_image_crops
121,1,tvmonitor,0.342529296875,72.0,0.0,640.0,532.0,valid,strong,keep,success,success,success,keep,high,keep,llm_final_decision,False,False,fp,0.228912,0,False,keep,keep,True,border_touching|duplicate_cluster|top_score_sanity_check,success,retrieve_same_class_image_crops|retrieve_class_exemplars,same_class_image_crops|class_exemplars
121,2,tvmonitor,0.296142578125,73.0,68.0,640.0,519.0,valid,strong,keep,success,success,success,keep,high,keep,llm_final_decision,False,False,fp,0.412126,0,False,keep,keep,True,uncertain_score_band|border_touching|duplicate_cluster,success,retrieve_same_class_image_crops|retrieve_class_exemplars,same_class_image_crops|class_exemplars
121,3,tvmonitor,0.17529296875,514.0,0.0,640.0,287.0,invalid,strong,drop,success,success,success,drop,high,drop,llm_final_decision,False,False,tn,0.0,-1,False,drop,drop,True,uncertain_score_band|border_touching|duplicate_cluster,success,retrieve_same_class_image_crops,same_class_image_crops
122,0,horse,0.4111328125,818.0,321.0,1252.0,592.0,valid,strong,keep,success,success,success,keep,high,keep,llm_final_decision,False,False,fp,0.201229,1,False,keep,keep,True,duplicate_cluster|top_score_sanity_check,success,retrieve_same_class_image_crops|retrieve_class_exemplars,same_class_image_crops|class_exemplars
122,1,horse,0.1949462890625,936.0,319.0,1307.0,554.0,valid,strong,keep,success,success,success,keep,high,keep,llm_final_decision,False,False,fp,0.276495,2,False,drop,keep,True,uncertain_score_band|border_touching|duplicate_cluster|top_score_sanity_check,success,retrieve_same_class_image_crops|retrieve_class_exemplars,same_class_image_crops|class_exemplars
122,2,horse,0.19287109375,818.0,382.0,1127.0,557.0,valid,strong,keep,success,success,success,keep,high,keep,llm_final_decision,False,False,fp,0.4059,1,False,drop,keep,True,uncertain_score_band|duplicate_cluster,success,retrieve_same_class_image_crops|retrieve_class_exemplars,same_class_image_crops|class_exemplars
122,3,horse,0.1685791015625,1032.0,321.0,1306.0,532.0,valid,strong,keep,success,success,success,keep,high,keep,llm_final_decision,False,False,fp,0.453736,2,False,drop,keep,True,uncertain_score_band|border_touching|duplicate_cluster,success,retrieve_same_class_image_crops|retrieve_class_exemplars,same_class_image_crops|class_exemplars
122,4,horse,0.1661376953125,933.0,322.0,1129.0,557.0,valid,strong,keep,success,success,success,keep,high,keep,llm_final_decision,False,True,tp,0.514512,1,False,drop,keep,True,uncertain_score_band|duplicate_cluster,success,retrieve_same_class_image_crops|retrieve_class_exemplars,same_class_image_crops|class_exemplars
122,5,horse,0.1495361328125,545.0,321.0,1192.0,535.0,valid,strong,keep,success,success,success,keep,high,keep,llm_final_decision,False,False,fp,0.170757,1,False,drop,keep,True,uncertain_score_band|duplicate_cluster,success,retrieve_same_class_image_crops|retrieve_class_exemplars,same_class_image_crops|class_exemplars
122,6,pottedplant,0.131591796875,131.0,498.0,198.0,590.0,invalid,strong,drop,success,success,success,drop,high,drop,llm_final_decision,False,False,tn,0.0,-1,False,drop,drop,True,uncertain_score_band,not_called,,
122,7,person,0.12445068359375,817.0,383.0,964.0,520.0,invalid,strong,drop,success,success,success,drop,high,drop,llm_final_decision,False,False,tn,0.0,-1,False,drop,drop,True,uncertain_score_band|duplicate_cluster,success,retrieve_same_class_image_crops,same_class_image_crops
122,8,horse,0.12249755859375,815.0,382.0,976.0,520.0,valid,strong,keep,success,success,success,keep,high,keep,llm_final_decision,False,True,tp,0.591283,0,False,drop,keep,True,uncertain_score_band|duplicate_cluster,success,retrieve_same_class_image_crops|retrieve_class_exemplars,same_class_image_crops|class_exemplars
122,9,horse,0.11859130859375,1096.0,274.0,1307.0,530.0,valid,strong,keep,success,success,success,keep,high,keep,llm_final_decision,False,False,fp,0.405211,2,False,drop,keep,True,uncertain_score_band|border_touching|duplicate_cluster,success,retrieve_same_class_image_crops|retrieve_class_exemplars,same_class_image_crops|class_exemplars
122,10,horse,0.1114501953125,547.0,303.0,966.0,521.0,invalid,strong,drop,success,success,success,drop,high,drop,llm_final_decision,False,False,tn,0.241297,0,False,drop,drop,True,uncertain_score_band|duplicate_cluster,success,retrieve_same_class_image_crops,same_class_image_crops
122,11,cow,0.10968017578125,818.0,382.0,1127.0,557.0,invalid,strong,drop,success,success,success,drop,high,drop,llm_final_decision,False,False,tn,0.0,-1,False,drop,drop,True,uncertain_score_band|duplicate_cluster,success,retrieve_same_class_image_crops|retrieve_class_exemplars,same_class_image_crops|class_exemplars
122,12,horse,0.10723876953125,552.0,303.0,837.0,528.0,invalid,strong,drop,success,success,success,drop,high,drop,llm_final_decision,False,False,tn,0.035595,0,False,drop,drop,True,uncertain_score_band|duplicate_cluster,success,retrieve_same_class_image_crops|retrieve_class_exemplars,same_class_image_crops|class_exemplars
123,0,bottle,0.79736328125,639.0,31.0,640.0,176.0,unavailable,unavailable,drop,not_candidate_heuristic,success,not_called,keep,,keep,deterministic_gate,True,False,fp,0.0,-1,True,keep,keep,False,,not_called,,
123,1,bottle,0.57470703125,639.0,30.0,640.0,160.0,unavailable,unavailable,drop,not_candidate_heuristic,success,not_called,keep,,keep,deterministic_gate,True,False,fp,0.0,-1,True,keep,keep,False,,not_called,,
123,2,boat,0.175537109375,75.0,12.0,640.0,653.0,invalid,strong,drop,success,success,success,drop,high,drop,llm_final_decision,False,False,tn,0.0,-1,False,drop,drop,True,uncertain_score_band|border_touching|duplicate_cluster|top_score_sanity_check,success,retrieve_same_class_image_crops|retrieve_class_exemplars,same_class_image_crops|class_exemplars
123,3,car,0.11376953125,75.0,12.0,640.0,653.0,invalid,strong,drop,success,success,success,drop,high,drop,llm_final_decision,False,False,tn,0.0,-1,False,drop,drop,True,uncertain_score_band|border_touching|duplicate_cluster|top_score_sanity_check,success,retrieve_same_class_image_crops|retrieve_class_exemplars,same_class_image_crops|class_exemplars
123,4,bicycle,0.1131591796875,75.0,12.0,640.0,653.0,invalid,strong,drop,success,success,success,drop,high,drop,llm_final_decision,False,False,tn,0.0,-1,False,drop,drop,True,uncertain_score_band|border_touching|duplicate_cluster,success,retrieve_same_class_image_crops,same_class_image_crops
125,0,bottle,0.2139892578125,657.0,529.0,658.0,640.0,unavailable,unavailable,drop,not_candidate_heuristic,success,not_called,keep,,keep,deterministic_gate,True,False,fp,0.0,-1,True,keep,keep,False,,not_called,,
125,1,bottle,0.183837890625,657.0,528.0,658.0,622.0,unavailable,unavailable,drop,not_candidate_heuristic,success,not_called,drop,,drop,deterministic_gate,True,False,tn,0.0,-1,True,drop,drop,False,,not_called,,
125,2,motorbike,0.1781005859375,2.0,1.0,658.0,640.0,invalid,strong,drop,success,success,success,drop,high,drop,llm_final_decision,False,False,tn,0.0,-1,False,drop,drop,True,uncertain_score_band|border_touching|duplicate_cluster|top_score_sanity_check,success,retrieve_same_class_image_crops,same_class_image_crops
125,3,car,0.1453857421875,2.0,1.0,658.0,640.0,invalid,strong,drop,success,success,success,drop,high,drop,llm_final_decision,False,False,tn,0.0,-1,False,drop,drop,True,uncertain_score_band|border_touching|duplicate_cluster|top_score_sanity_check,success,retrieve_same_class_image_crops,same_class_image_crops
125,4,bicycle,0.1282958984375,2.0,1.0,658.0,640.0,invalid,strong,drop,success,success,success,drop,high,drop,llm_final_decision,False,False,tn,0.0,-1,False,drop,drop,True,uncertain_score_band|border_touching|duplicate_cluster,success,retrieve_same_class_image_crops,same_class_image_crops
126,0,person,0.87548828125,495.0,237.0,600.0,509.0,valid,strong,keep,success,success,success,keep,high,keep,llm_final_decision,False,True,tp,0.771975,1,False,keep,keep,True,top_score_sanity_check,not_called,,
126,1,person,0.7392578125,201.0,330.0,281.0,511.0,valid,strong,keep,success,success,success,keep,high,keep,llm_final_decision,False,False,fp,0.460475,0,False,keep,keep,True,top_score_sanity_check,not_called,,
126,2,person,0.442626953125,684.0,287.0,770.0,510.0,uncertain,weak,keep,not_candidate_heuristic,success,not_called,keep,,keep,deterministic_gate,False,True,tp,0.75704,2,False,keep,keep,False,,not_called,,
126,3,sofa,0.43017578125,3.0,355.0,283.0,500.0,valid,strong,keep,success,success,success,keep,high,keep,llm_final_decision,False,True,tp,0.585566,3,False,keep,keep,True,border_touching,not_called,,
126,4,tvmonitor,0.345458984375,735.0,390.0,801.0,486.0,invalid,strong,drop,success,success,success,drop,high,drop,llm_final_decision,False,False,tn,0.0,-1,False,keep,drop,True,border_touching|duplicate_cluster,success,retrieve_same_class_image_crops|retrieve_class_exemplars,same_class_image_crops|class_exemplars
126,5,pottedplant,0.34033203125,560.0,200.0,604.0,246.0,uncertain,weak,keep,not_candidate_heuristic,success,not_called,keep,,keep,deterministic_gate,False,False,fp,0.0,-1,False,keep,keep,False,,not_called,,
126,6,sofa,0.29736328125,488.0,339.0,799.0,504.0,valid,strong,keep,success,success,success,keep,medium,keep,llm_final_decision,False,True,tp,0.711594,4,False,keep,keep,True,uncertain_score_band|border_touching|duplicate_cluster,success,retrieve_same_class_image_crops|retrieve_class_exemplars,same_class_image_crops|class_exemplars
126,7,car,0.28369140625,488.0,339.0,799.0,504.0,invalid,strong,drop,success,success,success,drop,high,drop,llm_final_decision,False,False,tn,0.0,-1,False,keep,drop,True,uncertain_score_band|border_touching|duplicate_cluster,success,retrieve_same_class_image_crops|retrieve_class_exemplars,same_class_image_crops|class_exemplars
126,8,tvmonitor,0.1131591796875,688.0,385.0,801.0,494.0,invalid,strong,drop,success,success,success,drop,high,drop,llm_final_decision,False,False,tn,0.0,-1,False,drop,drop,True,uncertain_score_band|border_touching|duplicate_cluster,success,retrieve_same_class_image_crops,same_class_image_crops
126,9,tvmonitor,0.11199951171875,730.0,351.0,802.0,487.0,invalid,strong,drop,success,success,success,drop,high,drop,llm_final_decision,False,False,tn,0.0,-1,False,drop,drop,True,uncertain_score_band|border_touching|duplicate_cluster,success,retrieve_same_class_image_crops,same_class_image_crops
126,10,chair,0.10174560546875,262.0,355.0,327.0,494.0,invalid,strong,drop,success,success,success,drop,high,drop,llm_final_decision,False,False,tn,0.0,-1,False,drop,drop,True,uncertain_score_band,not_called,,
128,0,car,0.8662109375,12.0,531.0,215.0,640.0,valid,strong,keep,success,success,success,keep,high,keep,llm_final_decision,False,True,tp,0.506884,0,False,keep,keep,True,border_touching|top_score_sanity_check,not_called,,
128,1,car,0.2281494140625,62.0,524.0,124.0,568.0,valid,medium,keep,success,success,success,keep,medium,keep,llm_final_decision,False,False,fp,0.09227,0,False,keep,keep,True,uncertain_score_band|duplicate_cluster|top_score_sanity_check,success,retrieve_same_class_image_crops,same_class_image_crops
128,2,person,0.1175537109375,89.0,517.0,124.0,565.0,invalid,strong,drop,success,success,success,drop,high,drop,llm_final_decision,False,False,tn,0.0,-1,False,drop,drop,True,uncertain_score_band|duplicate_cluster,success,retrieve_same_class_image_crops,same_class_image_crops
128,3,car,0.115966796875,31.0,525.0,186.0,572.0,valid,medium,keep,success,success,success,keep,medium,keep,llm_final_decision,False,False,fp,0.251887,0,False,drop,keep,True,uncertain_score_band,not_called,,
134,0,boat,0.66796875,360.0,233.0,524.0,474.0,valid,strong,keep,success,success,success,keep,high,keep,llm_final_decision,False,False,fp,0.219415,1,False,keep,keep,True,top_score_sanity_check,not_called,,
134,1,boat,0.2490234375,276.0,336.0,375.0,441.0,valid,strong,keep,success,success,success,keep,high,keep,llm_final_decision,False,False,fp,0.298933,1,False,keep,keep,True,uncertain_score_band|top_score_sanity_check,not_called,,
134,2,boat,0.174072265625,7.0,230.0,640.0,474.0,valid,strong,keep,success,success,success,keep,high,keep,llm_final_decision,False,False,fp,0.162003,1,False,drop,keep,True,uncertain_score_band|border_touching|duplicate_cluster,success,retrieve_same_class_image_crops|retrieve_class_exemplars,same_class_image_crops|class_exemplars
134,3,boat,0.158203125,18.0,234.0,529.0,475.0,valid,strong,keep,success,success,success,keep,high,keep,llm_final_decision,False,False,fp,0.250191,1,False,drop,keep,True,uncertain_score_band|border_touching|duplicate_cluster,success,retrieve_same_class_image_crops|retrieve_class_exemplars,same_class_image_crops|class_exemplars
134,4,aeroplane,0.1336669921875,18.0,234.0,529.0,475.0,invalid,strong,drop,success,success,success,drop,high,drop,llm_final_decision,False,False,tn,0.0,-1,False,drop,drop,True,uncertain_score_band|border_touching|duplicate_cluster,success,retrieve_same_class_image_crops|retrieve_class_exemplars,same_class_image_crops|class_exemplars
134,5,aeroplane,0.1259765625,12.0,113.0,640.0,472.0,invalid,strong,drop,success,success,success,drop,high,drop,llm_final_decision,False,False,tn,0.0,-1,False,drop,drop,True,uncertain_score_band|border_touching|duplicate_cluster,success,retrieve_same_class_image_crops|retrieve_class_exemplars,same_class_image_crops|class_exemplars
134,6,boat,0.1165771484375,10.0,287.0,385.0,512.0,valid,strong,keep,success,success,success,keep,high,keep,llm_final_decision,False,False,fp,0.189424,1,False,drop,keep,True,uncertain_score_band|border_touching|duplicate_cluster,success,retrieve_same_class_image_crops|retrieve_class_exemplars,same_class_image_crops|class_exemplars
134,7,aeroplane,0.11614990234375,7.0,230.0,640.0,474.0,invalid,strong,drop,success,success,success,drop,high,drop,llm_final_decision,False,False,tn,0.0,-1,False,drop,drop,True,uncertain_score_band|border_touching|duplicate_cluster,success,retrieve_same_class_image_crops|retrieve_class_exemplars,same_class_image_crops|class_exemplars
134,8,boat,0.1044921875,4.0,123.0,640.0,489.0,valid,strong,keep,success,success,success,keep,high,keep,llm_final_decision,False,False,fp,0.1102,1,False,drop,keep,True,uncertain_score_band|border_touching|duplicate_cluster,success,retrieve_same_class_image_crops|retrieve_class_exemplars,same_class_image_crops|class_exemplars
134,9,boat,0.1007080078125,4.0,230.0,640.0,594.0,valid,strong,keep,success,success,success,keep,high,keep,llm_final_decision,False,False,fp,0.108371,1,False,drop,keep,True,uncertain_score_band|border_touching|duplicate_cluster,success,retrieve_same_class_image_crops|retrieve_class_exemplars,same_class_image_crops|class_exemplars
135,0,bus,0.394287109375,1.0,0.0,734.0,638.0,invalid,strong,drop,success,success,success,drop,high,drop,llm_final_decision,False,False,tn,0.0,-1,False,keep,drop,True,border_touching|duplicate_cluster|top_score_sanity_check,success,retrieve_class_exemplars,class_exemplars
135,1,horse,0.34765625,608.0,377.0,734.0,640.0,invalid,strong,drop,success,success,success,drop,high,drop,llm_final_decision,False,False,tn,0.0,-1,False,keep,drop,True,border_touching|duplicate_cluster|top_score_sanity_check,success,retrieve_same_class_image_crops,same_class_image_crops
135,2,horse,0.2418212890625,512.0,378.0,734.0,640.0,invalid,strong,drop,success,success,success,drop,high,drop,llm_final_decision,False,False,tn,0.0,-1,False,keep,drop,True,uncertain_score_band|border_touching|duplicate_cluster,success,retrieve_same_class_image_crops|retrieve_class_exemplars,same_class_image_crops|class_exemplars
135,3,sheep,0.2322998046875,1.0,0.0,734.0,638.0,invalid,strong,drop,success,success,success,drop,high,drop,llm_final_decision,False,False,tn,0.055907,0,False,keep,drop,True,uncertain_score_band|border_touching|duplicate_cluster,success,retrieve_same_class_image_crops|retrieve_class_exemplars,same_class_image_crops|class_exemplars
135,4,cow,0.191650390625,608.0,377.0,734.0,640.0,valid,strong,keep,success,success,success,keep,medium,keep,llm_final_decision,False,False,fp,0.312205,3,False,drop,keep,True,uncertain_score_band|border_touching|duplicate_cluster,success,retrieve_same_class_image_crops|retrieve_class_exemplars,same_class_image_crops|class_exemplars
135,5,chair,0.16455078125,608.0,377.0,734.0,640.0,invalid,strong,drop,success,success,success,drop,high,drop,llm_final_decision,False,False,tn,0.0,-1,False,drop,drop,True,uncertain_score_band|border_touching|duplicate_cluster,success,retrieve_same_class_image_crops|retrieve_class_exemplars,same_class_image_crops|class_exemplars
135,6,dog,0.1446533203125,608.0,377.0,734.0,640.0,invalid,strong,drop,success,success,success,drop,high,drop,llm_final_decision,False,False,tn,0.0,-1,False,drop,drop,True,uncertain_score_band|border_touching|duplicate_cluster,success,retrieve_same_class_image_crops,same_class_image_crops
135,7,chair,0.1300048828125,512.0,378.0,734.0,640.0,invalid,strong,drop,success,success,success,drop,high,drop,llm_final_decision,False,False,tn,0.0,-1,False,drop,drop,True,uncertain_score_band|border_touching|duplicate_cluster,success,retrieve_same_class_image_crops|retrieve_class_exemplars,same_class_image_crops|class_exemplars
135,8,cow,0.125244140625,512.0,378.0,734.0,640.0,valid,strong,keep,success,success,success,keep,medium,keep,llm_final_decision,False,True,tp,0.538111,3,False,drop,keep,True,uncertain_score_band|border_touching|duplicate_cluster,success,retrieve_same_class_image_crops|retrieve_class_exemplars,same_class_image_crops|class_exemplars
136,0,bicycle,0.77685546875,120.0,195.0,640.0,640.0,valid,strong,keep,success,success,success,keep,high,keep,llm_final_decision,False,False,fp,0.381598,0,False,keep,keep,True,border_touching|top_score_sanity_check,not_called,,
136,1,pottedplant,0.56787109375,443.0,315.0,625.0,451.0,invalid,strong,drop,success,success,success,drop,high,drop,llm_final_decision,False,False,tn,0.0,-1,False,keep,drop,True,border_touching|duplicate_cluster|top_score_sanity_check,success,retrieve_same_class_image_crops,same_class_image_crops
136,2,bicycle,0.4716796875,446.0,313.0,640.0,640.0,invalid,strong,drop,success,success,success,drop,high,drop,llm_final_decision,False,False,tn,0.086717,0,False,keep,drop,True,border_touching|duplicate_cluster,success,retrieve_same_class_image_crops|retrieve_class_exemplars,same_class_image_crops|class_exemplars
136,3,pottedplant,0.1566162109375,446.0,313.0,640.0,640.0,invalid,strong,drop,success,success,success,drop,high,drop,llm_final_decision,False,False,tn,0.0,-1,False,drop,drop,True,uncertain_score_band|border_touching|duplicate_cluster,success,retrieve_same_class_image_crops|retrieve_class_exemplars,same_class_image_crops|class_exemplars
136,4,pottedplant,0.13427734375,440.0,316.0,620.0,506.0,invalid,strong,drop,success,success,success,drop,high,drop,llm_final_decision,False,False,tn,0.0,-1,False,drop,drop,True,uncertain_score_band|duplicate_cluster,success,retrieve_same_class_image_crops|retrieve_class_exemplars,same_class_image_crops|class_exemplars
137,0,chair,0.712890625,639.0,318.0,640.0,430.0,unavailable,unavailable,drop,not_candidate_heuristic,success,not_called,keep,,keep,deterministic_gate,True,False,fp,0.0,-1,True,keep,keep,False,,not_called,,
137,1,chair,0.43017578125,493.0,319.0,640.0,572.0,valid,strong,keep,success,success,success,keep,high,keep,llm_final_decision,False,False,fp,0.146783,1,False,keep,keep,True,border_touching|duplicate_cluster|top_score_sanity_check,success,retrieve_same_class_image_crops|retrieve_class_exemplars,same_class_image_crops|class_exemplars
137,2,pottedplant,0.2978515625,639.0,234.0,640.0,330.0,unavailable,unavailable,drop,not_candidate_heuristic,success,not_called,keep,,keep,deterministic_gate,True,False,fp,0.0,-1,True,keep,keep,False,,not_called,,
137,3,chair,0.294677734375,465.0,385.0,640.0,576.0,valid,strong,keep,success,success,success,keep,medium,keep,llm_final_decision,False,False,fp,0.167976,1,False,keep,keep,True,uncertain_score_band|border_touching|duplicate_cluster|top_score_sanity_check,success,retrieve_same_class_image_crops|retrieve_class_exemplars,same_class_image_crops|class_exemplars
137,4,chair,0.19189453125,639.0,318.0,640.0,428.0,unavailable,unavailable,drop,not_candidate_heuristic,success,not_called,drop,,drop,deterministic_gate,True,False,tn,0.0,-1,True,drop,drop,False,,not_called,,
137,5,diningtable,0.1744384765625,639.0,318.0,640.0,428.0,unavailable,unavailable,drop,not_candidate_heuristic,success,not_called,drop,,drop,deterministic_gate,True,False,tn,0.0,-1,True,drop,drop,False,,not_called,,
137,6,person,0.129638671875,172.0,337.0,216.0,377.0,invalid,strong,drop,success,success,success,drop,high,drop,llm_final_decision,False,False,tn,0.0,-1,False,drop,drop,True,uncertain_score_band,not_called,,
137,7,diningtable,0.12939453125,465.0,385.0,640.0,576.0,invalid,strong,drop,success,success,success,drop,high,drop,llm_final_decision,False,False,tn,0.0,-1,False,drop,drop,True,uncertain_score_band|border_touching|duplicate_cluster,success,retrieve_same_class_image_crops|retrieve_class_exemplars,same_class_image_crops|class_exemplars
137,8,chair,0.125244140625,505.0,317.0,640.0,431.0,valid,strong,keep,success,success,success,keep,medium,keep,llm_final_decision,False,False,fp,0.081665,1,False,drop,keep,True,uncertain_score_band|border_touching|duplicate_cluster,success,retrieve_same_class_image_crops,same_class_image_crops
137,9,car,0.11456298828125,307.0,294.0,335.0,311.0,invalid,strong,drop,success,success,success,drop,high,drop,llm_final_decision,False,False,tn,0.0,-1,False,drop,drop,True,uncertain_score_band|small_box,not_called,,
137,10,chair,0.1143798828125,539.0,318.0,640.0,570.0,invalid,strong,drop,success,success,success,drop,high,drop,llm_final_decision,False,False,tn,0.064088,1,False,drop,drop,True,uncertain_score_band|border_touching|duplicate_cluster,success,retrieve_same_class_image_crops|retrieve_class_exemplars,same_class_image_crops|class_exemplars
138,0,chair,0.1331787109375,555.0,476.0,640.0,620.0,invalid,strong,drop,success,success,success,drop,high,drop,llm_final_decision,False,False,tn,0.0,-1,False,drop,drop,True,uncertain_score_band|border_touching|top_score_sanity_check,not_called,,
138,1,train,0.129150390625,0.0,95.0,640.0,622.0,valid,strong,keep,success,success,success,keep,high,keep,llm_final_decision,False,False,fp,0.227848,0,False,drop,keep,True,uncertain_score_band|border_touching|duplicate_cluster|top_score_sanity_check,success,retrieve_same_class_image_crops,same_class_image_crops
138,2,boat,0.1014404296875,0.0,95.0,640.0,622.0,invalid,strong,drop,success,success,success,drop,high,drop,llm_final_decision,False,False,tn,0.0,-1,False,drop,drop,True,uncertain_score_band|border_touching|duplicate_cluster,success,retrieve_same_class_image_crops,same_class_image_crops
140,0,person,0.69287109375,749.0,382.0,839.0,511.0,valid,strong,keep,success,success,success,keep,high,keep,llm_final_decision,False,False,fp,0.337625,3,False,keep,keep,True,border_touching|top_score_sanity_check,not_called,,
140,1,person,0.6669921875,578.0,231.0,659.0,424.0,valid,strong,keep,success,success,success,keep,high,keep,llm_final_decision,False,True,tp,0.675695,2,False,keep,keep,True,top_score_sanity_check,not_called,,
140,2,chair,0.5361328125,356.0,410.0,508.0,625.0,invalid,strong,drop,success,success,success,drop,high,drop,llm_final_decision,False,False,tn,0.0,-1,False,keep,drop,True,border_touching|duplicate_cluster,success,retrieve_same_class_image_crops,same_class_image_crops
140,3,person,0.5283203125,283.0,245.0,352.0,396.0,valid,strong,keep,success,success,success,keep,high,keep,llm_final_decision,False,False,fp,0.475805,1,False,keep,keep,True,duplicate_cluster,success,retrieve_same_class_image_crops,same_class_image_crops
140,4,person,0.449462890625,61.0,361.0,137.0,570.0,uncertain,weak,keep,not_candidate_heuristic,success,not_called,keep,,keep,deterministic_gate,False,False,fp,0.372839,0,False,keep,keep,False,,not_called,,
140,5,person,0.43505859375,60.0,361.0,258.0,597.0,uncertain,weak,keep,not_candidate_heuristic,success,not_called,keep,,keep,deterministic_gate,False,False,fp,0.305988,0,False,keep,keep,False,,not_called,,
140,6,person,0.2432861328125,266.0,245.0,353.0,548.0,valid,strong,keep,success,success,success,keep,high,keep,llm_final_decision,False,False,fp,0.285493,1,False,keep,keep,True,uncertain_score_band|duplicate_cluster,success,retrieve_same_class_image_crops,same_class_image_crops
140,7,person,0.217041015625,289.0,325.0,348.0,397.0,invalid,strong,drop,success,success,success,drop,high,drop,llm_final_decision,False,False,tn,0.094137,1,False,keep,drop,True,uncertain_score_band,not_called,,
140,8,person,0.153076171875,197.0,245.0,352.0,569.0,invalid,strong,drop,success,success,success,drop,high,drop,llm_final_decision,False,False,tn,0.156226,1,False,drop,drop,True,uncertain_score_band|duplicate_cluster,success,retrieve_same_class_image_crops,same_class_image_crops
140,9,chair,0.12548828125,351.0,264.0,505.0,625.0,invalid,strong,drop,success,success,success,drop,high,drop,llm_final_decision,False,False,tn,0.0,-1,False,drop,drop,True,uncertain_score_band|border_touching|duplicate_cluster,success,retrieve_same_class_image_crops,same_class_image_crops
140,10,person,0.116943359375,289.0,246.0,351.0,502.0,valid,strong,keep,success,success,success,keep,high,keep,llm_final_decision,False,False,fp,0.301771,1,False,drop,keep,True,uncertain_score_band|duplicate_cluster,success,retrieve_same_class_image_crops,same_class_image_crops
140,11,sofa,0.11676025390625,572.0,293.0,849.0,563.0,invalid,strong,drop,success,success,success,drop,high,drop,llm_final_decision,False,False,tn,0.0,-1,False,drop,drop,True,uncertain_score_band|border_touching|duplicate_cluster,success,retrieve_same_class_image_crops,same_class_image_crops
140,12,boat,0.10504150390625,481.0,264.0,849.0,569.0,invalid,strong,drop,success,success,success,drop,high,drop,llm_final_decision,False,False,tn,0.0,-1,False,drop,drop,True,uncertain_score_band|border_touching|duplicate_cluster,success,retrieve_same_class_image_crops,same_class_image_crops
142,0,person,0.1993408203125,340.0,2.0,489.0,370.0,valid,strong,keep,success,success,success,keep,medium,keep,llm_final_decision,False,True,tp,0.628132,0,False,drop,keep,True,uncertain_score_band|border_touching|duplicate_cluster|top_score_sanity_check,success,retrieve_same_class_image_crops|retrieve_class_exemplars,same_class_image_crops|class_exemplars
142,1,boat,0.16748046875,11.0,0.0,489.0,640.0,valid,strong,keep,success,success,success,keep,medium,keep,llm_final_decision,False,False,fp,0.0,-1,False,drop,keep,True,uncertain_score_band|border_touching|top_score_sanity_check,not_called,,
142,2,boat,0.1229248046875,197.0,1.0,487.0,385.0,invalid,strong,drop,success,success,success,drop,high,drop,llm_final_decision,False,False,tn,0.0,-1,False,drop,drop,True,uncertain_score_band|border_touching|duplicate_cluster,success,retrieve_same_class_image_crops|retrieve_class_exemplars,same_class_image_crops|class_exemplars
142,3,person,0.12274169921875,197.0,1.0,487.0,385.0,valid,strong,keep,success,success,success,keep,medium,keep,llm_final_decision,False,False,fp,0.402694,0,False,drop,keep,True,uncertain_score_band|border_touching|duplicate_cluster,success,retrieve_same_class_image_crops|retrieve_class_exemplars,same_class_image_crops|class_exemplars
146,0,person,0.2015380859375,414.0,267.0,640.0,738.0,valid,strong,keep,success,success,success,keep,medium,keep,llm_final_decision,False,False,fp,0.346273,1,False,keep,keep,True,uncertain_score_band|border_touching|duplicate_cluster|top_score_sanity_check,success,retrieve_same_class_image_crops|retrieve_class_exemplars,same_class_image_crops|class_exemplars
146,1,person,0.1602783203125,0.0,0.0,640.0,753.0,valid,strong,keep,success,success,success,keep,medium,keep,llm_final_decision,False,False,fp,0.189227,1,False,drop,keep,True,uncertain_score_band|border_touching|duplicate_cluster|top_score_sanity_check,success,retrieve_same_class_image_crops|retrieve_class_exemplars,same_class_image_crops|class_exemplars
146,2,motorbike,0.12445068359375,0.0,248.0,640.0,951.0,invalid,strong,drop,success,success,success,drop,high,drop,llm_final_decision,False,False,tn,0.0,-1,False,drop,drop,True,uncertain_score_band|border_touching|duplicate_cluster,success,retrieve_same_class_image_crops|retrieve_class_exemplars,same_class_image_crops|class_exemplars
146,3,person,0.10723876953125,411.0,480.0,640.0,737.0,valid,strong,keep,success,success,success,keep,medium,keep,llm_final_decision,False,False,fp,0.317733,1,False,drop,keep,True,uncertain_score_band|border_touching|duplicate_cluster,success,retrieve_same_class_image_crops,same_class_image_crops
147,0,person,0.74560546875,163.0,38.0,330.0,640.0,valid,strong,keep,success,success,success,keep,high,keep,llm_final_decision,False,False,fp,0.466736,0,False,keep,keep,True,border_touching|top_score_sanity_check,not_called,,
147,1,tvmonitor,0.443603515625,401.0,447.0,560.0,640.0,invalid,strong,drop,success,success,success,drop,high,drop,llm_final_decision,False,False,tn,0.0,-1,False,keep,drop,True,border_touching|duplicate_cluster|top_score_sanity_check,success,retrieve_same_class_image_crops|retrieve_class_exemplars,same_class_image_crops|class_exemplars
147,2,person,0.312744140625,494.0,529.0,529.0,591.0,uncertain,weak,keep,not_candidate_heuristic,success,not_called,keep,,keep,deterministic_gate,False,False,fp,0.0,-1,False,keep,keep,False,,not_called,,
147,3,bird,0.2509765625,463.0,74.0,507.0,108.0,invalid,strong,drop,success,success,success,drop,high,drop,llm_final_decision,False,False,tn,0.0,-1,False,keep,drop,True,uncertain_score_band,not_called,,
147,4,person,0.1634521484375,426.0,522.0,533.0,591.0,invalid,strong,drop,success,success,success,drop,high,drop,llm_final_decision,False,False,tn,0.0,-1,False,drop,drop,True,uncertain_score_band,not_called,,
147,5,person,0.12249755859375,425.0,553.0,471.0,590.0,invalid,strong,drop,success,success,success,drop,high,drop,llm_final_decision,False,False,tn,0.0,-1,False,drop,drop,True,uncertain_score_band,not_called,,
147,6,tvmonitor,0.12213134765625,400.0,448.0,559.0,620.0,invalid,strong,drop,success,success,success,drop,high,drop,llm_final_decision,False,False,tn,0.0,-1,False,drop,drop,True,uncertain_score_band|duplicate_cluster,success,retrieve_same_class_image_crops,same_class_image_crops
147,7,aeroplane,0.1014404296875,1.0,527.0,703.0,640.0,invalid,strong,drop,success,success,success,drop,high,drop,llm_final_decision,False,False,tn,0.0,-1,False,drop,drop,True,uncertain_score_band|border_touching|duplicate_cluster,success,retrieve_same_class_image_crops|retrieve_class_exemplars,same_class_image_crops|class_exemplars
147,8,boat,0.1014404296875,1.0,527.0,703.0,640.0,invalid,strong,drop,success,success,success,drop,high,drop,llm_final_decision,False,False,tn,0.0,-1,False,drop,drop,True,uncertain_score_band|border_touching|duplicate_cluster,success,retrieve_same_class_image_crops,same_class_image_crops
148,0,bird,0.75146484375,442.0,57.0,527.0,178.0,valid,strong,keep,success,success,success,keep,high,keep,llm_final_decision,False,False,fp,0.464097,2,False,keep,keep,True,top_score_sanity_check,not_called,,
148,1,cat,0.541015625,663.0,533.0,752.0,640.0,invalid,strong,drop,success,success,success,drop,high,drop,llm_final_decision,False,False,tn,0.0,-1,False,keep,drop,True,border_touching|duplicate_cluster|top_score_sanity_check,success,retrieve_same_class_image_crops,same_class_image_crops
148,2,cat,0.5380859375,63.0,181.0,164.0,429.0,invalid,strong,drop,success,success,success,drop,high,drop,llm_final_decision,False,False,tn,0.0,-1,False,keep,drop,True,duplicate_cluster,success,retrieve_same_class_image_crops,same_class_image_crops
148,3,dog,0.37939453125,663.0,533.0,752.0,640.0,invalid,strong,drop,success,success,success,drop,high,drop,llm_final_decision,False,False,tn,0.0,-1,False,keep,drop,True,border_touching|duplicate_cluster,success,retrieve_same_class_image_crops,same_class_image_crops
148,4,bird,0.297119140625,198.0,182.0,297.0,325.0,invalid,strong,drop,success,success,success,drop,high,drop,llm_final_decision,False,False,tn,0.0,-1,False,keep,drop,True,uncertain_score_band|duplicate_cluster,success,retrieve_same_class_image_crops|retrieve_class_exemplars,same_class_image_crops|class_exemplars
148,5,dog,0.2958984375,542.0,273.0,654.0,377.0,invalid,strong,drop,success,success,success,drop,high,drop,llm_final_decision,False,False,tn,0.0,-1,False,keep,drop,True,uncertain_score_band|duplicate_cluster,success,retrieve_same_class_image_crops|retrieve_class_exemplars,same_class_image_crops|class_exemplars
148,6,cow,0.287353515625,542.0,273.0,654.0,377.0,invalid,strong,drop,success,success,success,drop,high,drop,llm_final_decision,False,False,tn,0.0,-1,False,keep,drop,True,uncertain_score_band|duplicate_cluster,success,retrieve_same_class_image_crops|retrieve_class_exemplars,same_class_image_crops|class_exemplars
148,7,cat,0.25634765625,198.0,182.0,297.0,325.0,invalid,strong,drop,success,success,success,drop,high,drop,llm_final_decision,False,False,tn,0.0,-1,False,keep,drop,True,uncertain_score_band|duplicate_cluster,success,retrieve_same_class_image_crops|retrieve_class_exemplars,same_class_image_crops|class_exemplars
148,8,sheep,0.2047119140625,542.0,273.0,654.0,377.0,invalid,strong,drop,success,success,success,drop,high,drop,llm_final_decision,False,False,tn,0.0,-1,False,keep,drop,True,uncertain_score_band|duplicate_cluster,success,retrieve_same_class_image_crops|retrieve_class_exemplars,same_class_image_crops|class_exemplars
148,9,dog,0.1947021484375,69.0,495.0,228.0,640.0,invalid,strong,drop,success,success,success,drop,high,drop,llm_final_decision,False,False,tn,0.0,-1,False,drop,drop,True,uncertain_score_band|border_touching|duplicate_cluster,success,retrieve_same_class_image_crops,same_class_image_crops
148,10,chair,0.17724609375,633.0,197.0,737.0,355.0,invalid,strong,drop,success,success,success,drop,high,drop,llm_final_decision,False,False,tn,0.0,-1,False,drop,drop,True,uncertain_score_band|duplicate_cluster,success,retrieve_same_class_image_crops|retrieve_class_exemplars,same_class_image_crops|class_exemplars
148,11,horse,0.16748046875,542.0,273.0,654.0,377.0,invalid,strong,drop,success,success,success,drop,high,drop,llm_final_decision,False,False,tn,0.0,-1,False,drop,drop,True,uncertain_score_band|duplicate_cluster,success,retrieve_same_class_image_crops|retrieve_class_exemplars,same_class_image_crops|class_exemplars
148,12,bird,0.1553955078125,69.0,495.0,228.0,640.0,invalid,strong,drop,success,success,success,drop,high,drop,llm_final_decision,False,False,tn,0.0,-1,False,drop,drop,True,uncertain_score_band|border_touching|duplicate_cluster,success,retrieve_same_class_image_crops,same_class_image_crops
148,13,dog,0.1412353515625,63.0,181.0,164.0,429.0,invalid,strong,drop,success,success,success,drop,high,drop,llm_final_decision,False,False,tn,0.0,-1,False,drop,drop,True,uncertain_score_band|duplicate_cluster,success,retrieve_same_class_image_crops|retrieve_class_exemplars,same_class_image_crops|class_exemplars
148,14,pottedplant,0.134033203125,147.0,639.0,474.0,640.0,unavailable,unavailable,drop,not_candidate_heuristic,success,not_called,drop,,drop,deterministic_gate,True,False,tn,0.0,-1,True,drop,drop,False,,not_called,,
148,15,dog,0.1285400390625,531.0,531.0,750.0,640.0,invalid,strong,drop,success,success,success,drop,high,drop,llm_final_decision,False,False,tn,0.0,-1,False,drop,drop,True,uncertain_score_band|border_touching|duplicate_cluster,success,retrieve_same_class_image_crops|retrieve_class_exemplars,same_class_image_crops|class_exemplars
148,16,bird,0.12445068359375,255.0,178.0,297.0,261.0,invalid,strong,drop,success,success,success,drop,high,drop,llm_final_decision,False,False,tn,0.0,-1,False,drop,drop,True,uncertain_score_band|duplicate_cluster,success,retrieve_same_class_image_crops|retrieve_class_exemplars,same_class_image_crops|class_exemplars
148,17,dog,0.12249755859375,530.0,531.0,662.0,640.0,invalid,strong,drop,success,success,success,drop,high,drop,llm_final_decision,False,False,tn,0.0,-1,False,drop,drop,True,uncertain_score_band|border_touching|duplicate_cluster,success,retrieve_same_class_image_crops|retrieve_class_exemplars,same_class_image_crops|class_exemplars
148,18,cat,0.11474609375,542.0,273.0,654.0,377.0,invalid,strong,drop,success,success,success,drop,high,drop,llm_final_decision,False,False,tn,0.0,-1,False,drop,drop,True,uncertain_score_band|duplicate_cluster,success,retrieve_same_class_image_crops|retrieve_class_exemplars,same_class_image_crops|class_exemplars
148,19,cat,0.10504150390625,255.0,178.0,297.0,261.0,invalid,strong,drop,success,success,success,drop,high,drop,llm_final_decision,False,False,tn,0.0,-1,False,drop,drop,True,uncertain_score_band|duplicate_cluster,success,retrieve_same_class_image_crops,same_class_image_crops
148,20,pottedplant,0.10394287109375,633.0,197.0,737.0,355.0,invalid,strong,drop,success,success,success,drop,high,drop,llm_final_decision,False,False,tn,0.0,-1,False,drop,drop,True,uncertain_score_band|duplicate_cluster,success,retrieve_same_class_image_crops|retrieve_class_exemplars,same_class_image_crops|class_exemplars
150,0,chair,0.79443359375,552.0,342.0,673.0,513.0,valid,strong,keep,success,success,success,keep,high,keep,llm_final_decision,False,True,tp,0.518285,1,False,keep,keep,True,duplicate_cluster|top_score_sanity_check,success,retrieve_same_class_image_crops|retrieve_class_exemplars,same_class_image_crops|class_exemplars
150,1,chair,0.70263671875,391.0,396.0,533.0,640.0,valid,strong,keep,success,success,success,keep,high,keep,llm_final_decision,False,True,tp,0.532565,0,False,keep,keep,True,border_touching|duplicate_cluster|top_score_sanity_check,success,retrieve_same_class_image_crops|retrieve_class_exemplars,same_class_image_crops|class_exemplars
150,2,chair,0.6875,734.0,416.0,853.0,640.0,valid,strong,keep,success,success,success,keep,high,keep,llm_final_decision,False,False,fp,0.426995,4,False,keep,keep,True,border_touching|duplicate_cluster,success,retrieve_same_class_image_crops|retrieve_class_exemplars,same_class_image_crops|class_exemplars
150,3,chair,0.4892578125,666.0,348.0,767.0,440.0,valid,strong,keep,success,success,success,keep,medium,keep,llm_final_decision,False,False,fp,0.242487,2,False,keep,keep,True,duplicate_cluster,success,retrieve_same_class_image_crops,same_class_image_crops
150,4,chair,0.32373046875,467.0,343.0,750.0,640.0,invalid,strong,drop,success,success,success,drop,high,drop,llm_final_decision,False,False,tn,0.244558,3,False,keep,drop,True,border_touching|duplicate_cluster,success,retrieve_same_class_image_crops|retrieve_class_exemplars,same_class_image_crops|class_exemplars
150,5,diningtable,0.2880859375,396.0,490.0,748.0,640.0,valid,strong,keep,success,success,success,keep,high,keep,llm_final_decision,False,False,fp,0.0,-1,False,keep,keep,True,uncertain_score_band|border_touching|duplicate_cluster,success,retrieve_same_class_image_crops|retrieve_class_exemplars,same_class_image_crops|class_exemplars
150,6,diningtable,0.285888671875,311.0,418.0,853.0,640.0,invalid,strong,drop,success,success,success,drop,high,drop,llm_final_decision,False,False,tn,0.0,-1,False,keep,drop,True,uncertain_score_band|border_touching|duplicate_cluster,success,retrieve_same_class_image_crops,same_class_image_crops
150,7,chair,0.2333984375,460.0,340.0,680.0,520.0,invalid,strong,drop,success,success,success,drop,high,drop,llm_final_decision,False,False,tn,0.415768,1,False,keep,drop,True,uncertain_score_band|duplicate_cluster,success,retrieve_same_class_image_crops|retrieve_class_exemplars,same_class_image_crops|class_exemplars
150,8,chair,0.21044921875,283.0,395.0,533.0,631.0,valid,strong,keep,success,success,success,keep,medium,keep,llm_final_decision,False,False,fp,0.422998,0,False,keep,keep,True,uncertain_score_band|border_touching|duplicate_cluster,success,retrieve_same_class_image_crops|retrieve_class_exemplars,same_class_image_crops|class_exemplars
150,9,chair,0.1871337890625,630.0,351.0,808.0,630.0,invalid,strong,drop,success,success,success,drop,high,drop,llm_final_decision,False,False,tn,0.325845,4,False,drop,drop,True,uncertain_score_band|border_touching|duplicate_cluster,success,retrieve_same_class_image_crops,same_class_image_crops
150,10,diningtable,0.1810302734375,629.0,419.0,853.0,640.0,valid,strong,keep,success,success,success,keep,high,keep,llm_final_decision,False,False,fp,0.0,-1,False,drop,keep,True,uncertain_score_band|border_touching|duplicate_cluster,success,retrieve_same_class_image_crops|retrieve_class_exemplars,same_class_image_crops|class_exemplars
150,11,chair,0.169677734375,740.0,336.0,853.0,636.0,valid,strong,keep,success,success,success,keep,high,keep,llm_final_decision,False,False,fp,0.356529,4,False,drop,keep,True,uncertain_score_band|border_touching|duplicate_cluster,success,retrieve_same_class_image_crops,same_class_image_crops
150,12,chair,0.157958984375,609.0,360.0,853.0,640.0,invalid,strong,drop,success,success,success,drop,high,drop,llm_final_decision,False,False,tn,0.262749,4,False,drop,drop,True,uncertain_score_band|border_touching|duplicate_cluster,success,retrieve_same_class_image_crops|retrieve_class_exemplars,same_class_image_crops|class_exemplars
150,13,chair,0.1505126953125,852.0,380.0,853.0,614.0,unavailable,unavailable,drop,not_candidate_heuristic,success,not_called,drop,,drop,deterministic_gate,True,False,tn,0.0,-1,True,drop,drop,False,,not_called,,
150,14,chair,0.1468505859375,583.0,496.0,750.0,640.0,invalid,strong,drop,success,success,success,drop,high,drop,llm_final_decision,False,True,fn,0.60349,3,False,drop,drop,True,uncertain_score_band|border_touching|duplicate_cluster,success,retrieve_same_class_image_crops,same_class_image_crops
150,15,chair,0.1422119140625,852.0,386.0,853.0,520.0,unavailable,unavailable,drop,not_candidate_heuristic,success,not_called,drop,,drop,deterministic_gate,True,False,tn,0.0,-1,True,drop,drop,False,,not_called,,
150,16,diningtable,0.140869140625,467.0,412.0,853.0,528.0,invalid,strong,drop,success,success,success,drop,high,drop,llm_final_decision,False,False,tn,0.0,-1,False,drop,drop,True,uncertain_score_band|border_touching|duplicate_cluster,success,retrieve_same_class_image_crops,same_class_image_crops
150,17,chair,0.140380859375,625.0,350.0,811.0,518.0,invalid,strong,drop,success,success,success,drop,high,drop,llm_final_decision,False,False,tn,0.261056,4,False,drop,drop,True,uncertain_score_band|duplicate_cluster,success,retrieve_same_class_image_crops|retrieve_class_exemplars,same_class_image_crops|class_exemplars
150,18,chair,0.1358642578125,616.0,341.0,675.0,440.0,valid,strong,keep,success,success,success,keep,high,keep,llm_final_decision,False,False,fp,0.141579,2,False,drop,keep,True,uncertain_score_band|duplicate_cluster,success,retrieve_same_class_image_crops|retrieve_class_exemplars,same_class_image_crops|class_exemplars
150,19,chair,0.1312255859375,561.0,342.0,674.0,441.0,valid,strong,keep,success,success,success,keep,high,keep,llm_final_decision,False,False,fp,0.381231,1,False,drop,keep,True,uncertain_score_band|duplicate_cluster,success,retrieve_same_class_image_crops|retrieve_class_exemplars,same_class_image_crops|class_exemplars
150,20,chair,0.1287841796875,394.0,396.0,531.0,529.0,valid,strong,keep,success,success,success,keep,high,keep,llm_final_decision,False,False,fp,0.491803,0,False,drop,keep,True,uncertain_score_band|duplicate_cluster,success,retrieve_same_class_image_crops|retrieve_class_exemplars,same_class_image_crops|class_exemplars
150,21,chair,0.1287841796875,720.0,466.0,853.0,640.0,valid,strong,keep,success,success,success,keep,high,keep,llm_final_decision,False,False,fp,0.345889,4,False,drop,keep,True,uncertain_score_band|border_touching|duplicate_cluster,success,retrieve_same_class_image_crops|retrieve_class_exemplars,same_class_image_crops|class_exemplars
150,22,diningtable,0.1265869140625,284.0,283.0,853.0,640.0,invalid,strong,drop,success,success,success,drop,high,drop,llm_final_decision,False,False,tn,0.0,-1,False,drop,drop,True,uncertain_score_band|border_touching|duplicate_cluster,success,retrieve_same_class_image_crops,same_class_image_crops
150,23,diningtable,0.125244140625,472.0,412.0,853.0,640.0,invalid,strong,drop,success,success,success,drop,high,drop,llm_final_decision,False,False,tn,0.0,-1,False,drop,drop,True,uncertain_score_band|border_touching|duplicate_cluster,success,retrieve_same_class_image_crops,same_class_image_crops
150,24,chair,0.12066650390625,392.0,341.0,673.0,581.0,invalid,strong,drop,success,success,success,drop,high,drop,llm_final_decision,False,False,tn,0.323767,0,False,drop,drop,True,uncertain_score_band|duplicate_cluster,success,retrieve_same_class_image_crops,same_class_image_crops
150,25,chair,0.11962890625,662.0,306.0,768.0,440.0,valid,strong,keep,success,success,success,keep,high,keep,llm_final_decision,False,False,fp,0.396196,2,False,drop,keep,True,uncertain_score_band|duplicate_cluster,success,retrieve_same_class_image_crops|retrieve_class_exemplars,same_class_image_crops|class_exemplars
150,26,chair,0.1177978515625,625.0,344.0,763.0,440.0,valid,strong,keep,success,success,success,keep,high,keep,llm_final_decision,False,False,fp,0.31525,2,False,drop,keep,True,uncertain_score_band|duplicate_cluster,success,retrieve_same_class_image_crops,same_class_image_crops
150,27,diningtable,0.1175537109375,283.0,395.0,533.0,631.0,valid,strong,keep,success,success,success,keep,high,keep,llm_final_decision,False,False,fp,0.0,-1,False,drop,keep,True,uncertain_score_band|border_touching|duplicate_cluster,success,retrieve_same_class_image_crops|retrieve_class_exemplars,same_class_image_crops|class_exemplars
150,28,chair,0.11376953125,394.0,481.0,747.0,640.0,invalid,strong,drop,success,success,success,drop,high,drop,llm_final_decision,False,False,tn,0.321271,3,False,drop,drop,True,uncertain_score_band|border_touching|duplicate_cluster,success,retrieve_same_class_image_crops|retrieve_class_exemplars,same_class_image_crops|class_exemplars
150,29,diningtable,0.1104736328125,285.0,356.0,715.0,640.0,valid,strong,keep,success,success,success,keep,high,keep,llm_final_decision,False,False,fp,0.0,-1,False,drop,keep,True,uncertain_score_band|border_touching|duplicate_cluster,success,retrieve_same_class_image_crops|retrieve_class_exemplars,same_class_image_crops|class_exemplars
150,30,diningtable,0.11029052734375,570.0,366.0,853.0,640.0,invalid,strong,drop,success,success,success,drop,high,drop,llm_final_decision,False,False,tn,0.0,-1,False,drop,drop,True,uncertain_score_band|border_touching|duplicate_cluster,success,retrieve_same_class_image_crops,same_class_image_crops
150,31,diningtable,0.10894775390625,437.0,470.0,825.0,640.0,invalid,strong,drop,success,success,success,drop,high,drop,llm_final_decision,False,False,tn,0.0,-1,False,drop,drop,True,uncertain_score_band|border_touching|duplicate_cluster,success,retrieve_same_class_image_crops,same_class_image_crops
150,32,person,0.10504150390625,467.0,343.0,750.0,640.0,invalid,strong,drop,success,success,success,drop,high,drop,llm_final_decision,False,False,tn,0.0,-1,False,drop,drop,True,uncertain_score_band|border_touching|duplicate_cluster,success,retrieve_same_class_image_crops,same_class_image_crops
150,33,chair,0.10247802734375,748.0,364.0,853.0,576.0,valid,strong,keep,success,success,success,keep,high,keep,llm_final_decision,False,False,fp,0.37586,4,False,drop,keep,True,uncertain_score_band|border_touching|duplicate_cluster,success,retrieve_same_class_image_crops|retrieve_class_exemplars,same_class_image_crops|class_exemplars
152,0,bottle,0.319580078125,203.0,134.0,251.0,197.0,invalid,strong,drop,success,success,success,drop,high,drop,llm_final_decision,False,False,tn,0.0,-1,False,keep,drop,True,top_score_sanity_check,not_called,,
152,1,chair,0.25341796875,589.0,562.0,640.0,665.0,invalid,strong,drop,success,success,success,drop,high,drop,llm_final_decision,False,False,tn,0.0,-1,False,keep,drop,True,uncertain_score_band|border_touching|top_score_sanity_check,not_called,,
152,2,chair,0.1983642578125,247.0,463.0,326.0,579.0,invalid,strong,drop,success,success,success,drop,high,drop,llm_final_decision,False,False,tn,0.0,-1,False,drop,drop,True,uncertain_score_band|duplicate_cluster,success,retrieve_class_exemplars,class_exemplars
152,3,bottle,0.17724609375,538.0,38.0,572.0,94.0,invalid,strong,drop,success,success,success,drop,high,drop,llm_final_decision,False,False,tn,0.0,-1,False,drop,drop,True,uncertain_score_band,not_called,,
152,4,tvmonitor,0.1505126953125,247.0,463.0,326.0,579.0,invalid,strong,drop,success,success,success,drop,high,drop,llm_final_decision,False,False,tn,0.0,-1,False,drop,drop,True,uncertain_score_band|duplicate_cluster,success,retrieve_class_exemplars,class_exemplars
152,5,bottle,0.12127685546875,553.0,176.0,589.0,231.0,invalid,strong,drop,success,success,success,drop,high,drop,llm_final_decision,False,False,tn,0.0,-1,False,drop,drop,True,uncertain_score_band,not_called,,
152,6,person,0.11981201171875,162.0,0.0,640.0,668.0,invalid,strong,drop,success,success,success,drop,high,drop,llm_final_decision,False,False,tn,0.0,-1,False,drop,drop,True,uncertain_score_band|border_touching|duplicate_cluster,success,retrieve_same_class_image_crops|retrieve_class_exemplars,same_class_image_crops|class_exemplars
152,7,train,0.10821533203125,47.0,479.0,140.0,557.0,invalid,strong,drop,success,success,success,drop,high,drop,llm_final_decision,False,False,tn,0.0,-1,False,drop,drop,True,uncertain_score_band,not_called,,
152,8,train,0.10430908203125,162.0,0.0,640.0,668.0,invalid,strong,drop,success,success,success,drop,high,drop,llm_final_decision,False,False,tn,0.0,-1,False,drop,drop,True,uncertain_score_band|border_touching|duplicate_cluster,success,retrieve_class_exemplars,class_exemplars
157,0,aeroplane,0.42724609375,473.0,121.0,854.0,285.0,valid,strong,keep,success,success,success,keep,high,keep,llm_final_decision,False,True,tp,0.722824,2,False,keep,keep,True,duplicate_cluster|top_score_sanity_check,success,retrieve_same_class_image_crops|retrieve_class_exemplars,same_class_image_crops|class_exemplars
157,1,person,0.24658203125,468.0,261.0,509.0,315.0,valid,strong,keep,success,success,success,keep,high,keep,llm_final_decision,False,False,fp,0.041775,1,False,keep,keep,True,uncertain_score_band|top_score_sanity_check,not_called,,
157,2,aeroplane,0.2288818359375,452.0,49.0,853.0,294.0,valid,strong,keep,success,success,success,keep,high,keep,llm_final_decision,False,True,tp,0.740409,2,False,keep,keep,True,uncertain_score_band|duplicate_cluster,success,retrieve_same_class_image_crops|retrieve_class_exemplars,same_class_image_crops|class_exemplars
157,3,person,0.207275390625,388.0,259.0,547.0,633.0,valid,strong,keep,success,success,success,keep,high,keep,llm_final_decision,False,True,tp,0.8029,1,False,keep,keep,True,uncertain_score_band|border_touching|duplicate_cluster,success,retrieve_same_class_image_crops,same_class_image_crops
157,4,person,0.1419677734375,243.0,261.0,547.0,640.0,valid,strong,keep,success,success,success,keep,high,keep,llm_final_decision,False,False,fp,0.398793,1,False,drop,keep,True,uncertain_score_band|border_touching|duplicate_cluster,success,retrieve_same_class_image_crops,same_class_image_crops
157,5,aeroplane,0.1370849609375,503.0,197.0,671.0,285.0,valid,strong,keep,success,success,success,keep,high,keep,llm_final_decision,False,False,fp,0.200728,2,False,drop,keep,True,uncertain_score_band,not_called,,
157,6,person,0.13525390625,718.0,219.0,744.0,249.0,invalid,strong,drop,success,success,success,drop,high,drop,llm_final_decision,False,False,tn,0.0,-1,False,drop,drop,True,uncertain_score_band|small_box,not_called,,
157,7,aeroplane,0.1302490234375,345.0,123.0,854.0,296.0,valid,strong,keep,success,success,success,keep,high,keep,llm_final_decision,False,True,tp,0.571422,2,False,drop,keep,True,uncertain_score_band|duplicate_cluster,success,retrieve_same_class_image_crops|retrieve_class_exemplars,same_class_image_crops|class_exemplars
157,8,pottedplant,0.12890625,698.0,394.0,725.0,423.0,valid,medium,keep,success,success,success,drop,high,drop,llm_final_decision,False,False,tn,0.0,-1,False,drop,keep,True,uncertain_score_band|small_box|duplicate_cluster,success,retrieve_same_class_image_crops|retrieve_class_exemplars,same_class_image_crops|class_exemplars
157,9,person,0.11517333984375,698.0,394.0,725.0,423.0,invalid,strong,drop,success,success,success,drop,high,drop,llm_final_decision,False,False,tn,0.0,-1,False,drop,drop,True,uncertain_score_band|small_box|duplicate_cluster,success,retrieve_same_class_image_crops,same_class_image_crops
159,0,bicycle,0.1448974609375,24.0,90.0,353.0,634.0,invalid,strong,drop,success,success,success,drop,high,drop,llm_final_decision,False,False,tn,0.0,-1,False,drop,drop,True,uncertain_score_band|border_touching|duplicate_cluster|top_score_sanity_check,success,retrieve_same_class_image_crops|retrieve_class_exemplars,same_class_image_crops|class_exemplars
159,1,bicycle,0.10992431640625,23.0,89.0,640.0,640.0,invalid,strong,drop,success,success,success,drop,high,drop,llm_final_decision,False,False,tn,0.0,-1,False,drop,drop,True,uncertain_score_band|border_touching|duplicate_cluster|top_score_sanity_check,success,retrieve_same_class_image_crops|retrieve_class_exemplars,same_class_image_crops|class_exemplars
159,2,person,0.10089111328125,24.0,90.0,353.0,634.0,valid,strong,keep,success,success,success,keep,medium,keep,llm_final_decision,False,False,fp,0.469669,0,False,drop,keep,True,uncertain_score_band|border_touching|duplicate_cluster,success,retrieve_same_class_image_crops|retrieve_class_exemplars,same_class_image_crops|class_exemplars
161,0,person,0.79052734375,571.0,249.0,751.0,607.0,valid,strong,keep,success,success,success,keep,high,keep,llm_final_decision,False,True,tp,0.630178,1,False,keep,keep,True,border_touching|duplicate_cluster|top_score_sanity_check,success,retrieve_same_class_image_crops,same_class_image_crops
161,1,person,0.7490234375,352.0,86.0,618.0,607.0,valid,strong,keep,success,success,success,keep,high,keep,llm_final_decision,False,True,tp,0.708439,0,False,keep,keep,True,border_touching|top_score_sanity_check,not_called,,
161,2,person,0.60693359375,858.0,205.0,1122.0,607.0,valid,strong,keep,success,success,success,keep,high,keep,llm_final_decision,False,False,fp,0.42828,5,False,keep,keep,True,border_touching|duplicate_cluster,success,retrieve_same_class_image_crops,same_class_image_crops
161,3,person,0.3583984375,843.0,317.0,985.0,607.0,valid,strong,keep,success,success,success,keep,medium,keep,llm_final_decision,False,True,tp,0.505798,3,False,keep,keep,True,border_touching|duplicate_cluster,success,retrieve_same_class_image_crops,same_class_image_crops
161,4,bus,0.26806640625,578.0,59.0,1121.0,607.0,valid,strong,keep,success,success,success,keep,high,keep,llm_final_decision,False,True,tp,0.501232,6,False,keep,keep,True,uncertain_score_band|border_touching|duplicate_cluster,success,retrieve_same_class_image_crops|retrieve_class_exemplars,same_class_image_crops|class_exemplars
161,5,person,0.247314453125,1128.0,178.0,1330.0,456.0,valid,strong,keep,success,success,success,keep,medium,keep,llm_final_decision,False,True,tp,0.617148,4,False,keep,keep,True,uncertain_score_band|border_touching|duplicate_cluster,success,retrieve_same_class_image_crops,same_class_image_crops
161,6,person,0.24658203125,672.0,237.0,856.0,607.0,valid,strong,keep,success,success,success,keep,medium,keep,llm_final_decision,False,True,tp,0.576528,2,False,keep,keep,True,uncertain_score_band|border_touching|duplicate_cluster,success,retrieve_same_class_image_crops,same_class_image_crops
161,7,person,0.204345703125,934.0,204.0,1120.0,607.0,valid,strong,keep,success,success,success,keep,high,keep,llm_final_decision,False,True,tp,0.584513,5,False,keep,keep,True,uncertain_score_band|border_touching|duplicate_cluster,success,retrieve_same_class_image_crops,same_class_image_crops
161,8,person,0.1898193359375,1129.0,236.0,1309.0,607.0,valid,strong,keep,success,success,success,keep,high,keep,llm_final_decision,False,True,tp,0.565378,4,False,drop,keep,True,uncertain_score_band|border_touching|duplicate_cluster,success,retrieve_same_class_image_crops,same_class_image_crops
161,9,person,0.158447265625,1079.0,179.0,1315.0,607.0,valid,strong,keep,success,success,success,keep,high,keep,llm_final_decision,False,True,tp,0.60178,4,False,drop,keep,True,uncertain_score_band|border_touching|duplicate_cluster,success,retrieve_same_class_image_crops,same_class_image_crops
161,10,person,0.154541015625,927.0,194.0,1256.0,607.0,invalid,strong,drop,success,success,success,drop,high,drop,llm_final_decision,False,False,tn,0.372245,5,False,drop,drop,True,uncertain_score_band|border_touching|duplicate_cluster,success,retrieve_same_class_image_crops,same_class_image_crops
161,11,bottle,0.1505126953125,1135.0,274.0,1245.0,444.0,invalid,strong,drop,success,success,success,drop,high,drop,llm_final_decision,False,False,tn,0.0,-1,False,drop,drop,True,uncertain_score_band,not_called,,
161,12,train,0.1375732421875,578.0,59.0,1121.0,607.0,invalid,strong,drop,success,success,success,drop,high,drop,llm_final_decision,False,False,tn,0.0,-1,False,drop,drop,True,uncertain_score_band|border_touching|duplicate_cluster,success,retrieve_class_exemplars,class_exemplars
161,13,person,0.1357421875,572.0,246.0,853.0,607.0,valid,strong,keep,success,success,success,keep,high,keep,llm_final_decision,False,False,fp,0.412945,1,False,drop,keep,True,uncertain_score_band|border_touching|duplicate_cluster,success,retrieve_same_class_image_crops,same_class_image_crops
161,14,person,0.125244140625,806.0,264.0,981.0,607.0,invalid,strong,drop,success,success,success,drop,high,drop,llm_final_decision,False,True,fn,0.508801,3,False,drop,drop,True,uncertain_score_band|border_touching|duplicate_cluster,success,retrieve_same_class_image_crops,same_class_image_crops
161,15,person,0.12335205078125,578.0,59.0,1121.0,607.0,invalid,strong,drop,success,success,success,drop,high,drop,llm_final_decision,False,False,tn,0.179065,5,False,drop,drop,True,uncertain_score_band|border_touching|duplicate_cluster,success,retrieve_same_class_image_crops,same_class_image_crops
161,16,bus,0.11859130859375,642.0,58.0,1315.0,607.0,uncertain,medium,low_weight,success,success,success,low_weight,medium,low_weight,llm_final_decision,False,False,tn,0.394194,6,False,drop,keep,True,uncertain_score_band|border_touching|duplicate_cluster,success,retrieve_same_class_image_crops|retrieve_class_exemplars,same_class_image_crops|class_exemplars
165,0,motorbike,0.4091796875,1.0,1.0,784.0,640.0,valid,strong,keep,success,success,success,keep,high,keep,llm_final_decision,False,True,tp,0.514834,0,False,keep,keep,True,border_touching|duplicate_cluster|top_score_sanity_check,success,retrieve_same_class_image_crops,same_class_image_crops
165,1,bicycle,0.181884765625,1.0,1.0,784.0,640.0,invalid,strong,drop,success,success,success,drop,high,drop,llm_final_decision,False,False,tn,0.0,-1,False,drop,drop,True,uncertain_score_band|border_touching|duplicate_cluster|top_score_sanity_check,success,retrieve_same_class_image_crops,same_class_image_crops
165,2,car,0.158203125,1.0,1.0,784.0,640.0,invalid,strong,drop,success,success,success,drop,high,drop,llm_final_decision,False,False,tn,0.0,-1,False,drop,drop,True,uncertain_score_band|border_touching|duplicate_cluster,success,retrieve_same_class_image_crops,same_class_image_crops
165,3,motorbike,0.122314453125,9.0,1.0,784.0,640.0,valid,strong,keep,success,success,success,keep,high,keep,llm_final_decision,False,True,tp,0.769877,0,False,drop,keep,True,uncertain_score_band|border_touching|duplicate_cluster,success,retrieve_same_class_image_crops,same_class_image_crops
166,0,bird,0.5126953125,632.0,422.0,825.0,637.0,invalid,strong,drop,success,success,success,drop,high,drop,llm_final_decision,False,False,tn,0.0,-1,False,keep,drop,True,border_touching|duplicate_cluster|top_score_sanity_check,success,retrieve_same_class_image_crops|retrieve_class_exemplars,same_class_image_crops|class_exemplars
166,1,bird,0.229248046875,632.0,422.0,994.0,637.0,invalid,strong,drop,success,success,success,drop,high,drop,llm_final_decision,False,False,tn,0.0,-1,False,keep,drop,True,uncertain_score_band|border_touching|duplicate_cluster|top_score_sanity_check,success,retrieve_same_class_image_crops|retrieve_class_exemplars,same_class_image_crops|class_exemplars
166,2,bicycle,0.18212890625,634.0,84.0,1324.0,637.0,invalid,strong,drop,success,success,success,drop,high,drop,llm_final_decision,False,False,tn,0.0,-1,False,drop,drop,True,uncertain_score_band|border_touching|duplicate_cluster,success,retrieve_same_class_image_crops,same_class_image_crops
166,3,bird,0.1707763671875,525.0,424.0,875.0,637.0,invalid,strong,drop,success,success,success,drop,high,drop,llm_final_decision,False,False,tn,0.0,-1,False,drop,drop,True,uncertain_score_band|border_touching|duplicate_cluster,success,retrieve_same_class_image_crops|retrieve_class_exemplars,same_class_image_crops|class_exemplars
166,4,bird,0.1602783203125,634.0,84.0,1324.0,637.0,invalid,strong,drop,success,success,success,drop,high,drop,llm_final_decision,False,False,tn,0.0,-1,False,drop,drop,True,uncertain_score_band|border_touching|duplicate_cluster,success,retrieve_same_class_image_crops,same_class_image_crops
166,5,bicycle,0.1094970703125,632.0,422.0,994.0,637.0,invalid,strong,drop,success,success,success,drop,high,drop,llm_final_decision,False,False,tn,0.0,-1,False,drop,drop,True,uncertain_score_band|border_touching|duplicate_cluster,success,retrieve_same_class_image_crops|retrieve_class_exemplars,same_class_image_crops|class_exemplars
169,0,boat,0.2337646484375,639.0,659.0,640.0,672.0,unavailable,unavailable,drop,not_candidate_heuristic,success,not_called,keep,,keep,deterministic_gate,True,False,fp,0.0,-1,True,keep,keep,False,,not_called,,
169,1,aeroplane,0.1953125,209.0,631.0,393.0,646.0,unavailable,unavailable,drop,not_candidate_heuristic,success,not_called,drop,,drop,deterministic_gate,True,False,tn,0.0,-1,True,drop,drop,False,,not_called,,
169,2,aeroplane,0.167236328125,207.0,631.0,520.0,646.0,unavailable,unavailable,drop,not_candidate_heuristic,success,not_called,drop,,drop,deterministic_gate,True,False,tn,0.0,-1,True,drop,drop,False,,not_called,,
169,3,boat,0.1669921875,639.0,508.0,640.0,522.0,unavailable,unavailable,drop,not_candidate_heuristic,success,not_called,drop,,drop,deterministic_gate,True,False,tn,0.0,-1,True,drop,drop,False,,not_called,,
169,4,boat,0.1607666015625,464.0,676.0,640.0,698.0,invalid,strong,drop,success,success,success,drop,high,drop,llm_final_decision,False,False,tn,0.0,-1,False,drop,drop,True,uncertain_score_band|border_touching|small_box|duplicate_cluster|top_score_sanity_check,success,retrieve_same_class_image_crops,same_class_image_crops
169,5,aeroplane,0.1497802734375,167.0,3.0,640.0,115.0,invalid,strong,drop,success,success,success,drop,high,drop,llm_final_decision,False,False,tn,0.0,-1,False,drop,drop,True,uncertain_score_band|border_touching|top_score_sanity_check,not_called,,
169,6,car,0.1280517578125,464.0,676.0,640.0,698.0,invalid,strong,drop,success,success,success,drop,high,drop,llm_final_decision,False,False,tn,0.0,-1,False,drop,drop,True,uncertain_score_band|border_touching|small_box|duplicate_cluster,success,retrieve_same_class_image_crops|retrieve_class_exemplars,same_class_image_crops|class_exemplars
172,0,dog,0.2305908203125,669.0,6.0,993.0,513.0,valid,strong,keep,success,success,success,keep,medium,keep,llm_final_decision,False,True,tp,0.912668,1,False,keep,keep,True,uncertain_score_band|border_touching|duplicate_cluster|top_score_sanity_check,success,retrieve_same_class_image_crops|retrieve_class_exemplars,same_class_image_crops|class_exemplars
172,1,cow,0.1171875,669.0,6.0,993.0,513.0,invalid,strong,drop,success,success,success,drop,high,drop,llm_final_decision,False,False,tn,0.0,-1,False,drop,drop,True,uncertain_score_band|border_touching|duplicate_cluster|top_score_sanity_check,success,retrieve_same_class_image_crops,same_class_image_crops
172,2,sheep,0.11676025390625,669.0,6.0,993.0,513.0,invalid,strong,drop,success,success,success,drop,high,drop,llm_final_decision,False,False,tn,0.0,-1,False,drop,drop,True,uncertain_score_band|border_touching|duplicate_cluster,success,retrieve_same_class_image_crops|retrieve_class_exemplars,same_class_image_crops|class_exemplars
173,0,train,0.8564453125,2.0,5.0,640.0,615.0,valid,strong,keep,success,success,success,keep,high,keep,llm_final_decision,False,False,fp,0.485334,0,False,keep,keep,True,border_touching|top_score_sanity_check,not_called,,
174,0,person,0.728515625,833.0,281.0,900.0,527.0,invalid,strong,drop,success,success,success,drop,high,drop,llm_final_decision,False,False,tn,0.0,-1,False,keep,drop,True,border_touching|duplicate_cluster|top_score_sanity_check,success,retrieve_same_class_image_crops,same_class_image_crops
174,1,bottle,0.363037109375,353.0,201.0,388.0,264.0,invalid,strong,drop,success,success,success,drop,high,drop,llm_final_decision,False,False,tn,0.0,-1,False,keep,drop,True,duplicate_cluster|top_score_sanity_check,success,retrieve_same_class_image_crops|retrieve_class_exemplars,same_class_image_crops|class_exemplars
174,2,tvmonitor,0.35498046875,201.0,203.0,321.0,267.0,invalid,strong,drop,success,success,success,drop,high,drop,llm_final_decision,False,False,tn,0.44239,2,False,keep,drop,True,duplicate_cluster,success,retrieve_same_class_image_crops,same_class_image_crops
174,3,chair,0.269775390625,752.0,370.0,900.0,528.0,invalid,strong,drop,success,success,success,drop,high,drop,llm_final_decision,False,False,tn,0.0,-1,False,keep,drop,True,uncertain_score_band|border_touching|duplicate_cluster,success,retrieve_same_class_image_crops|retrieve_class_exemplars,same_class_image_crops|class_exemplars
174,4,chair,0.2447509765625,710.0,369.0,900.0,474.0,invalid,strong,drop,success,success,success,drop,high,drop,llm_final_decision,False,False,tn,0.0,-1,False,keep,drop,True,uncertain_score_band|border_touching|duplicate_cluster,success,retrieve_same_class_image_crops|retrieve_class_exemplars,same_class_image_crops|class_exemplars
174,5,person,0.2037353515625,712.0,278.0,900.0,527.0,invalid,strong,drop,success,success,success,drop,high,drop,llm_final_decision,False,False,tn,0.09638,1,False,keep,drop,True,uncertain_score_band|border_touching|duplicate_cluster,success,retrieve_same_class_image_crops|retrieve_class_exemplars,same_class_image_crops|class_exemplars
174,6,chair,0.1568603515625,705.0,361.0,900.0,530.0,invalid,strong,drop,success,success,success,drop,high,drop,llm_final_decision,False,False,tn,0.0,-1,False,drop,drop,True,uncertain_score_band|border_touching|duplicate_cluster,success,retrieve_same_class_image_crops|retrieve_class_exemplars,same_class_image_crops|class_exemplars
174,7,sofa,0.1500244140625,709.0,269.0,900.0,481.0,invalid,strong,drop,success,success,success,drop,high,drop,llm_final_decision,False,False,tn,0.0,-1,False,drop,drop,True,uncertain_score_band|border_touching|duplicate_cluster,success,retrieve_same_class_image_crops|retrieve_class_exemplars,same_class_image_crops|class_exemplars
174,8,tvmonitor,0.12359619140625,202.0,202.0,387.0,272.0,invalid,strong,drop,success,success,success,drop,high,drop,llm_final_decision,False,False,tn,0.309756,2,False,drop,drop,True,uncertain_score_band|duplicate_cluster,success,retrieve_same_class_image_crops|retrieve_class_exemplars,same_class_image_crops|class_exemplars
174,9,chair,0.1124267578125,899.0,358.0,900.0,508.0,unavailable,unavailable,drop,not_candidate_heuristic,success,not_called,drop,,drop,deterministic_gate,True,False,tn,0.0,-1,True,drop,drop,False,,not_called,,
174,10,person,0.1083984375,752.0,370.0,900.0,528.0,invalid,strong,drop,success,success,success,drop,high,drop,llm_final_decision,False,False,tn,0.019881,1,False,drop,drop,True,uncertain_score_band|border_touching|duplicate_cluster,success,retrieve_same_class_image_crops|retrieve_class_exemplars,same_class_image_crops|class_exemplars
174,11,chair,0.1077880859375,899.0,366.0,900.0,468.0,unavailable,unavailable,drop,not_candidate_heuristic,success,not_called,drop,,drop,deterministic_gate,True,False,tn,0.0,-1,True,drop,drop,False,,not_called,,
174,12,chair,0.10760498046875,709.0,271.0,900.0,529.0,invalid,strong,drop,success,success,success,drop,high,drop,llm_final_decision,False,False,tn,0.0,-1,False,drop,drop,True,uncertain_score_band|border_touching|duplicate_cluster,success,retrieve_same_class_image_crops|retrieve_class_exemplars,same_class_image_crops|class_exemplars
174,13,bottle,0.10504150390625,355.0,205.0,380.0,259.0,invalid,strong,drop,success,success,success,drop,high,drop,llm_final_decision,False,False,tn,0.0,-1,False,drop,drop,True,uncertain_score_band|small_box|duplicate_cluster,success,retrieve_same_class_image_crops|retrieve_class_exemplars,same_class_image_crops|class_exemplars
174,14,chair,0.1048583984375,845.0,351.0,900.0,526.0,invalid,strong,drop,success,success,success,drop,high,drop,llm_final_decision,False,False,tn,0.0,-1,False,drop,drop,True,uncertain_score_band|border_touching|duplicate_cluster,success,retrieve_same_class_image_crops,same_class_image_crops
176,0,person,0.455078125,183.0,153.0,572.0,476.0,invalid,strong,drop,success,success,success,drop,high,drop,llm_final_decision,False,False,tn,0.154239,0,False,keep,drop,True,duplicate_cluster|top_score_sanity_check,success,retrieve_same_class_image_crops|retrieve_class_exemplars,same_class_image_crops|class_exemplars
176,1,person,0.328857421875,203.0,243.0,525.0,476.0,invalid,strong,drop,success,success,success,drop,high,drop,llm_final_decision,False,False,tn,0.113192,0,False,keep,drop,True,duplicate_cluster|top_score_sanity_check,success,retrieve_same_class_image_crops,same_class_image_crops
176,2,aeroplane,0.1563720703125,1.0,157.0,640.0,550.0,invalid,strong,drop,success,success,success,drop,high,drop,llm_final_decision,False,False,tn,0.0,-1,False,drop,drop,True,uncertain_score_band|border_touching|duplicate_cluster,success,retrieve_same_class_image_crops|retrieve_class_exemplars,same_class_image_crops|class_exemplars
176,3,pottedplant,0.135009765625,381.0,498.0,494.0,543.0,invalid,strong,drop,success,success,success,drop,high,drop,llm_final_decision,False,False,tn,0.0,-1,False,drop,drop,True,uncertain_score_band,not_called,,
181,0,bus,0.498046875,194.0,280.0,620.0,527.0,valid,strong,keep,success,success,success,keep,high,keep,llm_final_decision,False,False,fp,0.0,-1,False,keep,keep,True,duplicate_cluster|top_score_sanity_check,success,retrieve_class_exemplars,class_exemplars
181,1,tvmonitor,0.155029296875,194.0,280.0,620.0,527.0,invalid,strong,drop,success,success,success,drop,high,drop,llm_final_decision,False,False,tn,0.0,-1,False,drop,drop,True,uncertain_score_band|duplicate_cluster|top_score_sanity_check,success,retrieve_class_exemplars,class_exemplars
181,2,bus,0.140380859375,8.0,1.0,640.0,528.0,valid,strong,keep,success,success,success,keep,high,keep,llm_final_decision,False,False,fp,0.0,-1,False,drop,keep,True,uncertain_score_band|border_touching,not_called,,
181,3,car,0.11419677734375,194.0,280.0,620.0,527.0,invalid,strong,drop,success,success,success,drop,high,drop,llm_final_decision,False,True,fn,0.561562,0,False,drop,drop,True,uncertain_score_band|duplicate_cluster,success,retrieve_class_exemplars,class_exemplars
181,4,person,0.11029052734375,475.0,394.0,508.0,416.0,invalid,strong,drop,success,success,success,drop,high,drop,llm_final_decision,False,False,tn,0.0,-1,False,drop,drop,True,uncertain_score_band|small_box,not_called,,
181,5,person,0.10302734375,414.0,383.0,449.0,415.0,invalid,strong,drop,success,success,success,drop,high,drop,llm_final_decision,False,False,tn,0.0,-1,False,drop,drop,True,uncertain_score_band,not_called,,
183,0,car,0.7431640625,639.0,234.0,640.0,274.0,unavailable,unavailable,drop,not_candidate_heuristic,success,not_called,keep,,keep,deterministic_gate,True,False,fp,0.0,-1,True,keep,keep,False,,not_called,,
183,1,tvmonitor,0.2108154296875,150.0,309.0,372.0,619.0,invalid,strong,drop,success,success,success,drop,high,drop,llm_final_decision,False,False,tn,0.0,-1,False,keep,drop,True,uncertain_score_band|duplicate_cluster|top_score_sanity_check,success,retrieve_same_class_image_crops|retrieve_class_exemplars,same_class_image_crops|class_exemplars
183,2,tvmonitor,0.1953125,315.0,178.0,439.0,244.0,invalid,strong,drop,success,success,success,drop,high,drop,llm_final_decision,False,False,tn,0.0,-1,False,drop,drop,True,uncertain_score_band|duplicate_cluster|top_score_sanity_check,success,retrieve_same_class_image_crops|retrieve_class_exemplars,same_class_image_crops|class_exemplars
183,3,tvmonitor,0.1904296875,254.0,572.0,376.0,623.0,invalid,strong,drop,success,success,success,drop,high,drop,llm_final_decision,False,False,tn,0.0,-1,False,drop,drop,True,uncertain_score_band|border_touching|duplicate_cluster,success,retrieve_same_class_image_crops|retrieve_class_exemplars,same_class_image_crops|class_exemplars
183,4,boat,0.1639404296875,411.0,294.0,640.0,640.0,invalid,strong,drop,success,success,success,drop,high,drop,llm_final_decision,False,False,tn,0.0,-1,False,drop,drop,True,uncertain_score_band|border_touching|duplicate_cluster,success,retrieve_same_class_image_crops,same_class_image_crops
183,5,car,0.15478515625,601.0,231.0,640.0,300.0,invalid,strong,drop,success,success,success,drop,high,drop,llm_final_decision,False,False,tn,0.0,-1,False,drop,drop,True,uncertain_score_band|border_touching,not_called,,
183,6,bottle,0.1456298828125,284.0,573.0,376.0,623.0,invalid,strong,drop,success,success,success,drop,high,drop,llm_final_decision,False,False,tn,0.0,-1,False,drop,drop,True,uncertain_score_band|border_touching|duplicate_cluster,success,retrieve_same_class_image_crops|retrieve_class_exemplars,same_class_image_crops|class_exemplars
183,7,tvmonitor,0.1441650390625,128.0,473.0,363.0,598.0,invalid,strong,drop,success,success,success,drop,high,drop,llm_final_decision,False,False,tn,0.0,-1,False,drop,drop,True,uncertain_score_band,not_called,,
183,8,tvmonitor,0.1431884765625,273.0,176.0,516.0,517.0,invalid,strong,drop,success,success,success,drop,high,drop,llm_final_decision,False,False,tn,0.0,-1,False,drop,drop,True,uncertain_score_band|duplicate_cluster,success,retrieve_same_class_image_crops|retrieve_class_exemplars,same_class_image_crops|class_exemplars
183,9,car,0.1412353515625,531.0,232.0,640.0,366.0,invalid,strong,drop,success,success,success,drop,high,drop,llm_final_decision,False,False,tn,0.066355,2,False,drop,drop,True,uncertain_score_band|border_touching|duplicate_cluster,success,retrieve_same_class_image_crops|retrieve_class_exemplars,same_class_image_crops|class_exemplars
183,10,boat,0.129638671875,370.0,398.0,640.0,640.0,invalid,strong,drop,success,success,success,drop,high,drop,llm_final_decision,False,False,tn,0.0,-1,False,drop,drop,True,uncertain_score_band|border_touching|duplicate_cluster,success,retrieve_same_class_image_crops,same_class_image_crops
183,11,bottle,0.1280517578125,522.0,299.0,640.0,371.0,invalid,strong,drop,success,success,success,drop,high,drop,llm_final_decision,False,False,tn,0.0,-1,False,drop,drop,True,uncertain_score_band|border_touching|duplicate_cluster,success,retrieve_same_class_image_crops|retrieve_class_exemplars,same_class_image_crops|class_exemplars
183,12,motorbike,0.1246337890625,0.0,41.0,67.0,90.0,invalid,strong,drop,success,success,success,drop,high,drop,llm_final_decision,False,False,tn,0.0,-1,False,drop,drop,True,uncertain_score_band|border_touching,not_called,,
183,13,tvmonitor,0.12420654296875,0.0,511.0,96.0,640.0,invalid,strong,drop,success,success,success,drop,high,drop,llm_final_decision,False,False,tn,0.0,-1,False,drop,drop,True,uncertain_score_band|border_touching,not_called,,
183,14,boat,0.11981201171875,522.0,299.0,640.0,371.0,invalid,strong,drop,success,success,success,drop,high,drop,llm_final_decision,False,False,tn,0.0,-1,False,drop,drop,True,uncertain_score_band|border_touching|duplicate_cluster,success,retrieve_same_class_image_crops|retrieve_class_exemplars,same_class_image_crops|class_exemplars
183,15,tvmonitor,0.11279296875,0.0,262.0,205.0,398.0,invalid,strong,drop,success,success,success,drop,high,drop,llm_final_decision,False,False,tn,0.0,-1,False,drop,drop,True,uncertain_score_band|border_touching,not_called,,
183,16,tvmonitor,0.1094970703125,0.0,46.0,317.0,396.0,invalid,strong,drop,success,success,success,drop,high,drop,llm_final_decision,False,False,tn,0.0,-1,False,drop,drop,True,uncertain_score_band|border_touching|duplicate_cluster,success,retrieve_same_class_image_crops|retrieve_class_exemplars,same_class_image_crops|class_exemplars
183,17,boat,0.10797119140625,639.0,397.0,640.0,461.0,unavailable,unavailable,drop,not_candidate_heuristic,success,not_called,drop,,drop,deterministic_gate,True,False,tn,0.0,-1,True,drop,drop,False,,not_called,,
183,18,bottle,0.10595703125,269.0,577.0,333.0,623.0,invalid,strong,drop,success,success,success,drop,high,drop,llm_final_decision,False,False,tn,0.0,-1,False,drop,drop,True,uncertain_score_band|border_touching|duplicate_cluster,success,retrieve_same_class_image_crops|retrieve_class_exemplars,same_class_image_crops|class_exemplars
183,19,tvmonitor,0.10504150390625,0.0,47.0,319.0,221.0,invalid,strong,drop,success,success,success,drop,high,drop,llm_final_decision,False,False,tn,0.0,-1,False,drop,drop,True,uncertain_score_band|border_touching|duplicate_cluster,success,retrieve_same_class_image_crops|retrieve_class_exemplars,same_class_image_crops|class_exemplars
183,20,car,0.10430908203125,522.0,299.0,640.0,371.0,invalid,strong,drop,success,success,success,drop,high,drop,llm_final_decision,False,False,tn,0.0,-1,False,drop,drop,True,uncertain_score_band|border_touching|duplicate_cluster,success,retrieve_same_class_image_crops,same_class_image_crops
183,21,tvmonitor,0.1041259765625,154.0,295.0,515.0,585.0,invalid,strong,drop,success,success,success,drop,high,drop,llm_final_decision,False,False,tn,0.0,-1,False,drop,drop,True,uncertain_score_band|duplicate_cluster,success,retrieve_same_class_image_crops|retrieve_class_exemplars,same_class_image_crops|class_exemplars
183,22,tvmonitor,0.10174560546875,0.0,51.0,206.0,401.0,invalid,strong,drop,success,success,success,drop,high,drop,llm_final_decision,False,False,tn,0.0,-1,False,drop,drop,True,uncertain_score_band|border_touching|duplicate_cluster,success,retrieve_same_class_image_crops|retrieve_class_exemplars,same_class_image_crops|class_exemplars
183,23,tvmonitor,0.1015625,361.0,179.0,439.0,235.0,invalid,strong,drop,success,success,success,drop,high,drop,llm_final_decision,False,False,tn,0.0,-1,False,drop,drop,True,uncertain_score_band|duplicate_cluster,success,retrieve_same_class_image_crops,same_class_image_crops
185,0,person,0.91162109375,299.0,34.0,496.0,581.0,valid,strong,keep,success,success,success,keep,high,keep,llm_final_decision,False,False,fp,0.375771,1,False,keep,keep,True,top_score_sanity_check,not_called,,
185,1,person,0.67333984375,17.0,61.0,210.0,508.0,valid,strong,keep,success,success,success,keep,high,keep,llm_final_decision,False,True,tp,0.752415,0,False,keep,keep,True,border_touching|top_score_sanity_check,not_called,,
185,2,chair,0.226806640625,436.0,307.0,640.0,637.0,invalid,strong,drop,success,success,success,drop,high,drop,llm_final_decision,False,False,tn,0.0,-1,False,keep,drop,True,uncertain_score_band|border_touching|duplicate_cluster,success,retrieve_same_class_image_crops,same_class_image_crops
185,3,chair,0.2139892578125,443.0,406.0,640.0,635.0,invalid,strong,drop,success,success,success,drop,high,drop,llm_final_decision,False,False,tn,0.0,-1,False,keep,drop,True,uncertain_score_band|border_touching|duplicate_cluster,success,retrieve_same_class_image_crops,same_class_image_crops
185,4,chair,0.198974609375,435.0,311.0,640.0,620.0,invalid,strong,drop,success,success,success,drop,high,drop,llm_final_decision,False,False,tn,0.0,-1,False,drop,drop,True,uncertain_score_band|border_touching|duplicate_cluster,success,retrieve_same_class_image_crops|retrieve_class_exemplars,same_class_image_crops|class_exemplars
185,5,chair,0.12213134765625,434.0,149.0,640.0,636.0,invalid,strong,drop,success,success,success,drop,high,drop,llm_final_decision,False,False,tn,0.0,-1,False,drop,drop,True,uncertain_score_band|border_touching|duplicate_cluster,success,retrieve_same_class_image_crops|retrieve_class_exemplars,same_class_image_crops|class_exemplars
186,0,horse,0.53125,151.0,197.0,532.0,512.0,invalid,strong,drop,success,success,success,drop,high,drop,llm_final_decision,False,False,tn,0.0,-1,False,keep,drop,True,duplicate_cluster|top_score_sanity_check,success,retrieve_class_exemplars,class_exemplars
186,1,aeroplane,0.19677734375,151.0,197.0,532.0,512.0,invalid,strong,drop,success,success,success,drop,high,drop,llm_final_decision,False,False,tn,0.0,-1,False,drop,drop,True,uncertain_score_band|duplicate_cluster|top_score_sanity_check,success,retrieve_class_exemplars,class_exemplars
186,2,cat,0.11102294921875,151.0,197.0,532.0,512.0,invalid,strong,drop,success,success,success,drop,high,drop,llm_final_decision,False,False,tn,0.0,-1,False,drop,drop,True,uncertain_score_band|duplicate_cluster,success,retrieve_class_exemplars,class_exemplars
189,0,diningtable,0.302734375,103.0,479.0,796.0,604.0,invalid,strong,drop,success,success,success,drop,high,drop,llm_final_decision,False,False,tn,0.318084,4,False,keep,drop,True,duplicate_cluster|top_score_sanity_check,success,retrieve_same_class_image_crops,same_class_image_crops
189,1,chair,0.2476806640625,389.0,289.0,520.0,371.0,valid,strong,keep,success,success,success,keep,high,keep,llm_final_decision,False,False,fp,0.253739,2,False,keep,keep,True,uncertain_score_band|duplicate_cluster|top_score_sanity_check,success,retrieve_same_class_image_crops|retrieve_class_exemplars,same_class_image_crops|class_exemplars
189,2,diningtable,0.23583984375,100.0,367.0,862.0,605.0,invalid,strong,drop,success,success,success,drop,high,drop,llm_final_decision,False,True,fn,0.572377,4,False,keep,drop,True,uncertain_score_band|duplicate_cluster,success,retrieve_same_class_image_crops,same_class_image_crops
189,3,chair,0.226806640625,391.0,285.0,645.0,370.0,valid,strong,keep,success,success,success,keep,high,keep,llm_final_decision,False,False,fp,0.209805,2,False,keep,keep,True,uncertain_score_band|duplicate_cluster,success,retrieve_same_class_image_crops,same_class_image_crops
189,4,chair,0.20556640625,261.0,286.0,519.0,372.0,invalid,strong,drop,success,success,success,drop,high,drop,llm_final_decision,False,False,tn,0.224088,2,False,keep,drop,True,uncertain_score_band|duplicate_cluster,success,retrieve_same_class_image_crops,same_class_image_crops
189,5,chair,0.1873779296875,263.0,285.0,429.0,372.0,invalid,strong,drop,success,success,success,drop,high,drop,llm_final_decision,False,False,tn,0.143588,1,False,drop,drop,True,uncertain_score_band|duplicate_cluster,success,retrieve_same_class_image_crops|retrieve_class_exemplars,same_class_image_crops|class_exemplars
189,6,chair,0.178955078125,263.0,285.0,646.0,372.0,invalid,strong,drop,success,success,success,drop,high,drop,llm_final_decision,False,False,tn,0.188512,2,False,drop,drop,True,uncertain_score_band|duplicate_cluster,success,retrieve_same_class_image_crops|retrieve_class_exemplars,same_class_image_crops|class_exemplars
189,7,chair,0.1710205078125,5.0,282.0,263.0,604.0,invalid,strong,drop,success,success,success,drop,high,drop,llm_final_decision,False,True,fn,0.573043,0,False,drop,drop,True,uncertain_score_band|border_touching,not_called,,
189,8,chair,0.155029296875,252.0,288.0,795.0,596.0,invalid,strong,drop,success,success,success,drop,high,drop,llm_final_decision,False,False,tn,0.228174,3,False,drop,drop,True,uncertain_score_band|duplicate_cluster,success,retrieve_same_class_image_crops|retrieve_class_exemplars,same_class_image_crops|class_exemplars
189,9,sofa,0.1475830078125,261.0,286.0,519.0,372.0,invalid,strong,drop,success,success,success,drop,high,drop,llm_final_decision,False,False,tn,0.0,-1,False,drop,drop,True,uncertain_score_band|duplicate_cluster,success,retrieve_same_class_image_crops|retrieve_class_exemplars,same_class_image_crops|class_exemplars
189,10,sofa,0.1409912109375,263.0,285.0,646.0,372.0,invalid,strong,drop,success,success,success,drop,high,drop,llm_final_decision,False,False,tn,0.0,-1,False,drop,drop,True,uncertain_score_band|duplicate_cluster,success,retrieve_same_class_image_crops,same_class_image_crops
189,11,diningtable,0.139892578125,4.0,366.0,856.0,640.0,invalid,strong,drop,success,success,success,drop,high,drop,llm_final_decision,False,False,tn,0.445206,4,False,drop,drop,True,uncertain_score_band|border_touching|duplicate_cluster,success,retrieve_same_class_image_crops|retrieve_class_exemplars,same_class_image_crops|class_exemplars
189,12,chair,0.1259765625,598.0,370.0,798.0,608.0,invalid,strong,drop,success,success,success,drop,high,drop,llm_final_decision,False,False,tn,0.30998,3,False,drop,drop,True,uncertain_score_band,not_called,,
189,13,sofa,0.11297607421875,391.0,285.0,645.0,370.0,invalid,strong,drop,success,success,success,drop,high,drop,llm_final_decision,False,False,tn,0.0,-1,False,drop,drop,True,uncertain_score_band|duplicate_cluster,success,retrieve_same_class_image_crops,same_class_image_crops
189,14,chair,0.1094970703125,103.0,479.0,796.0,604.0,invalid,strong,drop,success,success,success,drop,high,drop,llm_final_decision,False,False,tn,0.12457,1,False,drop,drop,True,uncertain_score_band|duplicate_cluster,success,retrieve_same_class_image_crops,same_class_image_crops
189,15,chair,0.10504150390625,4.0,366.0,856.0,640.0,invalid,strong,drop,success,success,success,drop,high,drop,llm_final_decision,False,False,tn,0.134472,0,False,drop,drop,True,uncertain_score_band|border_touching|duplicate_cluster,success,retrieve_same_class_image_crops,same_class_image_crops
189,16,chair,0.10321044921875,478.0,284.0,644.0,371.0,invalid,strong,drop,success,success,success,drop,high,drop,llm_final_decision,False,False,tn,0.135185,3,False,drop,drop,True,uncertain_score_band|duplicate_cluster,success,retrieve_same_class_image_crops|retrieve_class_exemplars,same_class_image_crops|class_exemplars
191,0,tvmonitor,0.73486328125,227.0,151.0,463.0,308.0,invalid,strong,drop,success,success,success,drop,high,drop,llm_final_decision,False,False,tn,0.195406,2,False,keep,drop,True,duplicate_cluster|top_score_sanity_check,success,retrieve_same_class_image_crops,same_class_image_crops
191,1,tvmonitor,0.22509765625,227.0,148.0,589.0,321.0,invalid,strong,drop,success,success,success,drop,high,drop,llm_final_decision,False,True,fn,0.514361,2,False,keep,drop,True,uncertain_score_band|duplicate_cluster|top_score_sanity_check,success,retrieve_same_class_image_crops,same_class_image_crops
191,2,tvmonitor,0.1798095703125,446.0,3.0,640.0,349.0,invalid,strong,drop,success,success,success,drop,high,drop,llm_final_decision,False,False,tn,0.131468,2,False,drop,drop,True,uncertain_score_band|border_touching,not_called,,
191,3,tvmonitor,0.17724609375,225.0,146.0,640.0,419.0,invalid,strong,drop,success,success,success,drop,high,drop,llm_final_decision,False,False,tn,0.314457,2,False,drop,drop,True,uncertain_score_band|border_touching|duplicate_cluster,success,retrieve_same_class_image_crops,same_class_image_crops
191,4,tvmonitor,0.122314453125,639.0,144.0,640.0,330.0,unavailable,unavailable,drop,not_candidate_heuristic,success,not_called,drop,,drop,deterministic_gate,True,False,tn,0.0,-1,True,drop,drop,False,,not_called,,
191,5,tvmonitor,0.10577392578125,225.0,146.0,640.0,310.0,valid,strong,keep,success,success,success,keep,high,keep,llm_final_decision,False,False,fp,0.376465,2,False,drop,keep,True,uncertain_score_band|border_touching|duplicate_cluster,success,retrieve_same_class_image_crops,same_class_image_crops
191,6,tvmonitor,0.10302734375,608.0,135.0,640.0,341.0,invalid,strong,drop,success,success,success,drop,high,drop,llm_final_decision,False,False,tn,0.0,-1,False,drop,drop,True,uncertain_score_band|border_touching,not_called,,
193,0,person,0.90087890625,381.0,232.0,549.0,608.0,valid,strong,keep,success,success,success,keep,high,keep,llm_final_decision,False,False,fp,0.25505,1,False,keep,keep,True,top_score_sanity_check,not_called,,
193,1,person,0.7685546875,753.0,310.0,845.0,444.0,invalid,strong,drop,success,success,success,drop,high,drop,llm_final_decision,False,False,tn,0.194177,5,False,keep,drop,True,top_score_sanity_check,not_called,,
193,2,person,0.765625,876.0,304.0,900.0,507.0,invalid,strong,drop,success,success,success,drop,high,drop,llm_final_decision,False,False,tn,0.0,-1,False,keep,drop,True,border_touching|small_box,not_called,,
193,3,person,0.5205078125,363.0,426.0,448.0,580.0,valid,medium,keep,not_candidate_heuristic,success,not_called,keep,,keep,deterministic_gate,False,False,fp,0.278632,1,False,keep,keep,False,,not_called,,
193,4,person,0.470703125,618.0,327.0,671.0,438.0,valid,strong,keep,success,success,success,keep,medium,keep,llm_final_decision,False,False,fp,0.47771,3,False,keep,keep,True,duplicate_cluster,success,retrieve_same_class_image_crops,same_class_image_crops
193,5,person,0.34033203125,619.0,374.0,665.0,438.0,valid,strong,keep,success,success,success,keep,medium,keep,llm_final_decision,False,False,fp,0.231093,3,False,keep,keep,True,duplicate_cluster,success,retrieve_same_class_image_crops,same_class_image_crops
193,6,person,0.32177734375,899.0,447.0,900.0,549.0,unavailable,unavailable,drop,not_candidate_heuristic,success,not_called,keep,,keep,deterministic_gate,True,False,fp,0.0,-1,True,keep,keep,False,,not_called,,
193,7,person,0.167724609375,636.0,326.0,698.0,389.0,valid,strong,keep,success,success,success,keep,high,keep,llm_final_decision,False,False,fp,0.274097,3,False,drop,keep,True,uncertain_score_band|duplicate_cluster,success,retrieve_same_class_image_crops,same_class_image_crops
193,8,person,0.1566162109375,506.0,288.0,555.0,367.0,invalid,strong,drop,success,success,success,drop,high,drop,llm_final_decision,False,False,tn,0.060363,2,False,drop,drop,True,uncertain_score_band,not_called,,
193,9,person,0.129638671875,899.0,441.0,900.0,483.0,unavailable,unavailable,drop,not_candidate_heuristic,success,not_called,drop,,drop,deterministic_gate,True,False,tn,0.0,-1,True,drop,drop,False,,not_called,,
193,10,person,0.12548828125,633.0,327.0,682.0,389.0,valid,strong,keep,success,success,success,keep,high,keep,llm_final_decision,False,False,fp,0.270359,3,False,drop,keep,True,uncertain_score_band|duplicate_cluster,success,retrieve_same_class_image_crops,same_class_image_crops
194,0,car,0.86376953125,157.0,350.0,700.0,640.0,valid,strong,keep,success,success,success,keep,high,keep,llm_final_decision,False,True,tp,0.857472,0,False,keep,keep,True,border_touching|top_score_sanity_check,not_called,,
194,1,person,0.56982421875,24.0,270.0,174.0,620.0,valid,strong,keep,success,success,success,keep,high,keep,llm_final_decision,False,True,tp,0.683625,1,False,keep,keep,True,border_touching|top_score_sanity_check,not_called,,
194,2,car,0.2421875,514.0,368.0,703.0,563.0,invalid,strong,drop,success,success,success,drop,high,drop,llm_final_decision,False,False,tn,0.217299,0,False,keep,drop,True,uncertain_score_band|duplicate_cluster,success,retrieve_same_class_image_crops|retrieve_class_exemplars,same_class_image_crops|class_exemplars
194,3,bicycle,0.10107421875,637.0,347.0,841.0,583.0,invalid,strong,drop,success,success,success,drop,high,drop,llm_final_decision,False,False,tn,0.0,-1,False,drop,drop,True,uncertain_score_band|duplicate_cluster,success,retrieve_same_class_image_crops|retrieve_class_exemplars,same_class_image_crops|class_exemplars
194,4,motorbike,0.1007080078125,517.0,345.0,841.0,584.0,invalid,strong,drop,success,success,success,drop,high,drop,llm_final_decision,False,False,tn,0.0,-1,False,drop,drop,True,uncertain_score_band|duplicate_cluster,success,retrieve_same_class_image_crops|retrieve_class_exemplars,same_class_image_crops|class_exemplars
195,0,car,0.5498046875,1.0,1.0,657.0,640.0,invalid,strong,drop,success,success,success,drop,high,drop,llm_final_decision,False,False,tn,0.0,-1,False,keep,drop,True,border_touching|duplicate_cluster|top_score_sanity_check,success,retrieve_same_class_image_crops,same_class_image_crops
195,1,aeroplane,0.2330322265625,1.0,1.0,657.0,640.0,invalid,strong,drop,success,success,success,drop,high,drop,llm_final_decision,False,False,tn,0.0,-1,False,keep,drop,True,uncertain_score_band|border_touching|duplicate_cluster|top_score_sanity_check,success,retrieve_same_class_image_crops|retrieve_class_exemplars,same_class_image_crops|class_exemplars
195,2,boat,0.1658935546875,1.0,1.0,657.0,640.0,invalid,strong,drop,success,success,success,drop,high,drop,llm_final_decision,False,False,tn,0.0,-1,False,drop,drop,True,uncertain_score_band|border_touching|duplicate_cluster,success,retrieve_same_class_image_crops,same_class_image_crops
197,0,person,0.56201171875,2.0,148.0,440.0,485.0,invalid,strong,drop,success,success,success,drop,high,drop,llm_final_decision,False,False,tn,0.38675,0,False,keep,drop,True,border_touching|duplicate_cluster|top_score_sanity_check,success,retrieve_same_class_image_crops,same_class_image_crops
197,1,person,0.2049560546875,4.0,2.0,660.0,485.0,invalid,strong,drop,success,success,success,drop,high,drop,llm_final_decision,False,True,fn,0.65041,0,False,keep,drop,True,uncertain_score_band|border_touching|duplicate_cluster|top_score_sanity_check,success,retrieve_same_class_image_crops,same_class_image_crops
197,2,person,0.1910400390625,3.0,2.0,660.0,640.0,invalid,strong,drop,success,success,success,drop,high,drop,llm_final_decision,False,False,tn,0.411311,0,False,drop,drop,True,uncertain_score_band|border_touching|duplicate_cluster,success,retrieve_same_class_image_crops,same_class_image_crops
197,3,person,0.1375732421875,109.0,2.0,660.0,305.0,invalid,strong,drop,success,success,success,drop,high,drop,llm_final_decision,False,True,fn,0.501867,0,False,drop,drop,True,uncertain_score_band|border_touching|duplicate_cluster,success,retrieve_same_class_image_crops,same_class_image_crops
197,4,person,0.126953125,3.0,145.0,632.0,485.0,invalid,strong,drop,success,success,success,drop,high,drop,llm_final_decision,False,True,fn,0.539225,0,False,drop,drop,True,uncertain_score_band|border_touching|duplicate_cluster,success,retrieve_same_class_image_crops,same_class_image_crops
197,5,motorbike,0.12066650390625,3.0,2.0,660.0,640.0,invalid,strong,drop,success,success,success,drop,high,drop,llm_final_decision,False,False,tn,0.0,-1,False,drop,drop,True,uncertain_score_band|border_touching|duplicate_cluster,success,retrieve_same_class_image_crops|retrieve_class_exemplars,same_class_image_crops|class_exemplars
197,6,person,0.10394287109375,103.0,145.0,570.0,308.0,invalid,strong,drop,success,success,success,drop,high,drop,llm_final_decision,False,False,tn,0.281354,0,False,drop,drop,True,uncertain_score_band|duplicate_cluster,success,retrieve_same_class_image_crops,same_class_image_crops
200,0,chair,0.251220703125,517.0,452.0,640.0,763.0,invalid,strong,drop,success,success,success,drop,high,drop,llm_final_decision,False,False,tn,0.0,-1,False,keep,drop,True,uncertain_score_band|border_touching|duplicate_cluster|top_score_sanity_check,success,retrieve_same_class_image_crops|retrieve_class_exemplars,same_class_image_crops|class_exemplars
200,1,horse,0.1746826171875,334.0,206.0,620.0,576.0,invalid,strong,drop,success,success,success,drop,high,drop,llm_final_decision,False,False,tn,0.0,-1,False,drop,drop,True,uncertain_score_band|duplicate_cluster|top_score_sanity_check,success,retrieve_same_class_image_crops|retrieve_class_exemplars,same_class_image_crops|class_exemplars
200,2,bicycle,0.1558837890625,334.0,206.0,620.0,576.0,invalid,strong,drop,success,success,success,drop,high,drop,llm_final_decision,False,False,tn,0.0,-1,False,drop,drop,True,uncertain_score_band|duplicate_cluster,success,retrieve_same_class_image_crops|retrieve_class_exemplars,same_class_image_crops|class_exemplars
200,3,bicycle,0.12939453125,4.0,208.0,624.0,640.0,invalid,strong,drop,success,success,success,drop,high,drop,llm_final_decision,False,False,tn,0.0,-1,False,drop,drop,True,uncertain_score_band|border_touching|duplicate_cluster,success,retrieve_same_class_image_crops|retrieve_class_exemplars,same_class_image_crops|class_exemplars
200,4,bicycle,0.10797119140625,317.0,181.0,640.0,761.0,invalid,strong,drop,success,success,success,drop,high,drop,llm_final_decision,False,False,tn,0.0,-1,False,drop,drop,True,uncertain_score_band|border_touching|duplicate_cluster,success,retrieve_same_class_image_crops|retrieve_class_exemplars,same_class_image_crops|class_exemplars
200,5,bicycle,0.103759765625,510.0,180.0,640.0,763.0,invalid,strong,drop,success,success,success,drop,high,drop,llm_final_decision,False,False,tn,0.0,-1,False,drop,drop,True,uncertain_score_band|border_touching|duplicate_cluster,success,retrieve_same_class_image_crops|retrieve_class_exemplars,same_class_image_crops|class_exemplars
202,0,bird,0.59716796875,96.0,474.0,164.0,595.0,invalid,strong,drop,success,success,success,drop,high,drop,llm_final_decision,False,False,tn,0.0,-1,False,keep,drop,True,top_score_sanity_check,not_called,,
202,1,bird,0.375732421875,715.0,479.0,752.0,593.0,invalid,strong,drop,success,success,success,drop,high,drop,llm_final_decision,False,False,tn,0.0,-1,False,keep,drop,True,duplicate_cluster|top_score_sanity_check,success,retrieve_same_class_image_crops,same_class_image_crops
202,2,bird,0.255615234375,26.0,264.0,87.0,336.0,invalid,strong,drop,success,success,success,drop,high,drop,llm_final_decision,False,False,tn,0.0,-1,False,keep,drop,True,uncertain_score_band|duplicate_cluster,success,retrieve_same_class_image_crops|retrieve_class_exemplars,same_class_image_crops|class_exemplars
202,3,cow,0.24658203125,312.0,17.0,843.0,640.0,valid,strong,keep,success,success,success,keep,high,keep,llm_final_decision,False,True,tp,0.543386,0,False,keep,keep,True,uncertain_score_band|border_touching|duplicate_cluster,success,retrieve_same_class_image_crops|retrieve_class_exemplars,same_class_image_crops|class_exemplars
202,4,bird,0.207275390625,96.0,325.0,385.0,640.0,invalid,strong,drop,success,success,success,drop,high,drop,llm_final_decision,False,False,tn,0.0,-1,False,keep,drop,True,uncertain_score_band|border_touching|duplicate_cluster,success,retrieve_same_class_image_crops|retrieve_class_exemplars,same_class_image_crops|class_exemplars
202,5,person,0.2001953125,26.0,264.0,87.0,336.0,invalid,strong,drop,success,success,success,drop,high,drop,llm_final_decision,False,False,tn,0.0,-1,False,keep,drop,True,uncertain_score_band|duplicate_cluster,success,retrieve_same_class_image_crops,same_class_image_crops
202,6,train,0.1456298828125,312.0,17.0,843.0,640.0,invalid,strong,drop,success,success,success,drop,high,drop,llm_final_decision,False,False,tn,0.0,-1,False,drop,drop,True,uncertain_score_band|border_touching|duplicate_cluster,success,retrieve_same_class_image_crops|retrieve_class_exemplars,same_class_image_crops|class_exemplars
202,7,horse,0.12213134765625,312.0,17.0,843.0,640.0,invalid,strong,drop,success,success,success,drop,high,drop,llm_final_decision,False,False,tn,0.0,-1,False,drop,drop,True,uncertain_score_band|border_touching|duplicate_cluster,success,retrieve_same_class_image_crops|retrieve_class_exemplars,same_class_image_crops|class_exemplars
202,8,train,0.11737060546875,1.0,17.0,854.0,640.0,invalid,strong,drop,success,success,success,drop,high,drop,llm_final_decision,False,False,tn,0.0,-1,False,drop,drop,True,uncertain_score_band|border_touching|duplicate_cluster,success,retrieve_same_class_image_crops|retrieve_class_exemplars,same_class_image_crops|class_exemplars
202,9,motorbike,0.11474609375,96.0,325.0,385.0,640.0,invalid,strong,drop,success,success,success,drop,high,drop,llm_final_decision,False,False,tn,0.0,-1,False,drop,drop,True,uncertain_score_band|border_touching|duplicate_cluster,success,retrieve_same_class_image_crops|retrieve_class_exemplars,same_class_image_crops|class_exemplars
202,10,cow,0.11419677734375,96.0,325.0,385.0,640.0,valid,strong,keep,success,success,success,keep,high,keep,llm_final_decision,False,True,tp,0.585381,1,False,drop,keep,True,uncertain_score_band|border_touching|duplicate_cluster,success,retrieve_same_class_image_crops|retrieve_class_exemplars,same_class_image_crops|class_exemplars
202,11,sheep,0.1131591796875,312.0,17.0,843.0,640.0,invalid,strong,drop,success,success,success,drop,high,drop,llm_final_decision,False,False,tn,0.0,-1,False,drop,drop,True,uncertain_score_band|border_touching|duplicate_cluster,success,retrieve_same_class_image_crops|retrieve_class_exemplars,same_class_image_crops|class_exemplars
202,12,horse,0.1114501953125,96.0,325.0,385.0,640.0,invalid,strong,drop,success,success,success,drop,high,drop,llm_final_decision,False,False,tn,0.0,-1,False,drop,drop,True,uncertain_score_band|border_touching|duplicate_cluster,success,retrieve_same_class_image_crops|retrieve_class_exemplars,same_class_image_crops|class_exemplars
202,13,bird,0.103759765625,689.0,477.0,752.0,594.0,invalid,strong,drop,success,success,success,drop,high,drop,llm_final_decision,False,False,tn,0.0,-1,False,drop,drop,True,uncertain_score_band|duplicate_cluster,success,retrieve_same_class_image_crops,same_class_image_crops
204,0,car,0.5341796875,488.0,261.0,750.0,364.0,valid,strong,keep,success,success,success,keep,high,keep,llm_final_decision,False,True,tp,0.806818,0,False,keep,keep,True,top_score_sanity_check,not_called,,
205,0,person,0.390380859375,642.0,215.0,667.0,565.0,invalid,strong,drop,success,success,success,drop,high,drop,llm_final_decision,False,False,tn,0.0,-1,False,keep,drop,True,border_touching|small_box|duplicate_cluster|top_score_sanity_check,success,retrieve_same_class_image_crops|retrieve_class_exemplars,same_class_image_crops|class_exemplars
205,1,chair,0.2049560546875,87.0,213.0,667.0,587.0,invalid,strong,drop,success,success,success,drop,high,drop,llm_final_decision,False,False,tn,0.0,-1,False,keep,drop,True,uncertain_score_band|border_touching|duplicate_cluster|top_score_sanity_check,success,retrieve_same_class_image_crops|retrieve_class_exemplars,same_class_image_crops|class_exemplars
205,2,boat,0.17333984375,87.0,213.0,667.0,587.0,invalid,strong,drop,success,success,success,drop,high,drop,llm_final_decision,False,False,tn,0.0,-1,False,drop,drop,True,uncertain_score_band|border_touching|duplicate_cluster,success,retrieve_same_class_image_crops|retrieve_class_exemplars,same_class_image_crops|class_exemplars
205,3,pottedplant,0.172119140625,519.0,91.0,620.0,195.0,invalid,strong,drop,success,success,success,drop,high,drop,llm_final_decision,False,False,tn,0.0,-1,False,drop,drop,True,uncertain_score_band|duplicate_cluster,success,retrieve_same_class_image_crops,same_class_image_crops
205,4,boat,0.15478515625,642.0,215.0,667.0,565.0,invalid,strong,drop,success,success,success,drop,high,drop,llm_final_decision,False,False,tn,0.0,-1,False,drop,drop,True,uncertain_score_band|border_touching|small_box|duplicate_cluster,success,retrieve_same_class_image_crops|retrieve_class_exemplars,same_class_image_crops|class_exemplars
205,5,chair,0.1478271484375,642.0,215.0,667.0,565.0,invalid,strong,drop,success,success,success,drop,high,drop,llm_final_decision,False,False,tn,0.0,-1,False,drop,drop,True,uncertain_score_band|border_touching|small_box|duplicate_cluster,success,retrieve_same_class_image_crops|retrieve_class_exemplars,same_class_image_crops|class_exemplars
205,6,pottedplant,0.13525390625,520.0,91.0,619.0,159.0,invalid,strong,drop,success,success,success,drop,high,drop,llm_final_decision,False,False,tn,0.0,-1,False,drop,drop,True,uncertain_score_band|duplicate_cluster,success,retrieve_same_class_image_crops,same_class_image_crops
214,0,bird,0.7265625,636.0,224.0,675.0,301.0,invalid,strong,drop,success,success,success,drop,high,drop,llm_final_decision,False,False,tn,0.0,-1,False,keep,drop,True,border_touching|top_score_sanity_check,not_called,,
214,1,bird,0.30126953125,674.0,224.0,675.0,294.0,unavailable,unavailable,drop,not_candidate_heuristic,success,not_called,keep,,keep,deterministic_gate,True,False,fp,0.0,-1,True,keep,keep,False,,not_called,,
214,2,bird,0.235107421875,624.0,144.0,675.0,300.0,invalid,strong,drop,success,success,success,drop,high,drop,llm_final_decision,False,False,tn,0.0,-1,False,keep,drop,True,uncertain_score_band|border_touching|top_score_sanity_check,not_called,,
216,0,bird,0.75439453125,686.0,170.0,687.0,336.0,unavailable,unavailable,drop,not_candidate_heuristic,success,not_called,keep,,keep,deterministic_gate,True,False,fp,0.0,-1,True,keep,keep,False,,not_called,,
216,1,bird,0.262451171875,229.0,254.0,687.0,638.0,invalid,strong,drop,success,success,success,drop,high,drop,llm_final_decision,False,False,tn,0.0,-1,False,keep,drop,True,uncertain_score_band|border_touching|duplicate_cluster|top_score_sanity_check,success,retrieve_same_class_image_crops|retrieve_class_exemplars,same_class_image_crops|class_exemplars
216,2,bird,0.177490234375,0.0,0.0,687.0,639.0,invalid,strong,drop,success,success,success,drop,high,drop,llm_final_decision,False,False,tn,0.0,-1,False,drop,drop,True,uncertain_score_band|border_touching|duplicate_cluster|top_score_sanity_check,success,retrieve_same_class_image_crops|retrieve_class_exemplars,same_class_image_crops|class_exemplars
216,3,bird,0.177001953125,228.0,172.0,687.0,638.0,invalid,strong,drop,success,success,success,drop,high,drop,llm_final_decision,False,False,tn,0.0,-1,False,drop,drop,True,uncertain_score_band|border_touching|duplicate_cluster,success,retrieve_same_class_image_crops|retrieve_class_exemplars,same_class_image_crops|class_exemplars
216,4,bird,0.1483154296875,1.0,1.0,643.0,638.0,invalid,strong,drop,success,success,success,drop,high,drop,llm_final_decision,False,False,tn,0.0,-1,False,drop,drop,True,uncertain_score_band|border_touching|duplicate_cluster,success,retrieve_same_class_image_crops|retrieve_class_exemplars,same_class_image_crops|class_exemplars
216,5,bird,0.132568359375,3.0,204.0,687.0,639.0,invalid,strong,drop,success,success,success,drop,high,drop,llm_final_decision,False,False,tn,0.0,-1,False,drop,drop,True,uncertain_score_band|border_touching|duplicate_cluster,success,retrieve_same_class_image_crops|retrieve_class_exemplars,same_class_image_crops|class_exemplars
216,6,bird,0.127197265625,450.0,345.0,687.0,606.0,invalid,strong,drop,success,success,success,drop,high,drop,llm_final_decision,False,False,tn,0.0,-1,False,drop,drop,True,uncertain_score_band|border_touching,not_called,,
219,0,chair,0.2587890625,61.0,413.0,199.0,486.0,invalid,strong,drop,success,success,success,drop,high,drop,llm_final_decision,False,False,tn,0.0,-1,False,keep,drop,True,uncertain_score_band|duplicate_cluster|top_score_sanity_check,success,retrieve_same_class_image_crops,same_class_image_crops
219,1,chair,0.251708984375,453.0,85.0,640.0,244.0,invalid,strong,drop,success,success,success,drop,high,drop,llm_final_decision,False,False,tn,0.0,-1,False,keep,drop,True,uncertain_score_band|border_touching|duplicate_cluster|top_score_sanity_check,success,retrieve_same_class_image_crops|retrieve_class_exemplars,same_class_image_crops|class_exemplars
219,2,chair,0.2440185546875,439.0,85.0,640.0,472.0,invalid,strong,drop,success,success,success,drop,high,drop,llm_final_decision,False,False,tn,0.0,-1,False,keep,drop,True,uncertain_score_band|border_touching|duplicate_cluster,success,retrieve_same_class_image_crops,same_class_image_crops
219,3,chair,0.2210693359375,13.0,105.0,527.0,545.0,invalid,strong,drop,success,success,success,drop,high,drop,llm_final_decision,False,False,tn,0.0,-1,False,keep,drop,True,uncertain_score_band|border_touching|duplicate_cluster,success,retrieve_same_class_image_crops|retrieve_class_exemplars,same_class_image_crops|class_exemplars
219,4,chair,0.219970703125,62.0,408.0,237.0,500.0,invalid,strong,drop,success,success,success,drop,high,drop,llm_final_decision,False,False,tn,0.0,-1,False,keep,drop,True,uncertain_score_band|duplicate_cluster,success,retrieve_same_class_image_crops,same_class_image_crops
219,5,chair,0.1937255859375,151.0,97.0,640.0,541.0,invalid,strong,drop,success,success,success,drop,high,drop,llm_final_decision,False,False,tn,0.0,-1,False,drop,drop,True,uncertain_score_band|border_touching|duplicate_cluster,success,retrieve_same_class_image_crops,same_class_image_crops
219,6,chair,0.1885986328125,6.0,418.0,244.0,537.0,invalid,strong,drop,success,success,success,drop,high,drop,llm_final_decision,False,False,tn,0.0,-1,False,drop,drop,True,uncertain_score_band|border_touching|duplicate_cluster,success,retrieve_same_class_image_crops,same_class_image_crops
219,7,chair,0.1597900390625,351.0,105.0,485.0,232.0,invalid,strong,drop,success,success,success,drop,high,drop,llm_final_decision,False,False,tn,0.0,-1,False,drop,drop,True,uncertain_score_band|duplicate_cluster,success,retrieve_same_class_image_crops|retrieve_class_exemplars,same_class_image_crops|class_exemplars
219,8,chair,0.154296875,139.0,438.0,243.0,536.0,invalid,strong,drop,success,success,success,drop,high,drop,llm_final_decision,False,False,tn,0.0,-1,False,drop,drop,True,uncertain_score_band,not_called,,
219,9,chair,0.1485595703125,352.0,106.0,640.0,243.0,invalid,strong,drop,success,success,success,drop,high,drop,llm_final_decision,False,False,tn,0.0,-1,False,drop,drop,True,uncertain_score_band|border_touching|duplicate_cluster,success,retrieve_same_class_image_crops,same_class_image_crops
219,10,chair,0.1427001953125,7.0,417.0,234.0,496.0,invalid,strong,drop,success,success,success,drop,high,drop,llm_final_decision,False,False,tn,0.0,-1,False,drop,drop,True,uncertain_score_band|border_touching|duplicate_cluster,success,retrieve_same_class_image_crops,same_class_image_crops
219,11,diningtable,0.1259765625,13.0,105.0,527.0,545.0,invalid,strong,drop,success,success,success,drop,high,drop,llm_final_decision,False,False,tn,0.0,-1,False,drop,drop,True,uncertain_score_band|border_touching|duplicate_cluster,success,retrieve_same_class_image_crops|retrieve_class_exemplars,same_class_image_crops|class_exemplars
219,12,chair,0.12042236328125,61.0,408.0,204.0,469.0,invalid,strong,drop,success,success,success,drop,high,drop,llm_final_decision,False,False,tn,0.0,-1,False,drop,drop,True,uncertain_score_band|duplicate_cluster,success,retrieve_same_class_image_crops,same_class_image_crops
219,13,chair,0.11395263671875,266.0,105.0,487.0,247.0,invalid,strong,drop,success,success,success,drop,high,drop,llm_final_decision,False,False,tn,0.0,-1,False,drop,drop,True,uncertain_score_band|duplicate_cluster,success,retrieve_same_class_image_crops|retrieve_class_exemplars,same_class_image_crops|class_exemplars
219,14,person,0.1044921875,453.0,85.0,640.0,244.0,invalid,strong,drop,success,success,success,drop,high,drop,llm_final_decision,False,False,tn,0.0,-1,False,drop,drop,True,uncertain_score_band|border_touching|duplicate_cluster,success,retrieve_same_class_image_crops,same_class_image_crops
219,15,aeroplane,0.10394287109375,449.0,85.0,640.0,245.0,invalid,strong,drop,success,success,success,drop,high,drop,llm_final_decision,False,False,tn,0.0,-1,False,drop,drop,True,uncertain_score_band|border_touching|duplicate_cluster,success,retrieve_same_class_image_crops|retrieve_class_exemplars,same_class_image_crops|class_exemplars
219,16,chair,0.10052490234375,350.0,106.0,640.0,303.0,invalid,strong,drop,success,success,success,drop,high,drop,llm_final_decision,False,False,tn,0.0,-1,False,drop,drop,True,uncertain_score_band|border_touching|duplicate_cluster,success,retrieve_same_class_image_crops|retrieve_class_exemplars,same_class_image_crops|class_exemplars
222,0,pottedplant,0.74755859375,650.0,51.0,651.0,366.0,unavailable,unavailable,drop,not_candidate_heuristic,success,not_called,keep,,keep,deterministic_gate,True,False,fp,0.0,-1,True,keep,keep,False,,not_called,,
222,1,pottedplant,0.529296875,273.0,173.0,470.0,327.0,invalid,strong,drop,success,success,success,drop,high,drop,llm_final_decision,False,False,tn,0.176535,1,False,keep,drop,True,duplicate_cluster|top_score_sanity_check,success,retrieve_same_class_image_crops|retrieve_class_exemplars,same_class_image_crops|class_exemplars
222,2,pottedplant,0.1446533203125,405.0,49.0,651.0,380.0,invalid,strong,drop,success,success,success,drop,high,drop,llm_final_decision,False,False,tn,0.0,-1,False,drop,drop,True,uncertain_score_band|border_touching|duplicate_cluster|top_score_sanity_check,success,retrieve_same_class_image_crops|retrieve_class_exemplars,same_class_image_crops|class_exemplars
222,3,diningtable,0.137939453125,1.0,483.0,651.0,640.0,invalid,strong,drop,success,success,success,drop,high,drop,llm_final_decision,False,False,tn,0.234041,0,False,drop,drop,True,uncertain_score_band|border_touching,not_called,,
222,4,chair,0.1263427734375,2.0,238.0,250.0,559.0,invalid,strong,drop,success,success,success,drop,high,drop,llm_final_decision,False,False,tn,0.0,-1,False,drop,drop,True,uncertain_score_band|border_touching|duplicate_cluster,success,retrieve_same_class_image_crops,same_class_image_crops
222,5,pottedplant,0.11798095703125,252.0,51.0,466.0,332.0,invalid,strong,drop,success,success,success,drop,high,drop,llm_final_decision,False,False,tn,0.184323,1,False,drop,drop,True,uncertain_score_band|duplicate_cluster,success,retrieve_same_class_image_crops|retrieve_class_exemplars,same_class_image_crops|class_exemplars
222,6,bird,0.115966796875,1.0,389.0,248.0,558.0,invalid,strong,drop,success,success,success,drop,high,drop,llm_final_decision,False,False,tn,0.0,-1,False,drop,drop,True,uncertain_score_band|border_touching|duplicate_cluster,success,retrieve_same_class_image_crops|retrieve_class_exemplars,same_class_image_crops|class_exemplars
222,7,pottedplant,0.100341796875,265.0,49.0,651.0,438.0,invalid,strong,drop,success,success,success,drop,high,drop,llm_final_decision,False,False,tn,0.048942,1,False,drop,drop,True,uncertain_score_band|border_touching|duplicate_cluster,success,retrieve_same_class_image_crops|retrieve_class_exemplars,same_class_image_crops|class_exemplars
224,0,bottle,0.52734375,639.0,294.0,640.0,347.0,unavailable,unavailable,drop,not_candidate_heuristic,success,not_called,keep,,keep,deterministic_gate,True,False,fp,0.0,-1,True,keep,keep,False,,not_called,,
224,1,bottle,0.12359619140625,421.0,328.0,488.0,389.0,invalid,strong,drop,success,success,success,drop,high,drop,llm_final_decision,False,False,tn,0.0,-1,False,drop,drop,True,uncertain_score_band|top_score_sanity_check,not_called,,
224,2,car,0.10687255859375,25.0,331.0,342.0,455.0,invalid,strong,drop,success,success,success,drop,high,drop,llm_final_decision,False,True,fn,0.548464,0,False,drop,drop,True,uncertain_score_band|top_score_sanity_check,not_called,,
224,3,car,0.1033935546875,557.0,395.0,640.0,463.0,invalid,strong,drop,success,success,success,drop,high,drop,llm_final_decision,False,False,tn,0.0,-1,False,drop,drop,True,uncertain_score_band|border_touching,not_called,,
225,0,chair,0.77587890625,637.0,184.0,895.0,513.0,valid,strong,keep,success,success,success,keep,high,keep,llm_final_decision,False,True,tp,0.800655,2,False,keep,keep,True,border_touching|duplicate_cluster|top_score_sanity_check,success,retrieve_same_class_image_crops,same_class_image_crops
225,1,chair,0.68701171875,42.0,226.0,263.0,608.0,valid,strong,keep,success,success,success,keep,high,keep,llm_final_decision,False,True,tp,0.591142,0,False,keep,keep,True,duplicate_cluster|top_score_sanity_check,success,retrieve_same_class_image_crops|retrieve_class_exemplars,same_class_image_crops|class_exemplars
225,2,car,0.36376953125,307.0,62.0,363.0,114.0,invalid,strong,drop,success,success,success,drop,high,drop,llm_final_decision,False,False,tn,0.0,-1,False,keep,drop,True,duplicate_cluster,success,retrieve_same_class_image_crops,same_class_image_crops
225,3,chair,0.359375,42.0,226.0,402.0,611.0,valid,strong,keep,success,success,success,keep,high,keep,llm_final_decision,False,True,tp,0.830022,0,False,keep,keep,True,duplicate_cluster,success,retrieve_same_class_image_crops,same_class_image_crops
225,4,chair,0.2354736328125,201.0,224.0,391.0,606.0,valid,strong,keep,success,success,success,keep,high,keep,llm_final_decision,False,False,fp,0.473623,0,False,keep,keep,True,uncertain_score_band|duplicate_cluster,success,retrieve_same_class_image_crops|retrieve_class_exemplars,same_class_image_crops|class_exemplars
225,5,chair,0.175537109375,635.0,251.0,744.0,384.0,valid,strong,keep,success,success,success,keep,high,keep,llm_final_decision,False,False,fp,0.147093,2,False,drop,keep,True,uncertain_score_band,not_called,,
225,6,chair,0.175537109375,88.0,225.0,388.0,502.0,valid,strong,keep,success,success,success,keep,high,keep,llm_final_decision,False,True,tp,0.6221,0,False,drop,keep,True,uncertain_score_band|duplicate_cluster,success,retrieve_same_class_image_crops|retrieve_class_exemplars,same_class_image_crops|class_exemplars
225,7,diningtable,0.162353515625,43.0,224.0,743.0,618.0,invalid,strong,drop,success,success,success,drop,high,drop,llm_final_decision,False,False,tn,0.326133,1,False,drop,drop,True,uncertain_score_band|duplicate_cluster,success,retrieve_same_class_image_crops|retrieve_class_exemplars,same_class_image_crops|class_exemplars
225,8,sofa,0.1512451171875,42.0,226.0,402.0,611.0,invalid,strong,drop,success,success,success,drop,high,drop,llm_final_decision,False,False,tn,0.0,-1,False,drop,drop,True,uncertain_score_band|duplicate_cluster,success,retrieve_same_class_image_crops,same_class_image_crops
225,9,chair,0.1448974609375,627.0,251.0,834.0,514.0,valid,strong,keep,success,success,success,keep,high,keep,llm_final_decision,False,True,tp,0.506045,2,False,drop,keep,True,uncertain_score_band|duplicate_cluster,success,retrieve_same_class_image_crops,same_class_image_crops
225,10,chair,0.139404296875,213.0,227.0,388.0,372.0,valid,strong,keep,success,success,success,keep,high,keep,llm_final_decision,False,False,fp,0.187985,0,False,drop,keep,True,uncertain_score_band,not_called,,
225,11,sofa,0.1309814453125,375.0,249.0,907.0,640.0,invalid,strong,drop,success,success,success,drop,high,drop,llm_final_decision,False,False,tn,0.0,-1,False,drop,drop,True,uncertain_score_band|border_touching|duplicate_cluster,success,retrieve_same_class_image_crops,same_class_image_crops
225,12,diningtable,0.12127685546875,374.0,297.0,725.0,628.0,valid,strong,keep,success,success,success,keep,high,keep,llm_final_decision,False,True,tp,0.687902,1,False,drop,keep,True,uncertain_score_band|border_touching|duplicate_cluster,success,retrieve_same_class_image_crops|retrieve_class_exemplars,same_class_image_crops|class_exemplars
225,13,diningtable,0.11419677734375,225.0,280.0,906.0,640.0,invalid,strong,drop,success,success,success,drop,high,drop,llm_final_decision,False,False,tn,0.357915,1,False,drop,drop,True,uncertain_score_band|border_touching|duplicate_cluster,success,retrieve_same_class_image_crops|retrieve_class_exemplars,same_class_image_crops|class_exemplars
225,14,car,0.10284423828125,291.0,69.0,401.0,118.0,invalid,strong,drop,success,success,success,drop,high,drop,llm_final_decision,False,False,tn,0.0,-1,False,drop,drop,True,uncertain_score_band|duplicate_cluster,success,retrieve_same_class_image_crops,same_class_image_crops
229,0,tvmonitor,0.92041015625,226.0,300.0,428.0,472.0,invalid,strong,drop,success,success,success,drop,high,drop,llm_final_decision,False,False,tn,0.311584,1,False,keep,drop,True,top_score_sanity_check,not_called,,
229,1,person,0.42919921875,0.0,103.0,108.0,412.0,valid,strong,keep,success,success,success,keep,high,keep,llm_final_decision,False,False,fp,0.328902,0,False,keep,keep,True,border_touching|top_score_sanity_check,not_called,,
229,2,pottedplant,0.392333984375,474.0,281.0,600.0,529.0,uncertain,weak,keep,not_candidate_heuristic,success,not_called,keep,,keep,deterministic_gate,False,False,fp,0.396394,2,False,keep,keep,False,,not_called,,
229,3,sofa,0.1121826171875,1.0,452.0,432.0,640.0,invalid,strong,drop,success,success,success,drop,high,drop,llm_final_decision,False,False,tn,0.0,-1,False,drop,drop,True,uncertain_score_band|border_touching,not_called,,
229,4,person,0.1015625,405.0,154.0,504.0,242.0,invalid,strong,drop,success,success,success,drop,high,drop,llm_final_decision,False,False,tn,0.173451,5,False,drop,drop,True,uncertain_score_band,not_called,,
229,5,person,0.10089111328125,413.0,153.0,451.0,216.0,valid,medium,keep,success,success,success,keep,medium,keep,llm_final_decision,False,False,fp,0.260079,6,False,drop,keep,True,uncertain_score_band,not_called,,
231,0,aeroplane,0.56884765625,58.0,16.0,640.0,556.0,valid,strong,keep,success,success,success,keep,high,keep,llm_final_decision,False,False,fp,0.318735,1,False,keep,keep,True,border_touching|duplicate_cluster|top_score_sanity_check,success,retrieve_same_class_image_crops|retrieve_class_exemplars,same_class_image_crops|class_exemplars
231,1,aeroplane,0.29052734375,484.0,166.0,640.0,258.0,invalid,strong,drop,success,success,success,drop,high,drop,llm_final_decision,False,False,tn,0.059914,0,False,keep,drop,True,uncertain_score_band|border_touching|duplicate_cluster|top_score_sanity_check,success,retrieve_same_class_image_crops|retrieve_class_exemplars,same_class_image_crops|class_exemplars
231,2,aeroplane,0.2493896484375,42.0,14.0,640.0,258.0,valid,strong,keep,success,success,success,keep,high,keep,llm_final_decision,False,True,tp,0.603503,0,False,keep,keep,True,uncertain_score_band|border_touching|duplicate_cluster,success,retrieve_same_class_image_crops|retrieve_class_exemplars,same_class_image_crops|class_exemplars
231,3,aeroplane,0.2333984375,65.0,164.0,640.0,257.0,valid,strong,keep,success,success,success,keep,high,keep,llm_final_decision,False,False,fp,0.30091,0,False,keep,keep,True,uncertain_score_band|border_touching|duplicate_cluster,success,retrieve_same_class_image_crops|retrieve_class_exemplars,same_class_image_crops|class_exemplars
231,4,aeroplane,0.23193359375,639.0,491.0,640.0,551.0,unavailable,unavailable,drop,not_candidate_heuristic,success,not_called,keep,,keep,deterministic_gate,True,False,fp,0.0,-1,True,keep,keep,False,,not_called,,
231,5,aeroplane,0.1666259765625,126.0,362.0,640.0,558.0,valid,strong,keep,success,success,success,keep,high,keep,llm_final_decision,False,False,fp,0.44268,1,False,drop,keep,True,uncertain_score_band|border_touching,not_called,,
231,6,aeroplane,0.1279296875,321.0,167.0,640.0,258.0,valid,strong,keep,success,success,success,keep,high,keep,llm_final_decision,False,False,fp,0.151205,0,False,drop,keep,True,uncertain_score_band|border_touching|duplicate_cluster,success,retrieve_same_class_image_crops|retrieve_class_exemplars,same_class_image_crops|class_exemplars
232,0,person,0.75048828125,427.0,596.0,543.0,640.0,invalid,strong,drop,success,success,success,drop,high,drop,llm_final_decision,False,False,tn,0.021769,6,False,keep,drop,True,border_touching|top_score_sanity_check,not_called,,
232,1,car,0.5546875,494.0,385.0,640.0,559.0,invalid,strong,drop,success,success,success,drop,high,drop,llm_final_decision,False,False,tn,0.051186,7,False,keep,drop,True,border_touching|duplicate_cluster|top_score_sanity_check,success,retrieve_same_class_image_crops|retrieve_class_exemplars,same_class_image_crops|class_exemplars
232,2,person,0.43115234375,67.0,639.0,131.0,640.0,unavailable,unavailable,drop,not_candidate_heuristic,success,not_called,keep,,keep,deterministic_gate,True,False,fp,0.0,-1,True,keep,keep,False,,not_called,,
232,3,person,0.39892578125,639.0,590.0,640.0,640.0,unavailable,unavailable,drop,not_candidate_heuristic,success,not_called,keep,,keep,deterministic_gate,True,False,fp,0.0,-1,True,keep,keep,False,,not_called,,
232,4,bus,0.33056640625,494.0,385.0,640.0,559.0,invalid,strong,drop,success,success,success,drop,high,drop,llm_final_decision,False,False,tn,0.0,-1,False,keep,drop,True,border_touching|duplicate_cluster,success,retrieve_same_class_image_crops,same_class_image_crops
232,5,person,0.1995849609375,328.0,294.0,423.0,454.0,invalid,strong,drop,success,success,success,drop,high,drop,llm_final_decision,False,False,tn,0.071563,1,False,drop,drop,True,uncertain_score_band,not_called,,
232,6,bottle,0.198974609375,639.0,605.0,640.0,640.0,unavailable,unavailable,drop,not_candidate_heuristic,success,not_called,drop,,drop,deterministic_gate,True,False,tn,0.0,-1,True,drop,drop,False,,not_called,,
232,7,boat,0.167236328125,160.0,639.0,286.0,640.0,unavailable,unavailable,drop,not_candidate_heuristic,success,not_called,drop,,drop,deterministic_gate,True,False,tn,0.0,-1,True,drop,drop,False,,not_called,,
232,8,boat,0.153564453125,224.0,639.0,286.0,640.0,unavailable,unavailable,drop,not_candidate_heuristic,success,not_called,drop,,drop,deterministic_gate,True,False,tn,0.0,-1,True,drop,drop,False,,not_called,,
232,9,bottle,0.1396484375,67.0,639.0,131.0,640.0,unavailable,unavailable,drop,not_candidate_heuristic,success,not_called,drop,,drop,deterministic_gate,True,False,tn,0.0,-1,True,drop,drop,False,,not_called,,
232,10,person,0.12359619140625,330.0,293.0,422.0,350.0,invalid,strong,drop,success,success,success,drop,high,drop,llm_final_decision,False,False,tn,0.111537,1,False,drop,drop,True,uncertain_score_band,not_called,,
232,11,person,0.1171875,639.0,605.0,640.0,640.0,unavailable,unavailable,drop,not_candidate_heuristic,success,not_called,drop,,drop,deterministic_gate,True,False,tn,0.0,-1,True,drop,drop,False,,not_called,,
234,0,person,0.270751953125,44.0,38.0,671.0,640.0,valid,strong,keep,success,success,success,keep,high,keep,llm_final_decision,False,False,fp,0.345426,0,False,keep,keep,True,uncertain_score_band|border_touching|top_score_sanity_check,not_called,,
234,1,bottle,0.2147216796875,249.0,233.0,311.0,507.0,invalid,strong,drop,success,success,success,drop,high,drop,llm_final_decision,False,False,tn,0.0,-1,False,keep,drop,True,uncertain_score_band|top_score_sanity_check,not_called,,
234,2,boat,0.1248779296875,43.0,282.0,282.0,640.0,invalid,strong,drop,success,success,success,drop,high,drop,llm_final_decision,False,False,tn,0.0,-1,False,drop,drop,True,uncertain_score_band|border_touching|duplicate_cluster,success,retrieve_same_class_image_crops,same_class_image_crops
234,3,bicycle,0.1229248046875,592.0,468.0,730.0,640.0,invalid,strong,drop,success,success,success,drop,high,drop,llm_final_decision,False,False,tn,0.0,-1,False,drop,drop,True,uncertain_score_band|border_touching,not_called,,
234,4,chair,0.10540771484375,43.0,282.0,282.0,640.0,invalid,strong,drop,success,success,success,drop,high,drop,llm_final_decision,False,False,tn,0.0,-1,False,drop,drop,True,uncertain_score_band|border_touching|duplicate_cluster,success,retrieve_same_class_image_crops|retrieve_class_exemplars,same_class_image_crops|class_exemplars
235,0,boat,0.56494140625,267.0,7.0,646.0,640.0,invalid,strong,drop,success,success,success,drop,high,drop,llm_final_decision,False,False,tn,0.0,-1,False,keep,drop,True,border_touching|duplicate_cluster|top_score_sanity_check,success,retrieve_same_class_image_crops,same_class_image_crops
235,1,boat,0.1685791015625,2.0,6.0,366.0,640.0,invalid,strong,drop,success,success,success,drop,high,drop,llm_final_decision,False,False,tn,0.0,-1,False,drop,drop,True,uncertain_score_band|border_touching|duplicate_cluster|top_score_sanity_check,success,retrieve_same_class_image_crops,same_class_image_crops
235,2,boat,0.1307373046875,63.0,7.0,646.0,640.0,invalid,strong,drop,success,success,success,drop,high,drop,llm_final_decision,False,False,tn,0.0,-1,False,drop,drop,True,uncertain_score_band|border_touching|duplicate_cluster,success,retrieve_same_class_image_crops,same_class_image_crops
235,3,boat,0.125244140625,90.0,106.0,383.0,640.0,invalid,strong,drop,success,success,success,drop,high,drop,llm_final_decision,False,False,tn,0.0,-1,False,drop,drop,True,uncertain_score_band|border_touching|duplicate_cluster,success,retrieve_same_class_image_crops,same_class_image_crops
236,0,bicycle,0.2254638671875,1.0,0.0,640.0,833.0,invalid,strong,drop,success,success,success,drop,high,drop,llm_final_decision,False,False,tn,0.0,-1,False,keep,drop,True,uncertain_score_band|border_touching|duplicate_cluster|top_score_sanity_check,success,retrieve_same_class_image_crops,same_class_image_crops
236,1,car,0.200927734375,1.0,0.0,640.0,833.0,invalid,strong,drop,success,success,success,drop,high,drop,llm_final_decision,False,False,tn,0.0,-1,False,keep,drop,True,uncertain_score_band|border_touching|duplicate_cluster|top_score_sanity_check,success,retrieve_same_class_image_crops|retrieve_class_exemplars,same_class_image_crops|class_exemplars
236,2,motorbike,0.1600341796875,1.0,0.0,640.0,833.0,invalid,strong,drop,success,success,success,drop,high,drop,llm_final_decision,False,False,tn,0.0,-1,False,drop,drop,True,uncertain_score_band|border_touching|duplicate_cluster,success,retrieve_same_class_image_crops|retrieve_class_exemplars,same_class_image_crops|class_exemplars
236,3,motorbike,0.1285400390625,1.0,402.0,640.0,834.0,invalid,strong,drop,success,success,success,drop,high,drop,llm_final_decision,False,False,tn,0.0,-1,False,drop,drop,True,uncertain_score_band|border_touching|duplicate_cluster,success,retrieve_same_class_image_crops|retrieve_class_exemplars,same_class_image_crops|class_exemplars
236,4,person,0.12066650390625,1.0,0.0,640.0,833.0,invalid,strong,drop,success,success,success,drop,high,drop,llm_final_decision,False,False,tn,0.197728,1,False,drop,drop,True,uncertain_score_band|border_touching|duplicate_cluster,success,retrieve_same_class_image_crops,same_class_image_crops
236,5,person,0.11517333984375,458.0,411.0,640.0,749.0,valid,strong,keep,success,success,success,keep,high,keep,llm_final_decision,False,False,fp,0.163388,0,False,drop,keep,True,uncertain_score_band|border_touching,not_called,,
239,0,pottedplant,0.8359375,322.0,320.0,402.0,432.0,invalid,strong,drop,success,success,success,drop,high,drop,llm_final_decision,False,False,tn,0.041432,2,False,keep,drop,True,top_score_sanity_check,not_called,,
239,1,pottedplant,0.69189453125,488.0,327.0,590.0,428.0,invalid,strong,drop,success,success,success,drop,high,drop,llm_final_decision,False,False,tn,0.0084,1,False,keep,drop,True,top_score_sanity_check,not_called,,
239,2,pottedplant,0.4853515625,0.0,411.0,135.0,640.0,valid,strong,keep,success,success,success,keep,medium,keep,llm_final_decision,False,False,fp,0.260334,3,False,keep,keep,True,border_touching,not_called,,
239,3,pottedplant,0.436767578125,1.0,551.0,106.0,640.0,invalid,strong,drop,success,success,success,drop,high,drop,llm_final_decision,False,False,tn,0.0,-1,False,keep,drop,True,border_touching,not_called,,
239,4,pottedplant,0.32861328125,520.0,166.0,635.0,359.0,invalid,strong,drop,success,success,success,drop,high,drop,llm_final_decision,False,False,tn,0.125568,1,False,keep,drop,True,duplicate_cluster,success,retrieve_same_class_image_crops,same_class_image_crops
239,5,chair,0.32373046875,580.0,287.0,789.0,471.0,invalid,strong,drop,success,success,success,drop,high,drop,llm_final_decision,False,False,tn,0.288954,0,False,keep,drop,True,duplicate_cluster,success,retrieve_same_class_image_crops|retrieve_class_exemplars,same_class_image_crops|class_exemplars
239,6,pottedplant,0.301513671875,712.0,192.0,769.0,294.0,uncertain,weak,keep,not_candidate_heuristic,success,not_called,keep,,keep,deterministic_gate,False,False,fp,0.0,-1,False,keep,keep,False,,not_called,,
239,7,sofa,0.294677734375,580.0,287.0,789.0,471.0,invalid,strong,drop,success,success,success,drop,high,drop,llm_final_decision,False,False,tn,0.0,-1,False,keep,drop,True,uncertain_score_band|duplicate_cluster,success,retrieve_same_class_image_crops|retrieve_class_exemplars,same_class_image_crops|class_exemplars
239,8,chair,0.2451171875,661.0,287.0,789.0,443.0,invalid,strong,drop,success,success,success,drop,high,drop,llm_final_decision,False,False,tn,0.177711,0,False,keep,drop,True,uncertain_score_band|duplicate_cluster,success,retrieve_same_class_image_crops|retrieve_class_exemplars,same_class_image_crops|class_exemplars
239,9,diningtable,0.1553955078125,565.0,591.0,852.0,640.0,invalid,strong,drop,success,success,success,drop,high,drop,llm_final_decision,False,False,tn,0.071796,7,False,drop,drop,True,uncertain_score_band|border_touching,not_called,,
239,10,pottedplant,0.1492919921875,669.0,479.0,822.0,640.0,invalid,strong,drop,success,success,success,drop,high,drop,llm_final_decision,False,False,tn,0.0,-1,False,drop,drop,True,uncertain_score_band|border_touching|duplicate_cluster,success,retrieve_same_class_image_crops|retrieve_class_exemplars,same_class_image_crops|class_exemplars
239,11,pottedplant,0.1434326171875,672.0,480.0,807.0,583.0,invalid,strong,drop,success,success,success,drop,high,drop,llm_final_decision,False,False,tn,0.0,-1,False,drop,drop,True,uncertain_score_band|duplicate_cluster,success,retrieve_same_class_image_crops|retrieve_class_exemplars,same_class_image_crops|class_exemplars
239,12,sofa,0.1263427734375,490.0,287.0,788.0,449.0,invalid,strong,drop,success,success,success,drop,high,drop,llm_final_decision,False,False,tn,0.0,-1,False,drop,drop,True,uncertain_score_band|duplicate_cluster,success,retrieve_same_class_image_crops|retrieve_class_exemplars,same_class_image_crops|class_exemplars
239,13,pottedplant,0.1181640625,489.0,165.0,633.0,427.0,invalid,strong,drop,success,success,success,drop,high,drop,llm_final_decision,False,False,tn,0.146534,1,False,drop,drop,True,uncertain_score_band|duplicate_cluster,success,retrieve_same_class_image_crops|retrieve_class_exemplars,same_class_image_crops|class_exemplars
239,14,pottedplant,0.11737060546875,515.0,165.0,657.0,416.0,invalid,strong,drop,success,success,success,drop,high,drop,llm_final_decision,False,False,tn,0.094607,1,False,drop,drop,True,uncertain_score_band|duplicate_cluster,success,retrieve_same_class_image_crops|retrieve_class_exemplars,same_class_image_crops|class_exemplars
243,0,tvmonitor,0.80615234375,552.0,29.0,792.0,377.0,invalid,strong,drop,success,success,success,drop,high,drop,llm_final_decision,False,False,tn,0.0,-1,False,keep,drop,True,top_score_sanity_check,not_called,,
247,0,person,0.59619140625,464.0,134.0,852.0,475.0,valid,strong,keep,success,success,success,keep,high,keep,llm_final_decision,False,False,fp,0.142701,7,False,keep,keep,True,border_touching|duplicate_cluster|top_score_sanity_check,success,retrieve_same_class_image_crops|retrieve_class_exemplars,same_class_image_crops|class_exemplars
247,1,person,0.5439453125,127.0,165.0,241.0,330.0,valid,strong,keep,success,success,success,keep,high,keep,llm_final_decision,False,False,fp,0.313691,4,False,keep,keep,True,duplicate_cluster|top_score_sanity_check,success,retrieve_same_class_image_crops|retrieve_class_exemplars,same_class_image_crops|class_exemplars
247,2,horse,0.3876953125,56.0,195.0,279.0,411.0,valid,strong,keep,success,success,success,keep,high,keep,llm_final_decision,False,False,fp,0.457101,3,False,keep,keep,True,duplicate_cluster,success,retrieve_same_class_image_crops,same_class_image_crops
247,3,person,0.3701171875,363.0,161.0,438.0,250.0,uncertain,weak,keep,not_candidate_heuristic,success,not_called,keep,,keep,deterministic_gate,False,False,fp,0.432314,6,False,keep,keep,False,,not_called,,
247,4,person,0.2744140625,459.0,136.0,782.0,451.0,valid,strong,keep,success,success,success,keep,high,keep,llm_final_decision,False,False,fp,0.240669,7,False,keep,keep,True,uncertain_score_band|duplicate_cluster,success,retrieve_same_class_image_crops|retrieve_class_exemplars,same_class_image_crops|class_exemplars
247,5,horse,0.239013671875,58.0,166.0,655.0,446.0,valid,strong,keep,success,success,success,keep,high,keep,llm_final_decision,False,False,fp,0.446838,1,False,keep,keep,True,uncertain_score_band|duplicate_cluster,success,retrieve_same_class_image_crops|retrieve_class_exemplars,same_class_image_crops|class_exemplars
247,6,person,0.234375,127.0,163.0,428.0,349.0,invalid,strong,drop,success,success,success,drop,high,drop,llm_final_decision,False,False,tn,0.186423,6,False,keep,drop,True,uncertain_score_band|duplicate_cluster,success,retrieve_same_class_image_crops|retrieve_class_exemplars,same_class_image_crops|class_exemplars
247,7,person,0.232666015625,108.0,163.0,432.0,413.0,invalid,strong,drop,success,success,success,drop,high,drop,llm_final_decision,False,False,tn,0.136559,6,False,keep,drop,True,uncertain_score_band|duplicate_cluster,success,retrieve_same_class_image_crops|retrieve_class_exemplars,same_class_image_crops|class_exemplars
247,8,motorbike,0.226806640625,57.0,166.0,541.0,418.0,invalid,strong,drop,success,success,success,drop,high,drop,llm_final_decision,False,False,tn,0.0,-1,False,keep,drop,True,uncertain_score_band|duplicate_cluster,success,retrieve_same_class_image_crops|retrieve_class_exemplars,same_class_image_crops|class_exemplars
247,9,horse,0.203125,59.0,165.0,523.0,415.0,valid,strong,keep,success,success,success,keep,high,keep,llm_final_decision,False,True,tp,0.594206,1,False,keep,keep,True,uncertain_score_band|duplicate_cluster,success,retrieve_same_class_image_crops|retrieve_class_exemplars,same_class_image_crops|class_exemplars
247,10,horse,0.1937255859375,457.0,183.0,852.0,475.0,valid,strong,keep,success,success,success,keep,high,keep,llm_final_decision,False,True,tp,0.644575,0,False,drop,keep,True,uncertain_score_band|border_touching|duplicate_cluster,success,retrieve_same_class_image_crops|retrieve_class_exemplars,same_class_image_crops|class_exemplars
247,11,person,0.19189453125,125.0,163.0,549.0,451.0,invalid,strong,drop,success,success,success,drop,high,drop,llm_final_decision,False,False,tn,0.115638,6,False,drop,drop,True,uncertain_score_band|duplicate_cluster,success,retrieve_same_class_image_crops,same_class_image_crops
247,12,person,0.1912841796875,140.0,229.0,240.0,332.0,invalid,strong,drop,success,success,success,drop,high,drop,llm_final_decision,False,False,tn,0.025428,4,False,drop,drop,True,uncertain_score_band|duplicate_cluster,success,retrieve_same_class_image_crops|retrieve_class_exemplars,same_class_image_crops|class_exemplars
247,13,person,0.1517333984375,263.0,163.0,645.0,452.0,invalid,strong,drop,success,success,success,drop,high,drop,llm_final_decision,False,False,tn,0.163781,7,False,drop,drop,True,uncertain_score_band|duplicate_cluster,success,retrieve_same_class_image_crops|retrieve_class_exemplars,same_class_image_crops|class_exemplars
247,14,person,0.1458740234375,173.0,207.0,247.0,333.0,invalid,strong,drop,success,success,success,drop,high,drop,llm_final_decision,False,False,tn,0.080667,4,False,drop,drop,True,uncertain_score_band|duplicate_cluster,success,retrieve_same_class_image_crops|retrieve_class_exemplars,same_class_image_crops|class_exemplars
247,15,person,0.139892578125,562.0,134.0,747.0,386.0,invalid,strong,drop,success,success,success,drop,high,drop,llm_final_decision,False,False,tn,0.241765,7,False,drop,drop,True,uncertain_score_band|duplicate_cluster,success,retrieve_same_class_image_crops,same_class_image_crops
247,16,person,0.135009765625,57.0,165.0,241.0,331.0,invalid,strong,drop,success,success,success,drop,high,drop,llm_final_decision,False,False,tn,0.230977,4,False,drop,drop,True,uncertain_score_band|duplicate_cluster,success,retrieve_same_class_image_crops|retrieve_class_exemplars,same_class_image_crops|class_exemplars
247,17,person,0.1251220703125,569.0,135.0,756.0,322.0,invalid,strong,drop,success,success,success,drop,high,drop,llm_final_decision,False,False,tn,0.269936,7,False,drop,drop,True,uncertain_score_band|duplicate_cluster,success,retrieve_same_class_image_crops|retrieve_class_exemplars,same_class_image_crops|class_exemplars
247,18,person,0.11517333984375,58.0,166.0,655.0,446.0,invalid,strong,drop,success,success,success,drop,high,drop,llm_final_decision,False,False,tn,0.115123,7,False,drop,drop,True,uncertain_score_band|duplicate_cluster,success,retrieve_same_class_image_crops,same_class_image_crops
247,19,horse,0.11376953125,57.0,194.0,242.0,335.0,valid,strong,keep,success,success,success,keep,high,keep,llm_final_decision,False,False,fp,0.47832,3,False,drop,keep,True,uncertain_score_band|duplicate_cluster,success,retrieve_same_class_image_crops|retrieve_class_exemplars,same_class_image_crops|class_exemplars
247,20,dog,0.10595703125,457.0,183.0,852.0,475.0,invalid,strong,drop,success,success,success,drop,high,drop,llm_final_decision,False,False,tn,0.0,-1,False,drop,drop,True,uncertain_score_band|border_touching|duplicate_cluster,success,retrieve_same_class_image_crops|retrieve_class_exemplars,same_class_image_crops|class_exemplars
247,21,person,0.1026611328125,177.0,163.0,469.0,420.0,invalid,strong,drop,success,success,success,drop,high,drop,llm_final_decision,False,False,tn,0.18701,6,False,drop,drop,True,uncertain_score_band|duplicate_cluster,success,retrieve_same_class_image_crops,same_class_image_crops
247,22,person,0.10247802734375,457.0,134.0,852.0,406.0,invalid,strong,drop,success,success,success,drop,high,drop,llm_final_decision,False,False,tn,0.219663,7,False,drop,drop,True,uncertain_score_band|border_touching|duplicate_cluster,success,retrieve_same_class_image_crops,same_class_image_crops
248,0,bottle,0.382080078125,639.0,100.0,640.0,295.0,unavailable,unavailable,drop,not_candidate_heuristic,success,not_called,keep,,keep,deterministic_gate,True,False,fp,0.0,-1,True,keep,keep,False,,not_called,,
248,1,bottle,0.3720703125,639.0,100.0,640.0,126.0,unavailable,unavailable,drop,not_candidate_heuristic,success,not_called,keep,,keep,deterministic_gate,True,False,fp,0.0,-1,True,keep,keep,False,,not_called,,
248,2,boat,0.21728515625,38.0,58.0,384.0,582.0,invalid,strong,drop,success,success,success,drop,high,drop,llm_final_decision,False,False,tn,0.0,-1,False,keep,drop,True,uncertain_score_band|duplicate_cluster|top_score_sanity_check,success,retrieve_same_class_image_crops|retrieve_class_exemplars,same_class_image_crops|class_exemplars
248,3,chair,0.20751953125,527.0,111.0,640.0,524.0,invalid,strong,drop,success,success,success,drop,high,drop,llm_final_decision,False,False,tn,0.0,-1,False,keep,drop,True,uncertain_score_band|border_touching|duplicate_cluster|top_score_sanity_check,success,retrieve_same_class_image_crops|retrieve_class_exemplars,same_class_image_crops|class_exemplars
248,4,train,0.181884765625,38.0,58.0,384.0,582.0,invalid,strong,drop,success,success,success,drop,high,drop,llm_final_decision,False,False,tn,0.0,-1,False,drop,drop,True,uncertain_score_band|duplicate_cluster,success,retrieve_class_exemplars,class_exemplars
248,5,person,0.172119140625,527.0,111.0,640.0,524.0,invalid,strong,drop,success,success,success,drop,high,drop,llm_final_decision,False,False,tn,0.095131,1,False,drop,drop,True,uncertain_score_band|border_touching|duplicate_cluster,success,retrieve_same_class_image_crops|retrieve_class_exemplars,same_class_image_crops|class_exemplars
248,6,boat,0.1446533203125,527.0,111.0,640.0,524.0,invalid,strong,drop,success,success,success,drop,high,drop,llm_final_decision,False,False,tn,0.0,-1,False,drop,drop,True,uncertain_score_band|border_touching|duplicate_cluster,success,retrieve_same_class_image_crops|retrieve_class_exemplars,same_class_image_crops|class_exemplars
248,7,tvmonitor,0.1409912109375,38.0,58.0,384.0,582.0,invalid,strong,drop,success,success,success,drop,high,drop,llm_final_decision,False,False,tn,0.0,-1,False,drop,drop,True,uncertain_score_band|duplicate_cluster,success,retrieve_class_exemplars,class_exemplars
248,8,bottle,0.1114501953125,639.0,80.0,640.0,126.0,unavailable,unavailable,drop,not_candidate_heuristic,success,not_called,drop,,drop,deterministic_gate,True,False,tn,0.0,-1,True,drop,drop,False,,not_called,,
248,9,person,0.1087646484375,530.0,113.0,640.0,503.0,invalid,strong,drop,success,success,success,drop,high,drop,llm_final_decision,False,False,tn,0.115455,1,False,drop,drop,True,uncertain_score_band|border_touching|duplicate_cluster,success,retrieve_same_class_image_crops|retrieve_class_exemplars,same_class_image_crops|class_exemplars
250,0,car,0.55078125,279.0,375.0,410.0,420.0,invalid,strong,drop,success,success,success,drop,high,drop,llm_final_decision,False,False,tn,0.0,-1,False,keep,drop,True,duplicate_cluster|top_score_sanity_check,success,retrieve_same_class_image_crops,same_class_image_crops
250,1,bottle,0.1478271484375,425.0,429.0,473.0,479.0,invalid,strong,drop,success,success,success,drop,high,drop,llm_final_decision,False,False,tn,0.0,-1,False,drop,drop,True,uncertain_score_band|top_score_sanity_check,not_called,,
250,2,person,0.1300048828125,639.0,389.0,640.0,454.0,unavailable,unavailable,drop,not_candidate_heuristic,success,not_called,drop,,drop,deterministic_gate,True,False,tn,0.0,-1,True,drop,drop,False,,not_called,,
250,3,car,0.127197265625,333.0,375.0,410.0,409.0,invalid,strong,drop,success,success,success,drop,high,drop,llm_final_decision,False,False,tn,0.0,-1,False,drop,drop,True,uncertain_score_band|duplicate_cluster,success,retrieve_same_class_image_crops,same_class_image_crops
252,0,car,0.338623046875,126.0,6.0,924.0,591.0,invalid,strong,drop,success,success,success,drop,high,drop,llm_final_decision,False,False,tn,0.0,-1,False,keep,drop,True,border_touching|duplicate_cluster|top_score_sanity_check,success,retrieve_class_exemplars,class_exemplars
252,1,tvmonitor,0.1331787109375,126.0,6.0,924.0,591.0,invalid,strong,drop,success,success,success,drop,high,drop,llm_final_decision,False,False,tn,0.0,-1,False,drop,drop,True,uncertain_score_band|border_touching|duplicate_cluster|top_score_sanity_check,success,retrieve_class_exemplars,class_exemplars
252,2,bus,0.1309814453125,126.0,6.0,924.0,591.0,valid,strong,keep,success,success,success,keep,high,keep,llm_final_decision,False,True,tp,0.649484,0,False,drop,keep,True,uncertain_score_band|border_touching|duplicate_cluster,success,retrieve_same_class_image_crops|retrieve_class_exemplars,same_class_image_crops|class_exemplars
255,0,person,0.2958984375,2.0,216.0,370.0,785.0,valid,strong,keep,success,success,success,keep,medium,keep,llm_final_decision,False,True,tp,0.696062,0,False,keep,keep,True,uncertain_score_band|border_touching|duplicate_cluster|top_score_sanity_check,success,retrieve_same_class_image_crops|retrieve_class_exemplars,same_class_image_crops|class_exemplars
255,1,person,0.275634765625,1.0,215.0,640.0,786.0,invalid,strong,drop,success,success,success,drop,high,drop,llm_final_decision,False,False,tn,0.300426,0,False,keep,drop,True,uncertain_score_band|border_touching|duplicate_cluster|top_score_sanity_check,success,retrieve_same_class_image_crops,same_class_image_crops
255,2,boat,0.12548828125,1.0,215.0,640.0,786.0,invalid,strong,drop,success,success,success,drop,high,drop,llm_final_decision,False,False,tn,0.0,-1,False,drop,drop,True,uncertain_score_band|border_touching|duplicate_cluster,success,retrieve_same_class_image_crops|retrieve_class_exemplars,same_class_image_crops|class_exemplars
256,0,pottedplant,0.78125,472.0,213.0,596.0,440.0,valid,strong,keep,success,success,success,keep,high,keep,llm_final_decision,False,True,tp,0.53418,1,False,keep,keep,True,top_score_sanity_check,not_called,,
256,1,pottedplant,0.681640625,0.0,127.0,86.0,301.0,valid,strong,keep,success,success,success,keep,high,keep,llm_final_decision,False,False,fp,0.447464,2,False,keep,keep,True,border_touching|top_score_sanity_check,not_called,,
256,2,tvmonitor,0.525390625,28.0,297.0,269.0,537.0,invalid,strong,drop,success,success,success,drop,high,drop,llm_final_decision,False,False,tn,0.442944,0,False,keep,drop,True,duplicate_cluster,success,retrieve_same_class_image_crops,same_class_image_crops
256,3,pottedplant,0.2418212890625,0.0,423.0,84.0,640.0,valid,strong,keep,success,success,success,keep,medium,keep,llm_final_decision,False,False,fp,0.390809,3,False,keep,keep,True,uncertain_score_band|border_touching,not_called,,
256,4,chair,0.1533203125,810.0,639.0,874.0,640.0,unavailable,unavailable,drop,not_candidate_heuristic,success,not_called,drop,,drop,deterministic_gate,True,False,tn,0.0,-1,True,drop,drop,False,,not_called,,
256,5,tvmonitor,0.1240234375,2.0,297.0,268.0,640.0,invalid,strong,drop,success,success,success,drop,high,drop,llm_final_decision,False,False,tn,0.250591,0,False,drop,drop,True,uncertain_score_band|border_touching|duplicate_cluster,success,retrieve_same_class_image_crops|retrieve_class_exemplars,same_class_image_crops|class_exemplars
256,6,chair,0.100341796875,0.0,234.0,65.0,302.0,invalid,strong,drop,success,success,success,drop,high,drop,llm_final_decision,False,False,tn,0.0,-1,False,drop,drop,True,uncertain_score_band|border_touching,not_called,,
258,0,tvmonitor,0.1746826171875,0.0,1.0,640.0,668.0,invalid,strong,drop,success,success,success,drop,high,drop,llm_final_decision,False,False,tn,0.0,-1,False,drop,drop,True,uncertain_score_band|border_touching|top_score_sanity_check,not_called,,
259,0,person,0.93603515625,318.0,167.0,456.0,640.0,valid,strong,keep,success,success,success,keep,high,keep,llm_final_decision,False,False,fp,0.467338,0,False,keep,keep,True,border_touching|top_score_sanity_check,not_called,,
259,1,pottedplant,0.82275390625,254.0,323.0,322.0,409.0,invalid,strong,drop,success,success,success,drop,high,drop,llm_final_decision,False,False,tn,0.03247,2,False,keep,drop,True,top_score_sanity_check,not_called,,
259,2,person,0.66357421875,527.0,160.0,739.0,404.0,valid,medium,keep,not_candidate_heuristic,success,not_called,keep,,keep,deterministic_gate,False,False,fp,0.423377,1,False,keep,keep,False,,not_called,,
259,3,pottedplant,0.2015380859375,748.0,349.0,811.0,408.0,invalid,strong,drop,success,success,success,drop,high,drop,llm_final_decision,False,False,tn,0.0,-1,False,keep,drop,True,uncertain_score_band|border_touching|duplicate_cluster,success,retrieve_same_class_image_crops|retrieve_class_exemplars,same_class_image_crops|class_exemplars
259,4,sheep,0.161865234375,748.0,349.0,811.0,408.0,invalid,strong,drop,success,success,success,drop,high,drop,llm_final_decision,False,False,tn,0.0,-1,False,drop,drop,True,uncertain_score_band|border_touching|duplicate_cluster,success,retrieve_class_exemplars,class_exemplars
260,0,person,0.8818359375,701.0,214.0,842.0,551.0,invalid,strong,drop,success,success,success,drop,high,drop,llm_final_decision,False,False,tn,0.0,-1,False,keep,drop,True,border_touching|top_score_sanity_check,not_called,,
260,1,person,0.77783203125,376.0,175.0,647.0,568.0,invalid,strong,drop,success,success,success,drop,high,drop,llm_final_decision,False,False,tn,0.351003,1,False,keep,drop,True,duplicate_cluster|top_score_sanity_check,success,retrieve_same_class_image_crops,same_class_image_crops
260,2,chair,0.2017822265625,366.0,441.0,671.0,627.0,invalid,strong,drop,success,success,success,drop,high,drop,llm_final_decision,False,False,tn,0.0,-1,False,keep,drop,True,uncertain_score_band|border_touching|duplicate_cluster,success,retrieve_same_class_image_crops,same_class_image_crops
260,3,chair,0.1634521484375,369.0,441.0,634.0,577.0,invalid,strong,drop,success,success,success,drop,high,drop,llm_final_decision,False,False,tn,0.0,-1,False,drop,drop,True,uncertain_score_band|duplicate_cluster,success,retrieve_same_class_image_crops,same_class_image_crops
260,4,chair,0.1358642578125,367.0,336.0,673.0,626.0,invalid,strong,drop,success,success,success,drop,high,drop,llm_final_decision,False,False,tn,0.0,-1,False,drop,drop,True,uncertain_score_band|border_touching|duplicate_cluster,success,retrieve_same_class_image_crops|retrieve_class_exemplars,same_class_image_crops|class_exemplars
260,5,chair,0.11553955078125,386.0,442.0,484.0,534.0,invalid,strong,drop,success,success,success,drop,high,drop,llm_final_decision,False,False,tn,0.0,-1,False,drop,drop,True,uncertain_score_band,not_called,,
264,0,motorbike,0.82421875,73.0,166.0,853.0,475.0,valid,strong,keep,success,success,success,keep,high,keep,llm_final_decision,False,True,tp,0.679842,0,False,keep,keep,True,border_touching|top_score_sanity_check,not_called,,
265,0,chair,0.16455078125,471.0,198.0,676.0,251.0,invalid,strong,drop,success,success,success,drop,high,drop,llm_final_decision,False,False,tn,0.0,-1,False,drop,drop,True,uncertain_score_band|duplicate_cluster|top_score_sanity_check,success,retrieve_same_class_image_crops,same_class_image_crops
265,1,chair,0.154541015625,302.0,257.0,828.0,595.0,invalid,strong,drop,success,success,success,drop,high,drop,llm_final_decision,False,False,tn,0.0,-1,False,drop,drop,True,uncertain_score_band|border_touching|duplicate_cluster|top_score_sanity_check,success,retrieve_same_class_image_crops|retrieve_class_exemplars,same_class_image_crops|class_exemplars
265,2,chair,0.13232421875,104.0,65.0,828.0,596.0,invalid,strong,drop,success,success,success,drop,high,drop,llm_final_decision,False,False,tn,0.0,-1,False,drop,drop,True,uncertain_score_band|border_touching|duplicate_cluster,success,retrieve_same_class_image_crops|retrieve_class_exemplars,same_class_image_crops|class_exemplars
265,3,sofa,0.1187744140625,471.0,198.0,676.0,251.0,invalid,strong,drop,success,success,success,drop,high,drop,llm_final_decision,False,False,tn,0.0,-1,False,drop,drop,True,uncertain_score_band|duplicate_cluster,success,retrieve_same_class_image_crops,same_class_image_crops
265,4,tvmonitor,0.10595703125,302.0,257.0,828.0,595.0,invalid,strong,drop,success,success,success,drop,high,drop,llm_final_decision,False,False,tn,0.0,-1,False,drop,drop,True,uncertain_score_band|border_touching|duplicate_cluster,success,retrieve_same_class_image_crops|retrieve_class_exemplars,same_class_image_crops|class_exemplars
265,5,chair,0.1048583984375,472.0,123.0,675.0,248.0,invalid,strong,drop,success,success,success,drop,high,drop,llm_final_decision,False,False,tn,0.0,-1,False,drop,drop,True,uncertain_score_band,not_called,,
268,0,boat,0.56787109375,665.0,492.0,1006.0,585.0,valid,strong,keep,success,success,success,keep,high,keep,llm_final_decision,False,True,tp,0.692671,0,False,keep,keep,True,duplicate_cluster|top_score_sanity_check,success,retrieve_same_class_image_crops|retrieve_class_exemplars,same_class_image_crops|class_exemplars
268,1,boat,0.1666259765625,666.0,491.0,1132.0,589.0,valid,strong,keep,success,success,success,keep,high,keep,llm_final_decision,False,True,tp,0.572202,0,False,drop,keep,True,uncertain_score_band|border_touching|duplicate_cluster|top_score_sanity_check,success,retrieve_same_class_image_crops|retrieve_class_exemplars,same_class_image_crops|class_exemplars
270,0,bicycle,0.3603515625,660.0,499.0,759.0,639.0,invalid,strong,drop,success,success,success,drop,high,drop,llm_final_decision,False,False,tn,0.233497,4,False,keep,drop,True,border_touching|duplicate_cluster|top_score_sanity_check,success,retrieve_same_class_image_crops,same_class_image_crops
270,1,bicycle,0.342529296875,651.0,489.0,866.0,640.0,valid,strong,keep,success,success,success,keep,high,keep,llm_final_decision,False,False,fp,0.381501,4,False,keep,keep,True,border_touching|duplicate_cluster|top_score_sanity_check,success,retrieve_same_class_image_crops,same_class_image_crops
270,2,person,0.1707763671875,2.0,2.0,559.0,640.0,valid,strong,keep,success,success,success,keep,high,keep,llm_final_decision,False,False,fp,0.264984,1,False,drop,keep,True,uncertain_score_band|border_touching|duplicate_cluster,success,retrieve_same_class_image_crops,same_class_image_crops
270,3,bicycle,0.165283203125,594.0,499.0,831.0,639.0,valid,strong,keep,success,success,success,keep,high,keep,llm_final_decision,False,True,tp,0.509397,4,False,drop,keep,True,uncertain_score_band|border_touching|duplicate_cluster,success,retrieve_same_class_image_crops,same_class_image_crops
270,4,person,0.152587890625,1.0,480.0,244.0,640.0,invalid,strong,drop,success,success,success,drop,high,drop,llm_final_decision,False,False,tn,0.0,-1,False,drop,drop,True,uncertain_score_band|border_touching,not_called,,
270,5,person,0.1363525390625,0.0,101.0,30.0,640.0,invalid,strong,drop,success,success,success,drop,high,drop,llm_final_decision,False,False,tn,0.0,-1,False,drop,drop,True,uncertain_score_band|border_touching|small_box|duplicate_cluster,success,retrieve_same_class_image_crops,same_class_image_crops
270,6,bicycle,0.1282958984375,592.0,508.0,754.0,639.0,valid,strong,keep,success,success,success,keep,high,keep,llm_final_decision,False,False,fp,0.326995,4,False,drop,keep,True,uncertain_score_band|border_touching|duplicate_cluster,success,retrieve_same_class_image_crops,same_class_image_crops
270,7,person,0.10992431640625,1.0,69.0,30.0,523.0,invalid,strong,drop,success,success,success,drop,high,drop,llm_final_decision,False,False,tn,0.0,-1,False,drop,drop,True,uncertain_score_band|border_touching|small_box|duplicate_cluster,success,retrieve_same_class_image_crops,same_class_image_crops
270,8,tvmonitor,0.10577392578125,2.0,1.0,564.0,520.0,invalid,strong,drop,success,success,success,drop,high,drop,llm_final_decision,False,False,tn,0.0,-1,False,drop,drop,True,uncertain_score_band|border_touching|duplicate_cluster,success,retrieve_same_class_image_crops|retrieve_class_exemplars,same_class_image_crops|class_exemplars
270,9,bicycle,0.10089111328125,476.0,496.0,866.0,640.0,valid,strong,keep,success,success,success,keep,high,keep,llm_final_decision,False,False,fp,0.334546,4,False,drop,keep,True,uncertain_score_band|border_touching|duplicate_cluster,success,retrieve_same_class_image_crops,same_class_image_crops
272,0,aeroplane,0.5087890625,2.0,94.0,640.0,519.0,invalid,strong,drop,success,success,success,drop,high,drop,llm_final_decision,False,False,tn,0.0,-1,False,keep,drop,True,border_touching|duplicate_cluster|top_score_sanity_check,success,retrieve_same_class_image_crops|retrieve_class_exemplars,same_class_image_crops|class_exemplars
272,1,aeroplane,0.2220458984375,23.0,135.0,640.0,473.0,invalid,strong,drop,success,success,success,drop,high,drop,llm_final_decision,False,False,tn,0.0,-1,False,keep,drop,True,uncertain_score_band|border_touching|duplicate_cluster|top_score_sanity_check,success,retrieve_same_class_image_crops|retrieve_class_exemplars,same_class_image_crops|class_exemplars
272,2,aeroplane,0.1533203125,195.0,146.0,640.0,473.0,invalid,strong,drop,success,success,success,drop,high,drop,llm_final_decision,False,False,tn,0.0,-1,False,drop,drop,True,uncertain_score_band|border_touching|duplicate_cluster,success,retrieve_same_class_image_crops|retrieve_class_exemplars,same_class_image_crops|class_exemplars
273,0,aeroplane,0.222412109375,205.0,83.0,640.0,591.0,invalid,strong,drop,success,success,success,drop,high,drop,llm_final_decision,False,False,tn,0.0,-1,False,keep,drop,True,uncertain_score_band|border_touching|duplicate_cluster|top_score_sanity_check,success,retrieve_class_exemplars,class_exemplars
273,1,cow,0.15380859375,422.0,387.0,640.0,591.0,invalid,strong,drop,success,success,success,drop,high,drop,llm_final_decision,False,False,tn,0.084548,0,False,drop,drop,True,uncertain_score_band|border_touching|duplicate_cluster|top_score_sanity_check,success,retrieve_same_class_image_crops,same_class_image_crops
273,2,bus,0.1336669921875,421.0,86.0,640.0,593.0,invalid,strong,drop,success,success,success,drop,high,drop,llm_final_decision,False,False,tn,0.0,-1,False,drop,drop,True,uncertain_score_band|border_touching|duplicate_cluster,success,retrieve_same_class_image_crops|retrieve_class_exemplars,same_class_image_crops|class_exemplars
273,3,bus,0.12420654296875,205.0,83.0,640.0,591.0,invalid,strong,drop,success,success,success,drop,high,drop,llm_final_decision,False,False,tn,0.0,-1,False,drop,drop,True,uncertain_score_band|border_touching|duplicate_cluster,success,retrieve_same_class_image_crops|retrieve_class_exemplars,same_class_image_crops|class_exemplars
273,4,aeroplane,0.1143798828125,421.0,86.0,640.0,593.0,invalid,strong,drop,success,success,success,drop,high,drop,llm_final_decision,False,False,tn,0.0,-1,False,drop,drop,True,uncertain_score_band|border_touching|duplicate_cluster,success,retrieve_same_class_image_crops|retrieve_class_exemplars,same_class_image_crops|class_exemplars
273,5,dog,0.10321044921875,422.0,387.0,640.0,591.0,invalid,strong,drop,success,success,success,drop,high,drop,llm_final_decision,False,False,tn,0.0,-1,False,drop,drop,True,uncertain_score_band|border_touching|duplicate_cluster,success,retrieve_same_class_image_crops,same_class_image_crops
274,0,person,0.640625,253.0,147.0,418.0,605.0,invalid,strong,drop,success,success,success,drop,high,drop,llm_final_decision,False,False,tn,0.100647,0,False,keep,drop,True,duplicate_cluster|top_score_sanity_check,success,retrieve_same_class_image_crops,same_class_image_crops
274,1,pottedplant,0.4912109375,467.0,200.0,536.0,247.0,invalid,strong,drop,success,success,success,drop,high,drop,llm_final_decision,False,False,tn,0.0,-1,False,keep,drop,True,top_score_sanity_check,not_called,,
274,2,bottle,0.454345703125,656.0,287.0,657.0,395.0,unavailable,unavailable,drop,not_candidate_heuristic,success,not_called,keep,,keep,deterministic_gate,True,False,fp,0.0,-1,True,keep,keep,False,,not_called,,
274,3,bottle,0.3525390625,656.0,281.0,657.0,361.0,unavailable,unavailable,drop,not_candidate_heuristic,success,not_called,keep,,keep,deterministic_gate,True,False,fp,0.0,-1,True,keep,keep,False,,not_called,,
274,4,person,0.303955078125,154.0,148.0,416.0,605.0,valid,strong,keep,success,success,success,keep,high,keep,llm_final_decision,False,False,fp,0.438068,0,False,keep,keep,True,duplicate_cluster,success,retrieve_same_class_image_crops,same_class_image_crops
274,5,bottle,0.284912109375,656.0,287.0,657.0,399.0,unavailable,unavailable,drop,not_candidate_heuristic,success,not_called,keep,,keep,deterministic_gate,True,False,fp,0.0,-1,True,keep,keep,False,,not_called,,
274,6,bottle,0.1953125,2.0,335.0,47.0,431.0,valid,strong,keep,success,success,success,keep,medium,keep,llm_final_decision,False,True,tp,0.554949,1,False,drop,keep,True,uncertain_score_band|border_touching,not_called,,
274,7,bottle,0.123779296875,656.0,283.0,657.0,383.0,unavailable,unavailable,drop,not_candidate_heuristic,success,not_called,drop,,drop,deterministic_gate,True,False,tn,0.0,-1,True,drop,drop,False,,not_called,,
275,0,person,0.830078125,434.0,222.0,780.0,618.0,valid,strong,keep,success,success,success,keep,high,keep,llm_final_decision,False,True,tp,0.803234,0,False,keep,keep,True,duplicate_cluster|top_score_sanity_check,success,retrieve_same_class_image_crops,same_class_image_crops
275,1,car,0.385009765625,14.0,372.0,479.0,621.0,invalid,strong,drop,success,success,success,drop,high,drop,llm_final_decision,False,True,fn,0.537634,2,False,keep,drop,True,border_touching|top_score_sanity_check,not_called,,
275,2,bottle,0.154296875,936.0,289.0,961.0,359.0,invalid,strong,drop,success,success,success,drop,high,drop,llm_final_decision,False,False,tn,0.0,-1,False,drop,drop,True,uncertain_score_band|border_touching|small_box,not_called,,
275,3,person,0.11376953125,175.0,223.0,783.0,621.0,valid,strong,keep,success,success,success,keep,medium,keep,llm_final_decision,False,False,fp,0.492028,0,False,drop,keep,True,uncertain_score_band|border_touching|duplicate_cluster,success,retrieve_same_class_image_crops,same_class_image_crops
275,4,person,0.11297607421875,933.0,229.0,961.0,607.0,invalid,strong,drop,success,success,success,drop,high,drop,llm_final_decision,False,False,tn,0.0,-1,False,drop,drop,True,uncertain_score_band|border_touching|small_box|duplicate_cluster,success,retrieve_same_class_image_crops,same_class_image_crops
275,5,bottle,0.10931396484375,934.0,232.0,961.0,476.0,invalid,strong,drop,success,success,success,drop,high,drop,llm_final_decision,False,False,tn,0.0,-1,False,drop,drop,True,uncertain_score_band|border_touching|small_box|duplicate_cluster,success,retrieve_same_class_image_crops|retrieve_class_exemplars,same_class_image_crops|class_exemplars
276,0,person,0.1329345703125,517.0,428.0,597.0,512.0,invalid,strong,drop,success,success,success,drop,high,drop,llm_final_decision,False,False,tn,0.0,-1,False,drop,drop,True,uncertain_score_band|top_score_sanity_check,not_called,,
276,1,car,0.132568359375,585.0,323.0,640.0,555.0,invalid,strong,drop,success,success,success,drop,high,drop,llm_final_decision,False,False,tn,0.0,-1,False,drop,drop,True,uncertain_score_band|border_touching|top_score_sanity_check,not_called,,
279,0,person,0.37744140625,116.0,83.0,236.0,234.0,valid,strong,keep,success,success,success,keep,high,keep,llm_final_decision,False,True,tp,0.595389,0,False,keep,keep,True,duplicate_cluster|top_score_sanity_check,success,retrieve_same_class_image_crops,same_class_image_crops
279,1,chair,0.241455078125,58.0,2.0,399.0,236.0,invalid,strong,drop,success,success,success,drop,high,drop,llm_final_decision,False,False,tn,0.0,-1,False,keep,drop,True,uncertain_score_band|border_touching|duplicate_cluster|top_score_sanity_check,success,retrieve_same_class_image_crops|retrieve_class_exemplars,same_class_image_crops|class_exemplars
279,2,cat,0.23974609375,541.0,75.0,631.0,180.0,invalid,strong,drop,success,success,success,drop,high,drop,llm_final_decision,False,False,tn,0.0,-1,False,keep,drop,True,uncertain_score_band,not_called,,
279,3,sofa,0.2340087890625,58.0,2.0,399.0,236.0,invalid,strong,drop,success,success,success,drop,high,drop,llm_final_decision,False,False,tn,0.0,-1,False,keep,drop,True,uncertain_score_band|border_touching|duplicate_cluster,success,retrieve_same_class_image_crops|retrieve_class_exemplars,same_class_image_crops|class_exemplars
279,4,person,0.11126708984375,69.0,83.0,239.0,234.0,valid,strong,keep,success,success,success,keep,high,keep,llm_final_decision,False,True,tp,0.62434,0,False,drop,keep,True,uncertain_score_band|duplicate_cluster,success,retrieve_same_class_image_crops,same_class_image_crops
281,0,chair,0.2744140625,602.0,237.0,812.0,640.0,invalid,strong,drop,success,success,success,drop,high,drop,llm_final_decision,False,False,tn,0.0,-1,False,keep,drop,True,uncertain_score_band|border_touching|top_score_sanity_check,not_called,,
281,1,bird,0.17529296875,60.0,5.0,631.0,640.0,invalid,strong,drop,success,success,success,drop,high,drop,llm_final_decision,False,False,tn,0.0,-1,False,drop,drop,True,uncertain_score_band|border_touching|duplicate_cluster|top_score_sanity_check,success,retrieve_same_class_image_crops|retrieve_class_exemplars,same_class_image_crops|class_exemplars
281,2,person,0.1490478515625,58.0,2.0,808.0,640.0,valid,strong,keep,success,success,success,keep,high,keep,llm_final_decision,False,False,fp,0.37017,0,False,drop,keep,True,uncertain_score_band|border_touching|duplicate_cluster,success,retrieve_same_class_image_crops,same_class_image_crops
281,3,tvmonitor,0.134033203125,58.0,2.0,808.0,640.0,invalid,strong,drop,success,success,success,drop,high,drop,llm_final_decision,False,False,tn,0.0,-1,False,drop,drop,True,uncertain_score_band|border_touching|duplicate_cluster,success,retrieve_same_class_image_crops|retrieve_class_exemplars,same_class_image_crops|class_exemplars
282,0,pottedplant,0.4814453125,512.0,430.0,682.0,640.0,valid,strong,keep,success,success,success,keep,medium,keep,llm_final_decision,False,False,fp,0.152579,0,False,keep,keep,True,border_touching|top_score_sanity_check,not_called,,
282,1,chair,0.1556396484375,7.0,509.0,350.0,640.0,valid,medium,keep,success,success,success,keep,medium,keep,llm_final_decision,False,False,fp,0.309276,1,False,drop,keep,True,uncertain_score_band|border_touching|duplicate_cluster|top_score_sanity_check,success,retrieve_same_class_image_crops|retrieve_class_exemplars,same_class_image_crops|class_exemplars
282,2,pottedplant,0.1473388671875,513.0,597.0,589.0,640.0,invalid,strong,drop,success,success,success,drop,high,drop,llm_final_decision,False,False,tn,0.000848,0,False,drop,drop,True,uncertain_score_band|border_touching|duplicate_cluster,success,retrieve_same_class_image_crops|retrieve_class_exemplars,same_class_image_crops|class_exemplars
282,3,pottedplant,0.1373291015625,401.0,521.0,504.0,640.0,valid,medium,keep,success,success,success,keep,medium,keep,llm_final_decision,False,False,fp,0.169402,0,False,drop,keep,True,uncertain_score_band|border_touching,not_called,,
282,4,car,0.1329345703125,681.0,639.0,682.0,640.0,unavailable,unavailable,drop,not_candidate_heuristic,success,not_called,drop,,drop,deterministic_gate,True,False,tn,0.0,-1,True,drop,drop,False,,not_called,,
282,5,person,0.1175537109375,92.0,8.0,682.0,640.0,invalid,strong,drop,success,success,success,drop,high,drop,llm_final_decision,False,False,tn,0.0,-1,False,drop,drop,True,uncertain_score_band|border_touching|duplicate_cluster,success,retrieve_same_class_image_crops,same_class_image_crops
282,6,pottedplant,0.1165771484375,514.0,586.0,618.0,640.0,invalid,strong,drop,success,success,success,drop,high,drop,llm_final_decision,False,False,tn,0.018133,0,False,drop,drop,True,uncertain_score_band|border_touching|duplicate_cluster,success,retrieve_same_class_image_crops,same_class_image_crops
282,7,car,0.11474609375,681.0,613.0,682.0,640.0,unavailable,unavailable,drop,not_candidate_heuristic,success,not_called,drop,,drop,deterministic_gate,True,False,tn,0.0,-1,True,drop,drop,False,,not_called,,
282,8,bicycle,0.11199951171875,7.0,509.0,350.0,640.0,invalid,strong,drop,success,success,success,drop,high,drop,llm_final_decision,False,False,tn,0.0,-1,False,drop,drop,True,uncertain_score_band|border_touching|duplicate_cluster,success,retrieve_same_class_image_crops,same_class_image_crops
282,9,pottedplant,0.107421875,681.0,568.0,682.0,640.0,unavailable,unavailable,drop,not_candidate_heuristic,success,not_called,drop,,drop,deterministic_gate,True,False,tn,0.0,-1,True,drop,drop,False,,not_called,,
282,10,bicycle,0.10321044921875,92.0,8.0,682.0,640.0,invalid,strong,drop,success,success,success,drop,high,drop,llm_final_decision,False,False,tn,0.0,-1,False,drop,drop,True,uncertain_score_band|border_touching|duplicate_cluster,success,retrieve_same_class_image_crops|retrieve_class_exemplars,same_class_image_crops|class_exemplars
283,0,person,0.30322265625,169.0,273.0,316.0,566.0,invalid,strong,drop,success,success,success,drop,high,drop,llm_final_decision,False,False,tn,0.280221,1,False,keep,drop,True,top_score_sanity_check,not_called,,
283,1,bird,0.25390625,41.0,333.0,151.0,564.0,invalid,strong,drop,success,success,success,drop,high,drop,llm_final_decision,False,False,tn,0.0,-1,False,keep,drop,True,uncertain_score_band|top_score_sanity_check,not_called,,
283,2,pottedplant,0.2127685546875,377.0,159.0,640.0,736.0,invalid,strong,drop,success,success,success,drop,high,drop,llm_final_decision,False,False,tn,0.0,-1,False,keep,drop,True,uncertain_score_band|border_touching|duplicate_cluster,success,retrieve_same_class_image_crops,same_class_image_crops
283,3,person,0.195556640625,377.0,159.0,640.0,736.0,invalid,strong,drop,success,success,success,drop,high,drop,llm_final_decision,False,False,tn,0.318978,2,False,drop,drop,True,uncertain_score_band|border_touching|duplicate_cluster,success,retrieve_same_class_image_crops|retrieve_class_exemplars,same_class_image_crops|class_exemplars
283,4,boat,0.17919921875,377.0,159.0,640.0,736.0,invalid,strong,drop,success,success,success,drop,high,drop,llm_final_decision,False,False,tn,0.0,-1,False,drop,drop,True,uncertain_score_band|border_touching|duplicate_cluster,success,retrieve_class_exemplars,class_exemplars
283,5,bird,0.1666259765625,377.0,159.0,640.0,736.0,invalid,strong,drop,success,success,success,drop,high,drop,llm_final_decision,False,False,tn,0.0,-1,False,drop,drop,True,uncertain_score_band|border_touching|duplicate_cluster,success,retrieve_same_class_image_crops|retrieve_class_exemplars,same_class_image_crops|class_exemplars
283,6,tvmonitor,0.13525390625,377.0,159.0,640.0,736.0,invalid,strong,drop,success,success,success,drop,high,drop,llm_final_decision,False,False,tn,0.0,-1,False,drop,drop,True,uncertain_score_band|border_touching|duplicate_cluster,success,retrieve_same_class_image_crops|retrieve_class_exemplars,same_class_image_crops|class_exemplars
285,0,car,0.173828125,582.0,421.0,851.0,557.0,invalid,strong,drop,success,success,success,drop,high,drop,llm_final_decision,False,False,tn,0.0,-1,False,drop,drop,True,uncertain_score_band|border_touching|duplicate_cluster|top_score_sanity_check,success,retrieve_same_class_image_crops|retrieve_class_exemplars,same_class_image_crops|class_exemplars
285,1,aeroplane,0.169921875,582.0,421.0,851.0,557.0,invalid,strong,drop,success,success,success,drop,high,drop,llm_final_decision,False,False,tn,0.0,-1,False,drop,drop,True,uncertain_score_band|border_touching|duplicate_cluster|top_score_sanity_check,success,retrieve_class_exemplars,class_exemplars
285,2,cow,0.1605224609375,358.0,449.0,576.0,623.0,invalid,strong,drop,success,success,success,drop,high,drop,llm_final_decision,False,False,tn,0.302172,0,False,drop,drop,True,uncertain_score_band|border_touching|duplicate_cluster,success,retrieve_same_class_image_crops,same_class_image_crops
285,3,chair,0.154296875,0.0,409.0,31.0,493.0,invalid,strong,drop,success,success,success,drop,high,drop,llm_final_decision,False,False,tn,0.0,-1,False,drop,drop,True,uncertain_score_band|border_touching|small_box|duplicate_cluster,success,retrieve_same_class_image_crops|retrieve_class_exemplars,same_class_image_crops|class_exemplars
285,4,cow,0.1448974609375,582.0,421.0,851.0,557.0,invalid,strong,drop,success,success,success,drop,high,drop,llm_final_decision,False,False,tn,0.178686,1,False,drop,drop,True,uncertain_score_band|border_touching|duplicate_cluster,success,retrieve_same_class_image_crops|retrieve_class_exemplars,same_class_image_crops|class_exemplars
285,5,aeroplane,0.1263427734375,1.0,405.0,576.0,620.0,invalid,strong,drop,success,success,success,drop,high,drop,llm_final_decision,False,False,tn,0.0,-1,False,drop,drop,True,uncertain_score_band|border_touching|duplicate_cluster,success,retrieve_class_exemplars,class_exemplars
285,6,cow,0.1217041015625,358.0,449.0,574.0,562.0,invalid,strong,drop,success,success,success,drop,high,drop,llm_final_decision,False,False,tn,0.398108,0,False,drop,drop,True,uncertain_score_band|duplicate_cluster,success,retrieve_same_class_image_crops,same_class_image_crops
285,7,aeroplane,0.11419677734375,0.0,0.0,848.0,629.0,invalid,strong,drop,success,success,success,drop,high,drop,llm_final_decision,False,False,tn,0.0,-1,False,drop,drop,True,uncertain_score_band|border_touching,not_called,,
285,8,bus,0.110107421875,582.0,421.0,851.0,557.0,invalid,strong,drop,success,success,success,drop,high,drop,llm_final_decision,False,False,tn,0.0,-1,False,drop,drop,True,uncertain_score_band|border_touching|duplicate_cluster,success,retrieve_class_exemplars,class_exemplars
285,9,train,0.10357666015625,582.0,421.0,851.0,557.0,invalid,strong,drop,success,success,success,drop,high,drop,llm_final_decision,False,False,tn,0.0,-1,False,drop,drop,True,uncertain_score_band|border_touching|duplicate_cluster,success,retrieve_class_exemplars,class_exemplars
285,10,sofa,0.10284423828125,0.0,409.0,31.0,493.0,invalid,strong,drop,success,success,success,drop,high,drop,llm_final_decision,False,False,tn,0.0,-1,False,drop,drop,True,uncertain_score_band|border_touching|small_box|duplicate_cluster,success,retrieve_same_class_image_crops|retrieve_class_exemplars,same_class_image_crops|class_exemplars
285,11,car,0.102294921875,1.0,405.0,576.0,620.0,invalid,strong,drop,success,success,success,drop,high,drop,llm_final_decision,False,False,tn,0.0,-1,False,drop,drop,True,uncertain_score_band|border_touching|duplicate_cluster,success,retrieve_same_class_image_crops|retrieve_class_exemplars,same_class_image_crops|class_exemplars
287,0,person,0.8671875,176.0,203.0,433.0,542.0,invalid,strong,drop,success,success,success,drop,high,drop,llm_final_decision,False,False,tn,0.461588,4,False,keep,drop,True,top_score_sanity_check,not_called,,
287,1,bicycle,0.83642578125,375.0,352.0,640.0,608.0,invalid,strong,drop,success,success,success,drop,high,drop,llm_final_decision,False,False,tn,0.033304,2,False,keep,drop,True,border_touching|duplicate_cluster|top_score_sanity_check,success,retrieve_same_class_image_crops,same_class_image_crops
287,2,person,0.7705078125,391.0,205.0,640.0,524.0,invalid,strong,drop,success,success,success,drop,high,drop,llm_final_decision,False,False,tn,0.142254,4,False,keep,drop,True,border_touching|duplicate_cluster,success,retrieve_same_class_image_crops,same_class_image_crops
287,3,bicycle,0.4697265625,170.0,354.0,368.0,608.0,uncertain,weak,keep,not_candidate_heuristic,success,not_called,keep,,keep,deterministic_gate,False,False,fp,0.411387,2,False,keep,keep,False,,not_called,,
287,4,bicycle,0.13916015625,374.0,365.0,592.0,529.0,invalid,strong,drop,success,success,success,drop,high,drop,llm_final_decision,False,False,tn,0.044084,2,False,drop,drop,True,uncertain_score_band|duplicate_cluster,success,retrieve_same_class_image_crops,same_class_image_crops
290,0,bird,0.73779296875,45.0,0.0,664.0,640.0,valid,strong,keep,success,success,success,keep,high,keep,llm_final_decision,False,True,tp,0.628967,0,False,keep,keep,True,border_touching|top_score_sanity_check,not_called,,
294,0,car,0.88818359375,329.0,361.0,941.0,632.0,valid,strong,keep,success,success,success,keep,high,keep,llm_final_decision,False,True,tp,0.73196,0,False,keep,keep,True,border_touching|top_score_sanity_check,not_called,,
295,0,bird,0.2239990234375,137.0,161.0,307.0,305.0,valid,strong,keep,success,success,success,keep,high,keep,llm_final_decision,False,False,fp,0.31327,0,False,keep,keep,True,uncertain_score_band|top_score_sanity_check,not_called,,
295,1,bird,0.1812744140625,276.0,325.0,418.0,461.0,valid,strong,keep,success,success,success,keep,high,keep,llm_final_decision,False,False,fp,0.188027,3,False,drop,keep,True,uncertain_score_band|duplicate_cluster|top_score_sanity_check,success,retrieve_same_class_image_crops|retrieve_class_exemplars,same_class_image_crops|class_exemplars
295,2,bird,0.178955078125,639.0,268.0,640.0,401.0,unavailable,unavailable,drop,not_candidate_heuristic,success,not_called,drop,,drop,deterministic_gate,True,False,tn,0.0,-1,True,drop,drop,False,,not_called,,
295,3,bird,0.17138671875,352.0,325.0,401.0,364.0,valid,strong,keep,success,success,success,keep,high,keep,llm_final_decision,False,False,fp,0.119148,3,False,drop,keep,True,uncertain_score_band,not_called,,
295,4,bird,0.1439208984375,136.0,243.0,306.0,316.0,valid,strong,keep,success,success,success,keep,high,keep,llm_final_decision,False,False,fp,0.145551,0,False,drop,keep,True,uncertain_score_band,not_called,,
295,5,bird,0.1365966796875,276.0,325.0,406.0,414.0,valid,strong,keep,success,success,success,keep,high,keep,llm_final_decision,False,False,fp,0.255813,3,False,drop,keep,True,uncertain_score_band|duplicate_cluster,success,retrieve_same_class_image_crops,same_class_image_crops
295,6,bird,0.1231689453125,179.0,496.0,321.0,615.0,invalid,strong,drop,success,success,success,drop,high,drop,llm_final_decision,False,False,tn,0.245543,2,False,drop,drop,True,uncertain_score_band|duplicate_cluster,success,retrieve_same_class_image_crops|retrieve_class_exemplars,same_class_image_crops|class_exemplars
295,7,sheep,0.11199951171875,179.0,496.0,321.0,615.0,invalid,strong,drop,success,success,success,drop,high,drop,llm_final_decision,False,False,tn,0.0,-1,False,drop,drop,True,uncertain_score_band|duplicate_cluster,success,retrieve_same_class_image_crops|retrieve_class_exemplars,same_class_image_crops|class_exemplars
295,8,bird,0.1041259765625,432.0,258.0,558.0,376.0,valid,strong,keep,success,success,success,keep,high,keep,llm_final_decision,False,True,tp,0.731795,4,False,drop,keep,True,uncertain_score_band,not_called,,
299,0,person,0.182373046875,209.0,0.0,409.0,112.0,invalid,strong,drop,success,success,success,drop,high,drop,llm_final_decision,False,False,tn,0.14866,0,False,drop,drop,True,uncertain_score_band|border_touching|top_score_sanity_check,not_called,,
299,1,chair,0.1571044921875,697.0,0.0,731.0,614.0,invalid,strong,drop,success,success,success,drop,high,drop,llm_final_decision,False,False,tn,0.0,-1,False,drop,drop,True,uncertain_score_band|border_touching|duplicate_cluster|top_score_sanity_check,success,retrieve_same_class_image_crops|retrieve_class_exemplars,same_class_image_crops|class_exemplars
299,2,person,0.1331787109375,730.0,1.0,731.0,86.0,unavailable,unavailable,drop,not_candidate_heuristic,success,not_called,drop,,drop,deterministic_gate,True,False,tn,0.0,-1,True,drop,drop,False,,not_called,,
299,3,boat,0.122314453125,697.0,0.0,731.0,614.0,invalid,strong,drop,success,success,success,drop,high,drop,llm_final_decision,False,False,tn,0.0,-1,False,drop,drop,True,uncertain_score_band|border_touching|duplicate_cluster,success,retrieve_same_class_image_crops|retrieve_class_exemplars,same_class_image_crops|class_exemplars
299,4,bicycle,0.10430908203125,697.0,0.0,731.0,614.0,invalid,strong,drop,success,success,success,drop,high,drop,llm_final_decision,False,False,tn,0.0,-1,False,drop,drop,True,uncertain_score_band|border_touching|duplicate_cluster,success,retrieve_same_class_image_crops|retrieve_class_exemplars,same_class_image_crops|class_exemplars
301,0,car,0.81884765625,316.0,541.0,640.0,633.0,invalid,strong,drop,success,success,success,drop,high,drop,llm_final_decision,False,False,tn,0.158523,4,False,keep,drop,True,border_touching|duplicate_cluster|top_score_sanity_check,success,retrieve_same_class_image_crops,same_class_image_crops
301,1,bus,0.72412109375,85.0,183.0,600.0,333.0,invalid,strong,drop,success,success,success,drop,high,drop,llm_final_decision,False,False,tn,0.332794,0,False,keep,drop,True,top_score_sanity_check,not_called,,
301,2,car,0.6123046875,2.0,483.0,433.0,567.0,invalid,strong,drop,success,success,success,drop,high,drop,llm_final_decision,False,False,tn,0.464484,2,False,keep,drop,True,border_touching,not_called,,
301,3,car,0.36669921875,639.0,202.0,640.0,295.0,unavailable,unavailable,drop,not_candidate_heuristic,success,not_called,keep,,keep,deterministic_gate,True,False,fp,0.0,-1,True,keep,keep,False,,not_called,,
301,4,car,0.1396484375,0.0,495.0,20.0,554.0,invalid,strong,drop,success,success,success,drop,high,drop,llm_final_decision,False,False,tn,0.058935,2,False,drop,drop,True,uncertain_score_band|border_touching|small_box|duplicate_cluster,success,retrieve_same_class_image_crops|retrieve_class_exemplars,same_class_image_crops|class_exemplars
301,5,bus,0.13232421875,6.0,185.0,640.0,565.0,invalid,strong,drop,success,success,success,drop,high,drop,llm_final_decision,False,False,tn,0.126131,0,False,drop,drop,True,uncertain_score_band|border_touching,not_called,,
301,6,car,0.1287841796875,3.0,541.0,640.0,635.0,valid,strong,keep,success,success,success,keep,medium,keep,llm_final_decision,False,False,fp,0.304929,4,False,drop,keep,True,uncertain_score_band|border_touching|duplicate_cluster,success,retrieve_same_class_image_crops,same_class_image_crops
301,7,car,0.11517333984375,0.0,469.0,17.0,554.0,invalid,strong,drop,success,success,success,drop,high,drop,llm_final_decision,False,False,tn,0.069437,2,False,drop,drop,True,uncertain_score_band|border_touching|small_box|duplicate_cluster,success,retrieve_same_class_image_crops|retrieve_class_exemplars,same_class_image_crops|class_exemplars
301,8,car,0.10650634765625,0.0,499.0,18.0,567.0,invalid,strong,drop,success,success,success,drop,high,drop,llm_final_decision,False,False,tn,0.050339,2,False,drop,drop,True,uncertain_score_band|border_touching|small_box|duplicate_cluster,success,retrieve_same_class_image_crops|retrieve_class_exemplars,same_class_image_crops|class_exemplars
302,0,train,0.164794921875,3.0,42.0,640.0,576.0,invalid,strong,drop,success,success,success,drop,high,drop,llm_final_decision,False,False,tn,0.0,-1,False,drop,drop,True,uncertain_score_band|border_touching|duplicate_cluster|top_score_sanity_check,success,retrieve_class_exemplars,class_exemplars
302,1,cow,0.1077880859375,3.0,42.0,640.0,576.0,invalid,strong,drop,success,success,success,drop,high,drop,llm_final_decision,False,False,tn,0.0,-1,False,drop,drop,True,uncertain_score_band|border_touching|duplicate_cluster|top_score_sanity_check,success,retrieve_class_exemplars,class_exemplars
302,2,tvmonitor,0.10089111328125,3.0,42.0,640.0,576.0,invalid,strong,drop,success,success,success,drop,high,drop,llm_final_decision,False,False,tn,0.0,-1,False,drop,drop,True,uncertain_score_band|border_touching|duplicate_cluster,success,retrieve_same_class_image_crops,same_class_image_crops
305,0,bottle,0.8701171875,410.0,347.0,463.0,583.0,valid,medium,keep,not_candidate_heuristic,success,not_called,keep,,keep,deterministic_gate,False,False,fp,0.234067,0,False,keep,keep,False,,not_called,,
305,1,person,0.46875,632.0,24.0,725.0,269.0,valid,strong,keep,success,success,success,keep,high,keep,llm_final_decision,False,True,tp,0.570369,4,False,keep,keep,True,duplicate_cluster|top_score_sanity_check,success,retrieve_same_class_image_crops,same_class_image_crops
305,2,chair,0.438720703125,780.0,406.0,964.0,640.0,invalid,strong,drop,success,success,success,drop,high,drop,llm_final_decision,False,False,tn,0.0,-1,False,keep,drop,True,border_touching|duplicate_cluster,success,retrieve_same_class_image_crops,same_class_image_crops
305,3,chair,0.406494140625,380.0,639.0,614.0,640.0,unavailable,unavailable,drop,not_candidate_heuristic,success,not_called,keep,,keep,deterministic_gate,True,False,fp,0.0,-1,True,keep,keep,False,,not_called,,
305,4,diningtable,0.3896484375,28.0,352.0,642.0,640.0,valid,strong,keep,success,success,success,keep,high,keep,llm_final_decision,False,False,fp,0.353599,7,False,keep,keep,True,border_touching|duplicate_cluster,success,retrieve_same_class_image_crops|retrieve_class_exemplars,same_class_image_crops|class_exemplars
305,5,person,0.38671875,120.0,153.0,278.0,640.0,valid,strong,keep,success,success,success,keep,high,keep,llm_final_decision,False,False,fp,0.434642,2,False,keep,keep,True,border_touching|duplicate_cluster,success,retrieve_same_class_image_crops,same_class_image_crops
305,6,chair,0.27978515625,705.0,405.0,924.0,640.0,invalid,strong,drop,success,success,success,drop,high,drop,llm_final_decision,False,False,tn,0.0,-1,False,keep,drop,True,uncertain_score_band|border_touching|duplicate_cluster,success,retrieve_same_class_image_crops,same_class_image_crops
305,7,tvmonitor,0.249755859375,357.0,9.0,618.0,105.0,valid,strong,keep,success,success,success,keep,high,keep,llm_final_decision,False,False,fp,0.0,-1,False,keep,keep,True,uncertain_score_band|border_touching|duplicate_cluster,success,retrieve_same_class_image_crops|retrieve_class_exemplars,same_class_image_crops|class_exemplars
305,8,diningtable,0.244384765625,383.0,357.0,961.0,640.0,valid,strong,keep,success,success,success,keep,high,keep,llm_final_decision,False,False,fp,0.324134,7,False,keep,keep,True,uncertain_score_band|border_touching|duplicate_cluster,success,retrieve_same_class_image_crops|retrieve_class_exemplars,same_class_image_crops|class_exemplars
305,9,diningtable,0.2418212890625,129.0,339.0,831.0,640.0,valid,strong,keep,success,success,success,keep,high,keep,llm_final_decision,False,False,fp,0.409816,7,False,keep,keep,True,uncertain_score_band|border_touching|duplicate_cluster,success,retrieve_same_class_image_crops|retrieve_class_exemplars,same_class_image_crops|class_exemplars
305,10,person,0.23583984375,437.0,33.0,470.0,110.0,invalid,strong,drop,success,success,success,drop,high,drop,llm_final_decision,False,False,tn,0.055004,3,False,keep,drop,True,uncertain_score_band|duplicate_cluster,success,retrieve_same_class_image_crops,same_class_image_crops
305,11,chair,0.223388671875,28.0,423.0,167.0,640.0,invalid,strong,drop,success,success,success,drop,high,drop,llm_final_decision,False,False,tn,0.0,-1,False,keep,drop,True,uncertain_score_band|border_touching|duplicate_cluster,success,retrieve_same_class_image_crops,same_class_image_crops
305,12,chair,0.2017822265625,584.0,404.0,963.0,640.0,invalid,strong,drop,success,success,success,drop,high,drop,llm_final_decision,False,False,tn,0.0,-1,False,keep,drop,True,uncertain_score_band|border_touching|duplicate_cluster,success,retrieve_same_class_image_crops,same_class_image_crops
305,13,person,0.198974609375,28.0,423.0,167.0,640.0,valid,strong,keep,success,success,success,keep,medium,keep,llm_final_decision,False,False,fp,0.325476,1,False,drop,keep,True,uncertain_score_band|border_touching|duplicate_cluster,success,retrieve_same_class_image_crops,same_class_image_crops
305,14,person,0.1983642578125,132.0,153.0,352.0,462.0,valid,strong,keep,success,success,success,keep,high,keep,llm_final_decision,False,True,tp,0.6465,2,False,drop,keep,True,uncertain_score_band|duplicate_cluster,success,retrieve_same_class_image_crops,same_class_image_crops
305,15,person,0.1729736328125,408.0,66.0,547.0,375.0,valid,strong,keep,success,success,success,keep,high,keep,llm_final_decision,False,True,tp,0.627984,3,False,drop,keep,True,uncertain_score_band,not_called,,
305,16,chair,0.1680908203125,885.0,409.0,964.0,640.0,valid,strong,keep,success,success,success,keep,medium,keep,llm_final_decision,False,False,fp,0.0,-1,False,drop,keep,True,uncertain_score_band|border_touching|duplicate_cluster,success,retrieve_same_class_image_crops|retrieve_class_exemplars,same_class_image_crops|class_exemplars
305,17,diningtable,0.1629638671875,410.0,341.0,828.0,640.0,valid,strong,keep,success,success,success,keep,high,keep,llm_final_decision,False,False,fp,0.330988,7,False,drop,keep,True,uncertain_score_band|border_touching|duplicate_cluster,success,retrieve_same_class_image_crops|retrieve_class_exemplars,same_class_image_crops|class_exemplars
305,18,chair,0.15478515625,821.0,405.0,963.0,604.0,invalid,strong,drop,success,success,success,drop,high,drop,llm_final_decision,False,False,tn,0.0,-1,False,drop,drop,True,uncertain_score_band|border_touching|duplicate_cluster,success,retrieve_same_class_image_crops,same_class_image_crops
305,19,bottle,0.1514892578125,424.0,343.0,479.0,374.0,valid,strong,keep,success,success,success,keep,high,keep,llm_final_decision,False,False,fp,0.137077,0,False,drop,keep,True,uncertain_score_band|small_box,not_called,,
305,20,tvmonitor,0.1429443359375,354.0,8.0,635.0,174.0,invalid,strong,drop,success,success,success,drop,high,drop,llm_final_decision,False,False,tn,0.0,-1,False,drop,drop,True,uncertain_score_band|border_touching|duplicate_cluster,success,retrieve_same_class_image_crops,same_class_image_crops
305,21,person,0.138916015625,628.0,24.0,811.0,280.0,invalid,strong,drop,success,success,success,drop,high,drop,llm_final_decision,False,True,fn,0.500059,4,False,drop,drop,True,uncertain_score_band|duplicate_cluster,success,retrieve_same_class_image_crops,same_class_image_crops
305,22,chair,0.1331787109375,783.0,405.0,923.0,611.0,invalid,strong,drop,success,success,success,drop,high,drop,llm_final_decision,False,False,tn,0.0,-1,False,drop,drop,True,uncertain_score_band|duplicate_cluster,success,retrieve_same_class_image_crops,same_class_image_crops
305,23,sofa,0.132080078125,780.0,406.0,964.0,640.0,invalid,strong,drop,success,success,success,drop,high,drop,llm_final_decision,False,False,tn,0.0,-1,False,drop,drop,True,uncertain_score_band|border_touching|duplicate_cluster,success,retrieve_same_class_image_crops|retrieve_class_exemplars,same_class_image_crops|class_exemplars
305,24,person,0.1268310546875,705.0,405.0,924.0,640.0,valid,strong,keep,success,success,success,keep,medium,keep,llm_final_decision,False,False,fp,0.2531,6,False,drop,keep,True,uncertain_score_band|border_touching|duplicate_cluster,success,retrieve_same_class_image_crops|retrieve_class_exemplars,same_class_image_crops|class_exemplars
305,25,diningtable,0.123779296875,381.0,346.0,773.0,640.0,valid,strong,keep,success,success,success,keep,high,keep,llm_final_decision,False,False,fp,0.260593,7,False,drop,keep,True,uncertain_score_band|border_touching|duplicate_cluster,success,retrieve_same_class_image_crops|retrieve_class_exemplars,same_class_image_crops|class_exemplars
305,26,person,0.116943359375,413.0,30.0,808.0,281.0,invalid,strong,drop,success,success,success,drop,high,drop,llm_final_decision,False,False,tn,0.325062,3,False,drop,drop,True,uncertain_score_band|duplicate_cluster,success,retrieve_same_class_image_crops,same_class_image_crops
305,27,tvmonitor,0.11578369140625,439.0,11.0,611.0,99.0,valid,strong,keep,success,success,success,keep,high,keep,llm_final_decision,False,False,fp,0.0,-1,False,drop,keep,True,uncertain_score_band|border_touching|duplicate_cluster,success,retrieve_same_class_image_crops|retrieve_class_exemplars,same_class_image_crops|class_exemplars
305,28,chair,0.1153564453125,272.0,639.0,624.0,640.0,unavailable,unavailable,drop,not_candidate_heuristic,success,not_called,drop,,drop,deterministic_gate,True,False,tn,0.0,-1,True,drop,drop,False,,not_called,,
305,29,chair,0.1087646484375,118.0,375.0,256.0,640.0,invalid,strong,drop,success,success,success,drop,high,drop,llm_final_decision,False,False,tn,0.0,-1,False,drop,drop,True,uncertain_score_band|border_touching|duplicate_cluster,success,retrieve_same_class_image_crops,same_class_image_crops
305,30,person,0.1083984375,440.0,31.0,469.0,84.0,invalid,strong,drop,success,success,success,drop,high,drop,llm_final_decision,False,False,tn,0.027361,3,False,drop,drop,True,uncertain_score_band|small_box|duplicate_cluster,success,retrieve_same_class_image_crops,same_class_image_crops
305,31,chair,0.1083984375,380.0,599.0,612.0,640.0,valid,strong,keep,success,success,success,keep,medium,keep,llm_final_decision,False,False,fp,0.0,-1,False,drop,keep,True,uncertain_score_band|border_touching,not_called,,
305,32,person,0.1063232421875,124.0,152.0,560.0,640.0,invalid,strong,drop,success,success,success,drop,high,drop,llm_final_decision,False,False,tn,0.152895,2,False,drop,drop,True,uncertain_score_band|border_touching|duplicate_cluster,success,retrieve_same_class_image_crops,same_class_image_crops
305,33,chair,0.10504150390625,382.0,405.0,963.0,640.0,invalid,strong,drop,success,success,success,drop,high,drop,llm_final_decision,False,False,tn,0.0,-1,False,drop,drop,True,uncertain_score_band|border_touching|duplicate_cluster,success,retrieve_same_class_image_crops,same_class_image_crops
305,34,person,0.10052490234375,30.0,155.0,337.0,640.0,invalid,strong,drop,success,success,success,drop,high,drop,llm_final_decision,False,False,tn,0.231847,2,False,drop,drop,True,uncertain_score_band|border_touching|duplicate_cluster,success,retrieve_same_class_image_crops,same_class_image_crops
306,0,person,0.11614990234375,76.0,271.0,252.0,561.0,valid,strong,keep,success,success,success,keep,high,keep,llm_final_decision,False,False,fp,0.171158,0,False,drop,keep,True,uncertain_score_band|top_score_sanity_check,not_called,,
306,1,bottle,0.1104736328125,485.0,191.0,640.0,584.0,invalid,strong,drop,success,success,success,drop,high,drop,llm_final_decision,False,False,tn,0.0,-1,False,drop,drop,True,uncertain_score_band|border_touching|top_score_sanity_check,not_called,,
308,0,tvmonitor,0.394287109375,1.0,0.0,640.0,640.0,invalid,strong,drop,success,success,success,drop,high,drop,llm_final_decision,False,False,tn,0.0,-1,False,keep,drop,True,border_touching|top_score_sanity_check,not_called,,
308,1,tvmonitor,0.177001953125,639.0,0.0,640.0,640.0,unavailable,unavailable,drop,not_candidate_heuristic,success,not_called,drop,,drop,deterministic_gate,True,False,tn,0.0,-1,True,drop,drop,False,,not_called,,
308,2,tvmonitor,0.1710205078125,2.0,639.0,640.0,640.0,unavailable,unavailable,drop,not_candidate_heuristic,success,not_called,drop,,drop,deterministic_gate,True,False,tn,0.0,-1,True,drop,drop,False,,not_called,,
309,0,bicycle,0.402587890625,11.0,451.0,640.0,850.0,valid,strong,keep,success,success,success,keep,high,keep,llm_final_decision,False,False,fp,0.495773,2,False,keep,keep,True,border_touching|duplicate_cluster|top_score_sanity_check,success,retrieve_same_class_image_crops|retrieve_class_exemplars,same_class_image_crops|class_exemplars
309,1,bicycle,0.162353515625,3.0,0.0,640.0,850.0,valid,strong,keep,success,success,success,keep,high,keep,llm_final_decision,False,False,fp,0.291635,2,False,drop,keep,True,uncertain_score_band|border_touching|duplicate_cluster|top_score_sanity_check,success,retrieve_same_class_image_crops|retrieve_class_exemplars,same_class_image_crops|class_exemplars
309,2,pottedplant,0.107421875,3.0,0.0,640.0,850.0,invalid,strong,drop,success,success,success,drop,high,drop,llm_final_decision,False,False,tn,0.0,-1,False,drop,drop,True,uncertain_score_band|border_touching|duplicate_cluster,success,retrieve_same_class_image_crops|retrieve_class_exemplars,same_class_image_crops|class_exemplars
310,0,bird,0.732421875,403.0,188.0,568.0,267.0,invalid,strong,drop,success,success,success,drop,high,drop,llm_final_decision,False,False,tn,0.0,-1,False,keep,drop,True,top_score_sanity_check,not_called,,
310,1,boat,0.127197265625,5.0,153.0,640.0,770.0,valid,strong,keep,success,success,success,keep,high,keep,llm_final_decision,False,False,fp,0.340496,3,False,drop,keep,True,uncertain_score_band|border_touching|duplicate_cluster|top_score_sanity_check,success,retrieve_same_class_image_crops|retrieve_class_exemplars,same_class_image_crops|class_exemplars
310,2,car,0.11920166015625,5.0,153.0,640.0,770.0,invalid,strong,drop,success,success,success,drop,high,drop,llm_final_decision,False,False,tn,0.0,-1,False,drop,drop,True,uncertain_score_band|border_touching|duplicate_cluster,success,retrieve_same_class_image_crops,same_class_image_crops
311,0,person,0.1610107421875,1.0,0.0,727.0,640.0,invalid,strong,drop,success,success,success,drop,high,drop,llm_final_decision,False,False,tn,0.108714,0,False,drop,drop,True,uncertain_score_band|border_touching|duplicate_cluster|top_score_sanity_check,success,retrieve_same_class_image_crops,same_class_image_crops
311,1,car,0.15380859375,1.0,0.0,727.0,640.0,invalid,strong,drop,success,success,success,drop,high,drop,llm_final_decision,False,False,tn,0.0,-1,False,drop,drop,True,uncertain_score_band|border_touching|duplicate_cluster|top_score_sanity_check,success,retrieve_same_class_image_crops,same_class_image_crops
311,2,motorbike,0.1336669921875,1.0,0.0,727.0,640.0,invalid,strong,drop,success,success,success,drop,high,drop,llm_final_decision,False,False,tn,0.0,-1,False,drop,drop,True,uncertain_score_band|border_touching|duplicate_cluster,success,retrieve_same_class_image_crops|retrieve_class_exemplars,same_class_image_crops|class_exemplars
311,3,bicycle,0.126953125,1.0,0.0,727.0,640.0,invalid,strong,drop,success,success,success,drop,high,drop,llm_final_decision,False,False,tn,0.0,-1,False,drop,drop,True,uncertain_score_band|border_touching|duplicate_cluster,success,retrieve_same_class_image_crops,same_class_image_crops
311,4,bird,0.1214599609375,1.0,0.0,727.0,640.0,invalid,strong,drop,success,success,success,drop,high,drop,llm_final_decision,False,False,tn,0.0,-1,False,drop,drop,True,uncertain_score_band|border_touching|duplicate_cluster,success,retrieve_same_class_image_crops,same_class_image_crops
312,0,pottedplant,0.7470703125,48.0,348.0,208.0,629.0,invalid,strong,drop,success,success,success,drop,high,drop,llm_final_decision,False,False,tn,0.351693,0,False,keep,drop,True,border_touching|duplicate_cluster|top_score_sanity_check,success,retrieve_same_class_image_crops,same_class_image_crops
312,1,person,0.35302734375,293.0,254.0,480.0,527.0,valid,strong,keep,success,success,success,keep,high,keep,llm_final_decision,False,False,fp,0.370128,1,False,keep,keep,True,top_score_sanity_check,not_called,,
312,2,tvmonitor,0.293701171875,684.0,343.0,731.0,403.0,invalid,strong,drop,success,success,success,drop,high,drop,llm_final_decision,False,False,tn,0.0,-1,False,keep,drop,True,uncertain_score_band,not_called,,
312,3,tvmonitor,0.2362060546875,207.0,590.0,684.0,640.0,invalid,strong,drop,success,success,success,drop,high,drop,llm_final_decision,False,False,tn,0.0,-1,False,keep,drop,True,uncertain_score_band|border_touching|duplicate_cluster,success,retrieve_same_class_image_crops,same_class_image_crops
312,4,tvmonitor,0.1983642578125,613.0,289.0,698.0,399.0,invalid,strong,drop,success,success,success,drop,high,drop,llm_final_decision,False,False,tn,0.0,-1,False,drop,drop,True,uncertain_score_band|duplicate_cluster,success,retrieve_same_class_image_crops,same_class_image_crops
312,5,pottedplant,0.16259765625,47.0,257.0,324.0,634.0,valid,strong,keep,success,success,success,keep,medium,keep,llm_final_decision,False,False,fp,0.311604,0,False,drop,keep,True,uncertain_score_band|border_touching|duplicate_cluster,success,retrieve_same_class_image_crops|retrieve_class_exemplars,same_class_image_crops|class_exemplars
312,6,chair,0.13525390625,200.0,443.0,933.0,640.0,invalid,strong,drop,success,success,success,drop,high,drop,llm_final_decision,False,False,tn,0.0,-1,False,drop,drop,True,uncertain_score_band|border_touching|duplicate_cluster,success,retrieve_same_class_image_crops|retrieve_class_exemplars,same_class_image_crops|class_exemplars
312,7,tvmonitor,0.13134765625,311.0,602.0,428.0,640.0,invalid,strong,drop,success,success,success,drop,high,drop,llm_final_decision,False,False,tn,0.0,-1,False,drop,drop,True,uncertain_score_band|border_touching,not_called,,
312,8,tvmonitor,0.1280517578125,200.0,443.0,933.0,640.0,invalid,strong,drop,success,success,success,drop,high,drop,llm_final_decision,False,False,tn,0.0,-1,False,drop,drop,True,uncertain_score_band|border_touching|duplicate_cluster,success,retrieve_same_class_image_crops|retrieve_class_exemplars,same_class_image_crops|class_exemplars
312,9,person,0.12744140625,186.0,252.0,927.0,640.0,valid,strong,keep,success,success,success,keep,medium,keep,llm_final_decision,False,False,fp,0.15529,1,False,drop,keep,True,uncertain_score_band|border_touching|duplicate_cluster,success,retrieve_same_class_image_crops|retrieve_class_exemplars,same_class_image_crops|class_exemplars
312,10,pottedplant,0.1259765625,613.0,289.0,698.0,399.0,invalid,strong,drop,success,success,success,drop,high,drop,llm_final_decision,False,False,tn,0.0,-1,False,drop,drop,True,uncertain_score_band|duplicate_cluster,success,retrieve_same_class_image_crops|retrieve_class_exemplars,same_class_image_crops|class_exemplars
312,11,chair,0.123779296875,207.0,590.0,684.0,640.0,invalid,strong,drop,success,success,success,drop,high,drop,llm_final_decision,False,False,tn,0.0,-1,False,drop,drop,True,uncertain_score_band|border_touching|duplicate_cluster,success,retrieve_same_class_image_crops,same_class_image_crops
312,12,sofa,0.123779296875,200.0,443.0,933.0,640.0,invalid,strong,drop,success,success,success,drop,high,drop,llm_final_decision,False,False,tn,0.0,-1,False,drop,drop,True,uncertain_score_band|border_touching|duplicate_cluster,success,retrieve_same_class_image_crops|retrieve_class_exemplars,same_class_image_crops|class_exemplars
312,13,tvmonitor,0.115966796875,205.0,514.0,730.0,640.0,invalid,strong,drop,success,success,success,drop,high,drop,llm_final_decision,False,False,tn,0.0,-1,False,drop,drop,True,uncertain_score_band|border_touching|duplicate_cluster,success,retrieve_same_class_image_crops|retrieve_class_exemplars,same_class_image_crops|class_exemplars
312,14,pottedplant,0.10125732421875,48.0,137.0,475.0,640.0,invalid,strong,drop,success,success,success,drop,high,drop,llm_final_decision,False,False,tn,0.128178,0,False,drop,drop,True,uncertain_score_band|border_touching|duplicate_cluster,success,retrieve_same_class_image_crops|retrieve_class_exemplars,same_class_image_crops|class_exemplars
316,0,tvmonitor,0.3603515625,200.0,99.0,640.0,494.0,invalid,strong,drop,success,success,success,drop,high,drop,llm_final_decision,False,False,tn,0.0,-1,False,keep,drop,True,border_touching|duplicate_cluster|top_score_sanity_check,success,retrieve_same_class_image_crops|retrieve_class_exemplars,same_class_image_crops|class_exemplars
316,1,bottle,0.263916015625,60.0,399.0,236.0,688.0,invalid,strong,drop,success,success,success,drop,high,drop,llm_final_decision,False,False,tn,0.0,-1,False,keep,drop,True,uncertain_score_band|border_touching|top_score_sanity_check,not_called,,
316,2,bottle,0.242919921875,639.0,400.0,640.0,685.0,unavailable,unavailable,drop,not_candidate_heuristic,success,not_called,keep,,keep,deterministic_gate,True,False,fp,0.0,-1,True,keep,keep,False,,not_called,,
316,3,bottle,0.1995849609375,59.0,402.0,640.0,693.0,invalid,strong,drop,success,success,success,drop,high,drop,llm_final_decision,False,False,tn,0.0,-1,False,drop,drop,True,uncertain_score_band|border_touching|duplicate_cluster,success,retrieve_same_class_image_crops,same_class_image_crops
316,4,tvmonitor,0.1895751953125,204.0,100.0,640.0,368.0,invalid,strong,drop,success,success,success,drop,high,drop,llm_final_decision,False,False,tn,0.0,-1,False,drop,drop,True,uncertain_score_band|border_touching|duplicate_cluster,success,retrieve_same_class_image_crops|retrieve_class_exemplars,same_class_image_crops|class_exemplars
316,5,bottle,0.110107421875,306.0,406.0,640.0,693.0,invalid,strong,drop,success,success,success,drop,high,drop,llm_final_decision,False,False,tn,0.0,-1,False,drop,drop,True,uncertain_score_band|border_touching|duplicate_cluster,success,retrieve_same_class_image_crops,same_class_image_crops
319,0,aeroplane,0.5400390625,1.0,119.0,640.0,668.0,invalid,strong,drop,success,success,success,drop,high,drop,llm_final_decision,False,False,tn,0.0,-1,False,keep,drop,True,border_touching|duplicate_cluster|top_score_sanity_check,success,retrieve_class_exemplars,class_exemplars
319,1,tvmonitor,0.17724609375,1.0,119.0,640.0,668.0,invalid,strong,drop,success,success,success,drop,high,drop,llm_final_decision,False,False,tn,0.0,-1,False,drop,drop,True,uncertain_score_band|border_touching|duplicate_cluster|top_score_sanity_check,success,retrieve_class_exemplars,class_exemplars
321,0,boat,0.138916015625,23.0,2.0,640.0,640.0,invalid,strong,drop,success,success,success,drop,high,drop,llm_final_decision,False,False,tn,0.0,-1,False,drop,drop,True,uncertain_score_band|border_touching|top_score_sanity_check,not_called,,
321,1,boat,0.1019287109375,3.0,639.0,640.0,640.0,unavailable,unavailable,drop,not_candidate_heuristic,success,not_called,drop,,drop,deterministic_gate,True,False,tn,0.0,-1,True,drop,drop,False,,not_called,,
325,0,horse,0.383056640625,605.0,241.0,662.0,340.0,invalid,strong,drop,success,success,success,drop,high,drop,llm_final_decision,False,False,tn,0.0,-1,False,keep,drop,True,duplicate_cluster|top_score_sanity_check,success,retrieve_class_exemplars,class_exemplars
325,1,cow,0.347412109375,605.0,241.0,662.0,340.0,invalid,strong,drop,success,success,success,drop,high,drop,llm_final_decision,False,False,tn,0.056981,3,False,keep,drop,True,duplicate_cluster|top_score_sanity_check,success,retrieve_same_class_image_crops|retrieve_class_exemplars,same_class_image_crops|class_exemplars
325,2,chair,0.298583984375,404.0,486.0,628.0,640.0,invalid,strong,drop,success,success,success,drop,high,drop,llm_final_decision,False,False,tn,0.0,-1,False,keep,drop,True,uncertain_score_band|border_touching|duplicate_cluster,success,retrieve_same_class_image_crops|retrieve_class_exemplars,same_class_image_crops|class_exemplars
325,3,chair,0.23974609375,415.0,485.0,882.0,640.0,invalid,strong,drop,success,success,success,drop,high,drop,llm_final_decision,False,False,tn,0.0,-1,False,keep,drop,True,uncertain_score_band|border_touching|duplicate_cluster,success,retrieve_same_class_image_crops|retrieve_class_exemplars,same_class_image_crops|class_exemplars
325,4,chair,0.218017578125,7.0,490.0,137.0,640.0,invalid,strong,drop,success,success,success,drop,high,drop,llm_final_decision,False,False,tn,0.0,-1,False,keep,drop,True,uncertain_score_band|border_touching,not_called,,
325,5,chair,0.17919921875,564.0,485.0,901.0,640.0,invalid,strong,drop,success,success,success,drop,high,drop,llm_final_decision,False,False,tn,0.0,-1,False,drop,drop,True,uncertain_score_band|border_touching|duplicate_cluster,success,retrieve_same_class_image_crops,same_class_image_crops
325,6,chair,0.1497802734375,126.0,233.0,368.0,640.0,invalid,strong,drop,success,success,success,drop,high,drop,llm_final_decision,False,False,tn,0.0,-1,False,drop,drop,True,uncertain_score_band|border_touching|duplicate_cluster,success,retrieve_same_class_image_crops|retrieve_class_exemplars,same_class_image_crops|class_exemplars
325,7,chair,0.1307373046875,288.0,487.0,899.0,640.0,invalid,strong,drop,success,success,success,drop,high,drop,llm_final_decision,False,False,tn,0.0,-1,False,drop,drop,True,uncertain_score_band|border_touching|duplicate_cluster,success,retrieve_same_class_image_crops|retrieve_class_exemplars,same_class_image_crops|class_exemplars
325,8,cow,0.126953125,126.0,233.0,368.0,640.0,valid,strong,keep,success,success,success,keep,high,keep,llm_final_decision,False,True,tp,0.525981,0,False,drop,keep,True,uncertain_score_band|border_touching|duplicate_cluster,success,retrieve_same_class_image_crops|retrieve_class_exemplars,same_class_image_crops|class_exemplars
325,9,cat,0.1131591796875,126.0,233.0,368.0,640.0,invalid,strong,drop,success,success,success,drop,high,drop,llm_final_decision,False,False,tn,0.0,-1,False,drop,drop,True,uncertain_score_band|border_touching|duplicate_cluster,success,retrieve_same_class_image_crops|retrieve_class_exemplars,same_class_image_crops|class_exemplars
327,0,bird,0.6669921875,639.0,48.0,640.0,110.0,unavailable,unavailable,drop,not_candidate_heuristic,success,not_called,keep,,keep,deterministic_gate,True,False,fp,0.0,-1,True,keep,keep,False,,not_called,,
327,1,bird,0.51953125,639.0,12.0,640.0,77.0,unavailable,unavailable,drop,not_candidate_heuristic,success,not_called,keep,,keep,deterministic_gate,True,False,fp,0.0,-1,True,keep,keep,False,,not_called,,
327,2,aeroplane,0.244384765625,639.0,48.0,640.0,110.0,unavailable,unavailable,drop,not_candidate_heuristic,success,not_called,keep,,keep,deterministic_gate,True,False,fp,0.0,-1,True,keep,keep,False,,not_called,,
328,0,diningtable,0.2098388671875,94.0,410.0,1277.0,637.0,invalid,strong,drop,success,success,success,drop,high,drop,llm_final_decision,False,False,tn,0.429776,0,False,keep,drop,True,uncertain_score_band|border_touching|top_score_sanity_check,not_called,,
328,1,chair,0.1094970703125,567.0,5.0,1280.0,626.0,invalid,strong,drop,success,success,success,drop,high,drop,llm_final_decision,False,False,tn,0.348008,3,False,drop,drop,True,uncertain_score_band|border_touching|duplicate_cluster|top_score_sanity_check,success,retrieve_same_class_image_crops,same_class_image_crops
328,2,sofa,0.10321044921875,421.0,4.0,1278.0,470.0,invalid,strong,drop,success,success,success,drop,high,drop,llm_final_decision,False,False,tn,0.0,-1,False,drop,drop,True,uncertain_score_band|border_touching|duplicate_cluster,success,retrieve_same_class_image_crops,same_class_image_crops
329,0,aeroplane,0.4619140625,6.0,0.0,923.0,577.0,invalid,strong,drop,success,success,success,drop,high,drop,llm_final_decision,False,False,tn,0.0,-1,False,keep,drop,True,border_touching|duplicate_cluster|top_score_sanity_check,success,retrieve_same_class_image_crops|retrieve_class_exemplars,same_class_image_crops|class_exemplars
329,1,aeroplane,0.1439208984375,348.0,0.0,923.0,568.0,invalid,strong,drop,success,success,success,drop,high,drop,llm_final_decision,False,False,tn,0.0,-1,False,drop,drop,True,uncertain_score_band|border_touching|duplicate_cluster|top_score_sanity_check,success,retrieve_same_class_image_crops|retrieve_class_exemplars,same_class_image_crops|class_exemplars
329,2,boat,0.11676025390625,6.0,0.0,923.0,577.0,invalid,strong,drop,success,success,success,drop,high,drop,llm_final_decision,False,False,tn,0.0,-1,False,drop,drop,True,uncertain_score_band|border_touching|duplicate_cluster,success,retrieve_same_class_image_crops|retrieve_class_exemplars,same_class_image_crops|class_exemplars
330,0,bird,0.57568359375,784.0,341.0,785.0,460.0,unavailable,unavailable,drop,not_candidate_heuristic,success,not_called,keep,,keep,deterministic_gate,True,False,fp,0.0,-1,True,keep,keep,False,,not_called,,
330,1,bird,0.482421875,784.0,309.0,785.0,379.0,unavailable,unavailable,drop,not_candidate_heuristic,success,not_called,keep,,keep,deterministic_gate,True,False,fp,0.0,-1,True,keep,keep,False,,not_called,,
330,2,bird,0.34912109375,452.0,139.0,507.0,202.0,invalid,strong,drop,success,success,success,drop,high,drop,llm_final_decision,False,False,tn,0.0,-1,False,keep,drop,True,top_score_sanity_check,not_called,,
330,3,bird,0.254638671875,784.0,316.0,785.0,378.0,unavailable,unavailable,drop,not_candidate_heuristic,success,not_called,keep,,keep,deterministic_gate,True,False,fp,0.0,-1,True,keep,keep,False,,not_called,,
330,4,bird,0.2100830078125,784.0,343.0,785.0,459.0,unavailable,unavailable,drop,not_candidate_heuristic,success,not_called,keep,,keep,deterministic_gate,True,False,fp,0.0,-1,True,keep,keep,False,,not_called,,
330,5,bird,0.174072265625,784.0,331.0,785.0,381.0,unavailable,unavailable,drop,not_candidate_heuristic,success,not_called,drop,,drop,deterministic_gate,True,False,tn,0.0,-1,True,drop,drop,False,,not_called,,
330,6,person,0.1688232421875,784.0,316.0,785.0,378.0,unavailable,unavailable,drop,not_candidate_heuristic,success,not_called,drop,,drop,deterministic_gate,True,False,tn,0.0,-1,True,drop,drop,False,,not_called,,
330,7,bottle,0.16162109375,641.0,249.0,785.0,294.0,invalid,strong,drop,success,success,success,drop,high,drop,llm_final_decision,False,False,tn,0.0,-1,False,drop,drop,True,uncertain_score_band|border_touching|top_score_sanity_check,not_called,,
330,8,bird,0.1573486328125,718.0,342.0,785.0,461.0,invalid,strong,drop,success,success,success,drop,high,drop,llm_final_decision,False,False,tn,0.0,-1,False,drop,drop,True,uncertain_score_band|border_touching,not_called,,
330,9,person,0.1468505859375,784.0,309.0,785.0,379.0,unavailable,unavailable,drop,not_candidate_heuristic,success,not_called,drop,,drop,deterministic_gate,True,False,tn,0.0,-1,True,drop,drop,False,,not_called,,
330,10,person,0.12103271484375,784.0,331.0,785.0,381.0,unavailable,unavailable,drop,not_candidate_heuristic,success,not_called,drop,,drop,deterministic_gate,True,False,tn,0.0,-1,True,drop,drop,False,,not_called,,
330,11,bird,0.1177978515625,2.0,265.0,552.0,493.0,valid,strong,keep,success,success,success,keep,high,keep,llm_final_decision,False,False,fp,0.482616,0,False,drop,keep,True,uncertain_score_band|border_touching,not_called,,
330,12,bird,0.11676025390625,637.0,247.0,785.0,387.0,invalid,strong,drop,success,success,success,drop,high,drop,llm_final_decision,False,False,tn,0.049148,6,False,drop,drop,True,uncertain_score_band|border_touching,not_called,,
330,13,bird,0.1044921875,784.0,316.0,785.0,376.0,unavailable,unavailable,drop,not_candidate_heuristic,success,not_called,drop,,drop,deterministic_gate,True,False,tn,0.0,-1,True,drop,drop,False,,not_called,,
331,0,bottle,0.1165771484375,8.0,1.0,734.0,623.0,invalid,strong,drop,success,success,success,drop,high,drop,llm_final_decision,False,False,tn,0.0,-1,False,drop,drop,True,uncertain_score_band|border_touching|duplicate_cluster|top_score_sanity_check,success,retrieve_same_class_image_crops|retrieve_class_exemplars,same_class_image_crops|class_exemplars
331,1,person,0.10577392578125,1.0,1.0,761.0,638.0,invalid,strong,drop,success,success,success,drop,high,drop,llm_final_decision,False,False,tn,0.083909,0,False,drop,drop,True,uncertain_score_band|border_touching|duplicate_cluster|top_score_sanity_check,success,retrieve_same_class_image_crops,same_class_image_crops
332,0,chair,0.7607421875,3.0,300.0,235.0,640.0,valid,strong,keep,success,success,success,keep,high,keep,llm_final_decision,False,True,tp,0.552024,2,False,keep,keep,True,border_touching|duplicate_cluster|top_score_sanity_check,success,retrieve_same_class_image_crops|retrieve_class_exemplars,same_class_image_crops|class_exemplars
332,1,chair,0.63623046875,565.0,340.0,854.0,605.0,valid,strong,keep,success,success,success,keep,high,keep,llm_final_decision,False,True,tp,0.6125,6,False,keep,keep,True,border_touching|duplicate_cluster|top_score_sanity_check,success,retrieve_same_class_image_crops|retrieve_class_exemplars,same_class_image_crops|class_exemplars
332,2,chair,0.27587890625,557.0,218.0,856.0,605.0,invalid,strong,drop,success,success,success,drop,high,drop,llm_final_decision,False,True,fn,0.532478,6,False,keep,drop,True,uncertain_score_band|border_touching|duplicate_cluster,success,retrieve_same_class_image_crops,same_class_image_crops
332,3,chair,0.1634521484375,536.0,128.0,717.0,562.0,invalid,strong,drop,success,success,success,drop,high,drop,llm_final_decision,False,False,tn,0.198043,6,False,drop,drop,True,uncertain_score_band|duplicate_cluster,success,retrieve_same_class_image_crops|retrieve_class_exemplars,same_class_image_crops|class_exemplars
332,4,chair,0.1512451171875,2.0,203.0,290.0,640.0,invalid,strong,drop,success,success,success,drop,high,drop,llm_final_decision,False,False,tn,0.347312,2,False,drop,drop,True,uncertain_score_band|border_touching|duplicate_cluster,success,retrieve_same_class_image_crops,same_class_image_crops
332,5,person,0.1468505859375,114.0,1.0,721.0,614.0,invalid,strong,drop,success,success,success,drop,high,drop,llm_final_decision,False,False,tn,0.209871,3,False,drop,drop,True,uncertain_score_band|border_touching|duplicate_cluster,success,retrieve_same_class_image_crops,same_class_image_crops
332,6,motorbike,0.1434326171875,110.0,127.0,853.0,610.0,invalid,strong,drop,success,success,success,drop,high,drop,llm_final_decision,False,False,tn,0.0,-1,False,drop,drop,True,uncertain_score_band|duplicate_cluster,success,retrieve_same_class_image_crops|retrieve_class_exemplars,same_class_image_crops|class_exemplars
332,7,pottedplant,0.137939453125,1.0,205.0,107.0,334.0,invalid,strong,drop,success,success,success,drop,high,drop,llm_final_decision,False,False,tn,0.0,-1,False,drop,drop,True,uncertain_score_band|border_touching|duplicate_cluster,success,retrieve_same_class_image_crops|retrieve_class_exemplars,same_class_image_crops|class_exemplars
332,8,diningtable,0.1373291015625,144.0,329.0,649.0,612.0,valid,strong,keep,success,success,success,keep,high,keep,llm_final_decision,False,True,tp,0.678638,7,False,drop,keep,True,uncertain_score_band|duplicate_cluster,success,retrieve_same_class_image_crops|retrieve_class_exemplars,same_class_image_crops|class_exemplars
332,9,diningtable,0.11981201171875,22.0,311.0,675.0,631.0,valid,strong,keep,success,success,success,keep,high,keep,llm_final_decision,False,True,tp,0.629278,7,False,drop,keep,True,uncertain_score_band|border_touching|duplicate_cluster,success,retrieve_same_class_image_crops|retrieve_class_exemplars,same_class_image_crops|class_exemplars
332,10,motorbike,0.11578369140625,115.0,1.0,722.0,613.0,invalid,strong,drop,success,success,success,drop,high,drop,llm_final_decision,False,False,tn,0.0,-1,False,drop,drop,True,uncertain_score_band|border_touching|duplicate_cluster,success,retrieve_same_class_image_crops|retrieve_class_exemplars,same_class_image_crops|class_exemplars
332,11,chair,0.11578369140625,411.0,342.0,855.0,604.0,invalid,strong,drop,success,success,success,drop,high,drop,llm_final_decision,False,False,tn,0.417986,6,False,drop,drop,True,uncertain_score_band|border_touching|duplicate_cluster,success,retrieve_same_class_image_crops,same_class_image_crops
332,12,chair,0.1131591796875,1.0,205.0,107.0,334.0,invalid,strong,drop,success,success,success,drop,high,drop,llm_final_decision,False,False,tn,0.026003,2,False,drop,drop,True,uncertain_score_band|border_touching|duplicate_cluster,success,retrieve_same_class_image_crops,same_class_image_crops
332,13,person,0.11029052734375,2.0,203.0,290.0,640.0,invalid,strong,drop,success,success,success,drop,high,drop,llm_final_decision,False,True,fn,0.834512,1,False,drop,drop,True,uncertain_score_band|border_touching|duplicate_cluster,success,retrieve_same_class_image_crops,same_class_image_crops
332,14,person,0.10858154296875,545.0,130.0,828.0,604.0,invalid,strong,drop,success,success,success,drop,high,drop,llm_final_decision,False,False,tn,0.440935,5,False,drop,drop,True,uncertain_score_band|duplicate_cluster,success,retrieve_same_class_image_crops,same_class_image_crops
332,15,chair,0.10321044921875,411.0,128.0,719.0,604.0,invalid,strong,drop,success,success,success,drop,high,drop,llm_final_decision,False,False,tn,0.136546,6,False,drop,drop,True,uncertain_score_band|duplicate_cluster,success,retrieve_same_class_image_crops,same_class_image_crops
335,0,chair,0.8251953125,581.0,432.0,846.0,640.0,valid,strong,keep,success,success,success,keep,high,keep,llm_final_decision,False,False,fp,0.0,-1,False,keep,keep,True,border_touching|duplicate_cluster|top_score_sanity_check,success,retrieve_same_class_image_crops|retrieve_class_exemplars,same_class_image_crops|class_exemplars
335,1,chair,0.61669921875,599.0,314.0,718.0,371.0,invalid,strong,drop,success,success,success,drop,high,drop,llm_final_decision,False,False,tn,0.0,-1,False,keep,drop,True,top_score_sanity_check,not_called,,
335,2,diningtable,0.466796875,4.0,470.0,607.0,640.0,valid,strong,keep,success,success,success,keep,high,keep,llm_final_decision,False,False,fp,0.037328,1,False,keep,keep,True,border_touching|duplicate_cluster,success,retrieve_same_class_image_crops,same_class_image_crops
335,3,diningtable,0.30126953125,570.0,351.0,857.0,530.0,valid,strong,keep,success,success,success,keep,high,keep,llm_final_decision,False,True,tp,0.596651,1,False,keep,keep,True,border_touching|duplicate_cluster,success,retrieve_same_class_image_crops|retrieve_class_exemplars,same_class_image_crops|class_exemplars
335,4,chair,0.2418212890625,374.0,276.0,458.0,325.0,invalid,strong,drop,success,success,success,drop,high,drop,llm_final_decision,False,False,tn,0.0,-1,False,keep,drop,True,uncertain_score_band|duplicate_cluster,success,retrieve_same_class_image_crops|retrieve_class_exemplars,same_class_image_crops|class_exemplars
335,5,bottle,0.2337646484375,322.0,270.0,351.0,328.0,invalid,strong,drop,success,success,success,drop,high,drop,llm_final_decision,False,False,tn,0.0,-1,False,keep,drop,True,uncertain_score_band|small_box|duplicate_cluster,success,retrieve_same_class_image_crops|retrieve_class_exemplars,same_class_image_crops|class_exemplars
335,6,diningtable,0.2098388671875,25.0,458.0,857.0,640.0,valid,strong,keep,success,success,success,keep,high,keep,llm_final_decision,False,False,fp,0.154319,1,False,keep,keep,True,uncertain_score_band|border_touching|duplicate_cluster,success,retrieve_same_class_image_crops|retrieve_class_exemplars,same_class_image_crops|class_exemplars
335,7,diningtable,0.1904296875,439.0,352.0,857.0,511.0,valid,strong,keep,success,success,success,keep,high,keep,llm_final_decision,False,True,tp,0.511463,1,False,drop,keep,True,uncertain_score_band|border_touching|duplicate_cluster,success,retrieve_same_class_image_crops|retrieve_class_exemplars,same_class_image_crops|class_exemplars
335,8,bottle,0.1663818359375,393.0,496.0,433.0,557.0,invalid,strong,drop,success,success,success,drop,high,drop,llm_final_decision,False,False,tn,0.0,-1,False,drop,drop,True,uncertain_score_band,not_called,,
335,9,bottle,0.152587890625,324.0,269.0,349.0,303.0,invalid,strong,drop,success,success,success,drop,high,drop,llm_final_decision,False,False,tn,0.0,-1,False,drop,drop,True,uncertain_score_band|small_box|duplicate_cluster,success,retrieve_same_class_image_crops|retrieve_class_exemplars,same_class_image_crops|class_exemplars
335,10,chair,0.1370849609375,572.0,315.0,717.0,482.0,invalid,strong,drop,success,success,success,drop,high,drop,llm_final_decision,False,False,tn,0.0,-1,False,drop,drop,True,uncertain_score_band|duplicate_cluster,success,retrieve_same_class_image_crops|retrieve_class_exemplars,same_class_image_crops|class_exemplars
335,11,diningtable,0.135009765625,575.0,351.0,857.0,640.0,invalid,strong,drop,success,success,success,drop,high,drop,llm_final_decision,False,True,fn,0.564287,1,False,drop,drop,True,uncertain_score_band|border_touching|duplicate_cluster,success,retrieve_same_class_image_crops|retrieve_class_exemplars,same_class_image_crops|class_exemplars
335,12,diningtable,0.1334228515625,523.0,352.0,857.0,574.0,valid,strong,keep,success,success,success,keep,high,keep,llm_final_decision,False,True,tp,0.807363,1,False,drop,keep,True,uncertain_score_band|border_touching|duplicate_cluster,success,retrieve_same_class_image_crops|retrieve_class_exemplars,same_class_image_crops|class_exemplars
335,13,chair,0.11962890625,374.0,275.0,456.0,346.0,invalid,strong,drop,success,success,success,drop,high,drop,llm_final_decision,False,False,tn,0.0,-1,False,drop,drop,True,uncertain_score_band|duplicate_cluster,success,retrieve_same_class_image_crops,same_class_image_crops
335,14,diningtable,0.1177978515625,569.0,352.0,857.0,471.0,valid,strong,keep,success,success,success,keep,high,keep,llm_final_decision,False,False,fp,0.407525,1,False,drop,keep,True,uncertain_score_band|border_touching|duplicate_cluster,success,retrieve_same_class_image_crops|retrieve_class_exemplars,same_class_image_crops|class_exemplars
335,15,diningtable,0.1083984375,205.0,291.0,451.0,486.0,valid,strong,keep,success,success,success,keep,high,keep,llm_final_decision,False,True,tp,0.671804,0,False,drop,keep,True,uncertain_score_band,not_called,,
335,16,chair,0.10650634765625,813.0,441.0,857.0,593.0,invalid,strong,drop,success,success,success,drop,high,drop,llm_final_decision,False,False,tn,0.0,-1,False,drop,drop,True,uncertain_score_band|border_touching,not_called,,
335,17,chair,0.1063232421875,373.0,277.0,453.0,397.0,invalid,strong,drop,success,success,success,drop,high,drop,llm_final_decision,False,False,tn,0.0,-1,False,drop,drop,True,uncertain_score_band|duplicate_cluster,success,retrieve_same_class_image_crops,same_class_image_crops
337,0,chair,0.299072265625,28.0,106.0,675.0,596.0,invalid,strong,drop,success,success,success,drop,high,drop,llm_final_decision,False,False,tn,0.0,-1,False,keep,drop,True,uncertain_score_band|border_touching|duplicate_cluster|top_score_sanity_check,success,retrieve_same_class_image_crops|retrieve_class_exemplars,same_class_image_crops|class_exemplars
337,1,pottedplant,0.171875,54.0,369.0,106.0,417.0,invalid,strong,drop,success,success,success,drop,high,drop,llm_final_decision,False,False,tn,0.067514,1,False,drop,drop,True,uncertain_score_band|top_score_sanity_check,not_called,,
337,2,tvmonitor,0.1181640625,28.0,106.0,675.0,596.0,invalid,strong,drop,success,success,success,drop,high,drop,llm_final_decision,False,False,tn,0.0,-1,False,drop,drop,True,uncertain_score_band|border_touching|duplicate_cluster,success,retrieve_same_class_image_crops,same_class_image_crops
337,3,pottedplant,0.11181640625,642.0,285.0,675.0,363.0,invalid,strong,drop,success,success,success,drop,high,drop,llm_final_decision,False,False,tn,0.0,-1,False,drop,drop,True,uncertain_score_band|border_touching,not_called,,
337,4,pottedplant,0.109130859375,674.0,386.0,675.0,423.0,unavailable,unavailable,drop,not_candidate_heuristic,success,not_called,drop,,drop,deterministic_gate,True,False,tn,0.0,-1,True,drop,drop,False,,not_called,,
337,5,sofa,0.103759765625,28.0,106.0,675.0,596.0,invalid,strong,drop,success,success,success,drop,high,drop,llm_final_decision,False,False,tn,0.0,-1,False,drop,drop,True,uncertain_score_band|border_touching|duplicate_cluster,success,retrieve_same_class_image_crops|retrieve_class_exemplars,same_class_image_crops|class_exemplars
337,6,bottle,0.10089111328125,674.0,386.0,675.0,423.0,unavailable,unavailable,drop,not_candidate_heuristic,success,not_called,drop,,drop,deterministic_gate,True,False,tn,0.0,-1,True,drop,drop,False,,not_called,,
338,0,person,0.4130859375,198.0,2.0,537.0,408.0,valid,strong,keep,success,success,success,keep,high,keep,llm_final_decision,False,True,tp,0.515259,0,False,keep,keep,True,border_touching|duplicate_cluster|top_score_sanity_check,success,retrieve_same_class_image_crops|retrieve_class_exemplars,same_class_image_crops|class_exemplars
338,1,motorbike,0.1263427734375,51.0,149.0,640.0,554.0,invalid,strong,drop,success,success,success,drop,high,drop,llm_final_decision,False,False,tn,0.0,-1,False,drop,drop,True,uncertain_score_band|border_touching|duplicate_cluster|top_score_sanity_check,success,retrieve_same_class_image_crops|retrieve_class_exemplars,same_class_image_crops|class_exemplars
338,2,motorbike,0.11419677734375,326.0,293.0,640.0,501.0,invalid,strong,drop,success,success,success,drop,high,drop,llm_final_decision,False,False,tn,0.0,-1,False,drop,drop,True,uncertain_score_band|border_touching,not_called,,
338,3,pottedplant,0.11102294921875,324.0,5.0,450.0,73.0,invalid,strong,drop,success,success,success,drop,high,drop,llm_final_decision,False,False,tn,0.0,-1,False,drop,drop,True,uncertain_score_band|border_touching,not_called,,
338,4,person,0.10321044921875,359.0,299.0,546.0,406.0,invalid,strong,drop,success,success,success,drop,high,drop,llm_final_decision,False,False,tn,0.037019,0,False,drop,drop,True,uncertain_score_band,not_called,,
338,5,person,0.102294921875,48.0,3.0,538.0,499.0,invalid,strong,drop,success,success,success,drop,high,drop,llm_final_decision,False,False,tn,0.411405,0,False,drop,drop,True,uncertain_score_band|border_touching|duplicate_cluster,success,retrieve_same_class_image_crops,same_class_image_crops
342,0,bottle,0.420654296875,127.0,1.0,589.0,960.0,valid,strong,keep,success,success,success,keep,high,keep,llm_final_decision,False,True,tp,0.559497,0,False,keep,keep,True,border_touching|top_score_sanity_check,not_called,,
343,0,boat,0.11981201171875,561.0,376.0,664.0,627.0,invalid,strong,drop,success,success,success,drop,high,drop,llm_final_decision,False,False,tn,0.0,-1,False,drop,drop,True,uncertain_score_band|border_touching|top_score_sanity_check,not_called,,
343,1,boat,0.1033935546875,241.0,639.0,437.0,640.0,unavailable,unavailable,drop,not_candidate_heuristic,success,not_called,drop,,drop,deterministic_gate,True,False,tn,0.0,-1,True,drop,drop,False,,not_called,,
344,0,person,0.6083984375,516.0,199.0,686.0,549.0,valid,strong,keep,success,success,success,keep,high,keep,llm_final_decision,False,False,fp,0.465985,10,False,keep,keep,True,duplicate_cluster|top_score_sanity_check,success,retrieve_same_class_image_crops,same_class_image_crops
344,1,chair,0.4677734375,1.0,395.0,143.0,640.0,invalid,strong,drop,success,success,success,drop,high,drop,llm_final_decision,False,False,tn,0.060119,1,False,keep,drop,True,border_touching|duplicate_cluster|top_score_sanity_check,success,retrieve_same_class_image_crops|retrieve_class_exemplars,same_class_image_crops|class_exemplars
344,2,chair,0.4111328125,204.0,360.0,314.0,640.0,invalid,strong,drop,success,success,success,drop,high,drop,llm_final_decision,False,False,tn,0.172746,2,False,keep,drop,True,border_touching|duplicate_cluster,success,retrieve_same_class_image_crops|retrieve_class_exemplars,same_class_image_crops|class_exemplars
344,3,bottle,0.39794921875,172.0,515.0,209.0,617.0,uncertain,weak,keep,not_candidate_heuristic,success,not_called,keep,,keep,deterministic_gate,False,False,fp,0.0,-1,False,keep,keep,False,,not_called,,
344,4,bottle,0.37744140625,512.0,334.0,552.0,547.0,invalid,strong,drop,success,success,success,drop,high,drop,llm_final_decision,False,False,tn,0.039666,0,False,keep,drop,True,duplicate_cluster,success,retrieve_same_class_image_crops,same_class_image_crops
344,5,person,0.36376953125,336.0,208.0,439.0,640.0,invalid,strong,drop,success,success,success,drop,high,drop,llm_final_decision,False,False,tn,0.363626,9,False,keep,drop,True,border_touching|duplicate_cluster,success,retrieve_same_class_image_crops,same_class_image_crops
344,6,chair,0.3349609375,211.0,360.0,437.0,640.0,invalid,strong,drop,success,success,success,drop,high,drop,llm_final_decision,False,False,tn,0.206653,3,False,keep,drop,True,border_touching|duplicate_cluster,success,retrieve_same_class_image_crops|retrieve_class_exemplars,same_class_image_crops|class_exemplars
344,7,person,0.313720703125,49.0,269.0,150.0,640.0,invalid,strong,drop,success,success,success,drop,high,drop,llm_final_decision,False,False,tn,0.291442,7,False,keep,drop,True,border_touching|duplicate_cluster,success,retrieve_same_class_image_crops,same_class_image_crops
344,8,person,0.298583984375,210.0,274.0,298.0,497.0,invalid,strong,drop,success,success,success,drop,high,drop,llm_final_decision,False,False,tn,0.418025,8,False,keep,drop,True,uncertain_score_band|duplicate_cluster,success,retrieve_same_class_image_crops,same_class_image_crops
344,9,bottle,0.296142578125,516.0,332.0,550.0,445.0,valid,strong,keep,success,success,success,keep,medium,keep,llm_final_decision,False,False,fp,0.07649,0,False,keep,keep,True,uncertain_score_band|duplicate_cluster,success,retrieve_same_class_image_crops|retrieve_class_exemplars,same_class_image_crops|class_exemplars
344,10,person,0.277587890625,707.0,196.0,906.0,640.0,valid,strong,keep,success,success,success,keep,medium,keep,llm_final_decision,False,False,fp,0.464638,11,False,keep,keep,True,uncertain_score_band|border_touching|duplicate_cluster,success,retrieve_same_class_image_crops,same_class_image_crops
344,11,person,0.266357421875,77.0,271.0,225.0,640.0,valid,medium,keep,success,success,success,keep,medium,keep,llm_final_decision,False,False,fp,0.138142,7,False,keep,keep,True,uncertain_score_band|border_touching|duplicate_cluster,success,retrieve_same_class_image_crops|retrieve_class_exemplars,same_class_image_crops|class_exemplars
344,12,bottle,0.241455078125,484.0,364.0,526.0,439.0,uncertain,weak,keep,not_candidate_heuristic,success,not_called,keep,,keep,deterministic_gate,False,False,fp,0.0,-1,False,keep,keep,False,,not_called,,
344,13,diningtable,0.240478515625,365.0,547.0,919.0,640.0,uncertain,weak,keep,not_candidate_heuristic,success,not_called,keep,,keep,deterministic_gate,False,False,fp,0.058488,6,False,keep,keep,False,,not_called,,
344,14,chair,0.2069091796875,190.0,361.0,380.0,640.0,invalid,strong,drop,success,success,success,drop,high,drop,llm_final_decision,False,False,tn,0.110143,2,False,keep,drop,True,uncertain_score_band|border_touching|duplicate_cluster,success,retrieve_same_class_image_crops,same_class_image_crops
344,15,person,0.201171875,79.0,273.0,306.0,640.0,invalid,strong,drop,success,success,success,drop,high,drop,llm_final_decision,False,False,tn,0.204089,8,False,keep,drop,True,uncertain_score_band|border_touching|duplicate_cluster,success,retrieve_same_class_image_crops,same_class_image_crops
344,16,chair,0.186279296875,35.0,363.0,148.0,640.0,invalid,strong,drop,success,success,success,drop,high,drop,llm_final_decision,False,False,tn,0.107122,1,False,drop,drop,True,uncertain_score_band|border_touching|duplicate_cluster,success,retrieve_same_class_image_crops,same_class_image_crops
344,17,person,0.1778564453125,334.0,207.0,415.0,353.0,valid,strong,keep,success,success,success,keep,high,keep,llm_final_decision,False,False,fp,0.110513,9,False,drop,keep,True,uncertain_score_band|duplicate_cluster,success,retrieve_same_class_image_crops|retrieve_class_exemplars,same_class_image_crops|class_exemplars
344,18,person,0.17724609375,698.0,196.0,903.0,640.0,valid,strong,keep,success,success,success,keep,medium,keep,llm_final_decision,False,False,fp,0.391993,11,False,drop,keep,True,uncertain_score_band|border_touching|duplicate_cluster,success,retrieve_same_class_image_crops,same_class_image_crops
344,19,diningtable,0.17529296875,1.0,378.0,362.0,640.0,invalid,strong,drop,success,success,success,drop,high,drop,llm_final_decision,False,False,tn,0.02423,5,False,drop,drop,True,uncertain_score_band|border_touching|duplicate_cluster,success,retrieve_same_class_image_crops,same_class_image_crops
344,20,bottle,0.17333984375,683.0,464.0,710.0,554.0,invalid,medium,drop,not_candidate_heuristic,success,not_called,drop,,drop,deterministic_gate,False,False,tn,0.0,-1,False,drop,drop,False,,not_called,,
344,21,person,0.161376953125,75.0,269.0,143.0,470.0,invalid,strong,drop,success,success,success,drop,high,drop,llm_final_decision,False,False,tn,0.375372,7,False,drop,drop,True,uncertain_score_band|duplicate_cluster,success,retrieve_same_class_image_crops,same_class_image_crops
344,22,bottle,0.153076171875,534.0,297.0,591.0,443.0,invalid,strong,drop,success,success,success,drop,high,drop,llm_final_decision,False,False,tn,0.082227,0,False,drop,drop,True,uncertain_score_band|duplicate_cluster,success,retrieve_same_class_image_crops|retrieve_class_exemplars,same_class_image_crops|class_exemplars
344,23,bottle,0.152587890625,513.0,298.0,589.0,548.0,invalid,strong,drop,success,success,success,drop,high,drop,llm_final_decision,False,False,tn,0.088046,0,False,drop,drop,True,uncertain_score_band|duplicate_cluster,success,retrieve_same_class_image_crops|retrieve_class_exemplars,same_class_image_crops|class_exemplars
344,24,person,0.1434326171875,473.0,196.0,922.0,640.0,invalid,strong,drop,success,success,success,drop,high,drop,llm_final_decision,False,False,tn,0.379045,11,False,drop,drop,True,uncertain_score_band|border_touching|duplicate_cluster,success,retrieve_same_class_image_crops,same_class_image_crops
344,25,person,0.1424560546875,76.0,269.0,184.0,466.0,valid,medium,keep,success,success,success,keep,medium,keep,llm_final_decision,False,False,fp,0.291847,7,False,drop,keep,True,uncertain_score_band|duplicate_cluster,success,retrieve_same_class_image_crops,same_class_image_crops
344,26,dog,0.13916015625,334.0,207.0,415.0,353.0,invalid,strong,drop,success,success,success,drop,high,drop,llm_final_decision,False,False,tn,0.0,-1,False,drop,drop,True,uncertain_score_band|duplicate_cluster,success,retrieve_same_class_image_crops,same_class_image_crops
344,27,person,0.1326904296875,76.0,268.0,299.0,492.0,invalid,strong,drop,success,success,success,drop,high,drop,llm_final_decision,False,False,tn,0.355336,8,False,drop,drop,True,uncertain_score_band|duplicate_cluster,success,retrieve_same_class_image_crops,same_class_image_crops
344,28,diningtable,0.12744140625,478.0,617.0,921.0,640.0,invalid,medium,drop,not_candidate_heuristic,success,not_called,drop,,drop,deterministic_gate,False,False,tn,0.0,-1,False,drop,drop,False,,not_called,,
344,29,person,0.12249755859375,201.0,275.0,310.0,640.0,invalid,strong,drop,success,success,success,drop,high,drop,llm_final_decision,False,False,tn,0.287117,8,False,drop,drop,True,uncertain_score_band|border_touching|duplicate_cluster,success,retrieve_same_class_image_crops,same_class_image_crops
344,30,person,0.1217041015625,472.0,199.0,736.0,640.0,invalid,strong,drop,success,success,success,drop,high,drop,llm_final_decision,False,False,tn,0.479918,10,False,drop,drop,True,uncertain_score_band|border_touching|duplicate_cluster,success,retrieve_same_class_image_crops,same_class_image_crops
344,31,person,0.11859130859375,78.0,309.0,222.0,465.0,invalid,strong,drop,success,success,success,drop,high,drop,llm_final_decision,False,False,tn,0.190728,7,False,drop,drop,True,uncertain_score_band|duplicate_cluster,success,retrieve_same_class_image_crops,same_class_image_crops
344,32,chair,0.1131591796875,730.0,291.0,922.0,640.0,valid,strong,keep,success,success,success,keep,medium,keep,llm_final_decision,False,False,fp,0.319672,4,False,drop,keep,True,uncertain_score_band|border_touching|duplicate_cluster,success,retrieve_same_class_image_crops|retrieve_class_exemplars,same_class_image_crops|class_exemplars
344,33,chair,0.11199951171875,729.0,305.0,922.0,640.0,valid,strong,keep,success,success,success,keep,high,keep,llm_final_decision,False,False,fp,0.428235,4,False,drop,keep,True,uncertain_score_band|border_touching|duplicate_cluster,success,retrieve_same_class_image_crops,same_class_image_crops
344,34,person,0.11126708984375,77.0,269.0,215.0,493.0,invalid,strong,drop,success,success,success,drop,high,drop,llm_final_decision,False,False,tn,0.227674,7,False,drop,drop,True,uncertain_score_band|duplicate_cluster,success,retrieve_same_class_image_crops|retrieve_class_exemplars,same_class_image_crops|class_exemplars
344,35,person,0.10968017578125,279.0,209.0,438.0,640.0,valid,strong,keep,success,success,success,keep,medium,keep,llm_final_decision,False,False,fp,0.313147,9,False,drop,keep,True,uncertain_score_band|border_touching|duplicate_cluster,success,retrieve_same_class_image_crops|retrieve_class_exemplars,same_class_image_crops|class_exemplars
344,36,cat,0.10821533203125,334.0,207.0,415.0,353.0,invalid,strong,drop,success,success,success,drop,high,drop,llm_final_decision,False,False,tn,0.0,-1,False,drop,drop,True,uncertain_score_band|duplicate_cluster,success,retrieve_same_class_image_crops,same_class_image_crops
344,37,person,0.10760498046875,682.0,199.0,923.0,640.0,uncertain,weak,keep,not_candidate_heuristic,success,not_called,keep,,keep,deterministic_gate,False,False,fp,0.341969,11,False,drop,keep,False,,not_called,,
344,38,chair,0.10723876953125,735.0,565.0,859.0,640.0,uncertain,weak,keep,not_candidate_heuristic,success,not_called,keep,,keep,deterministic_gate,False,False,fp,0.07917,4,False,drop,keep,False,,not_called,,
344,39,person,0.10540771484375,191.0,275.0,305.0,544.0,uncertain,weak,keep,not_candidate_heuristic,success,not_called,keep,,keep,deterministic_gate,False,False,fp,0.432533,8,False,drop,keep,False,,not_called,,
344,40,chair,0.1044921875,341.0,283.0,439.0,640.0,uncertain,weak,keep,not_candidate_heuristic,success,not_called,keep,,keep,deterministic_gate,False,False,fp,0.417941,3,False,drop,keep,False,,not_called,,
346,0,boat,0.642578125,298.0,420.0,640.0,693.0,invalid,strong,drop,success,success,success,drop,high,drop,llm_final_decision,False,False,tn,0.0,-1,False,keep,drop,True,border_touching|top_score_sanity_check,not_called,,
346,1,person,0.4873046875,69.0,592.0,206.0,693.0,invalid,strong,drop,success,success,success,drop,high,drop,llm_final_decision,False,False,tn,0.0,-1,False,keep,drop,True,border_touching|duplicate_cluster|top_score_sanity_check,success,retrieve_same_class_image_crops,same_class_image_crops
346,2,bottle,0.345947265625,175.0,656.0,228.0,693.0,invalid,strong,drop,success,success,success,drop,high,drop,llm_final_decision,False,False,tn,0.0,-1,False,keep,drop,True,border_touching,not_called,,
346,3,bottle,0.256103515625,258.0,692.0,288.0,693.0,unavailable,unavailable,drop,not_candidate_heuristic,success,not_called,keep,,keep,deterministic_gate,True,False,fp,0.0,-1,True,keep,keep,False,,not_called,,
346,4,person,0.1607666015625,4.0,591.0,226.0,693.0,invalid,strong,drop,success,success,success,drop,high,drop,llm_final_decision,False,False,tn,0.0,-1,False,drop,drop,True,uncertain_score_band|border_touching|duplicate_cluster,success,retrieve_same_class_image_crops,same_class_image_crops
346,5,boat,0.106689453125,639.0,653.0,640.0,693.0,unavailable,unavailable,drop,not_candidate_heuristic,success,not_called,drop,,drop,deterministic_gate,True,False,tn,0.0,-1,True,drop,drop,False,,not_called,,
347,0,bottle,0.48046875,859.0,234.0,887.0,348.0,invalid,strong,drop,success,success,success,drop,high,drop,llm_final_decision,False,False,tn,0.0,-1,False,keep,drop,True,border_touching|small_box|top_score_sanity_check,not_called,,
347,1,person,0.3251953125,383.0,77.0,442.0,169.0,invalid,strong,drop,success,success,success,drop,high,drop,llm_final_decision,False,False,tn,0.241652,2,False,keep,drop,True,top_score_sanity_check,not_called,,
347,2,bottle,0.260498046875,574.0,74.0,600.0,194.0,invalid,strong,drop,success,success,success,drop,high,drop,llm_final_decision,False,False,tn,0.0,-1,False,keep,drop,True,uncertain_score_band|small_box|duplicate_cluster,success,retrieve_same_class_image_crops|retrieve_class_exemplars,same_class_image_crops|class_exemplars
347,3,person,0.1953125,64.0,51.0,328.0,384.0,valid,strong,keep,success,success,success,keep,high,keep,llm_final_decision,False,False,fp,0.384881,0,False,drop,keep,True,uncertain_score_band,not_called,,
347,4,bicycle,0.1573486328125,475.0,487.0,542.0,566.0,invalid,strong,drop,success,success,success,drop,high,drop,llm_final_decision,False,False,tn,0.0,-1,False,drop,drop,True,uncertain_score_band|duplicate_cluster,success,retrieve_same_class_image_crops,same_class_image_crops
347,5,bicycle,0.120849609375,477.0,486.0,572.0,571.0,invalid,strong,drop,success,success,success,drop,high,drop,llm_final_decision,False,False,tn,0.0,-1,False,drop,drop,True,uncertain_score_band|duplicate_cluster,success,retrieve_same_class_image_crops,same_class_image_crops
347,6,person,0.1007080078125,574.0,74.0,600.0,194.0,invalid,strong,drop,success,success,success,drop,high,drop,llm_final_decision,False,False,tn,0.015205,1,False,drop,drop,True,uncertain_score_band|small_box|duplicate_cluster,success,retrieve_same_class_image_crops|retrieve_class_exemplars,same_class_image_crops|class_exemplars
349,0,person,0.81591796875,372.0,42.0,658.0,640.0,invalid,strong,drop,success,success,success,drop,high,drop,llm_final_decision,False,False,tn,0.175569,1,False,keep,drop,True,border_touching|top_score_sanity_check,not_called,,
349,1,bicycle,0.1885986328125,90.0,341.0,658.0,640.0,invalid,strong,drop,success,success,success,drop,high,drop,llm_final_decision,False,False,tn,0.319699,0,False,drop,drop,True,uncertain_score_band|border_touching|top_score_sanity_check,not_called,,
350,0,tvmonitor,0.91259765625,173.0,302.0,323.0,434.0,invalid,strong,drop,success,success,success,drop,high,drop,llm_final_decision,False,False,tn,0.088991,3,False,keep,drop,True,top_score_sanity_check,not_called,,
350,1,tvmonitor,0.47265625,520.0,227.0,593.0,326.0,invalid,strong,drop,success,success,success,drop,high,drop,llm_final_decision,False,False,tn,0.0,-1,False,keep,drop,True,top_score_sanity_check,not_called,,
350,2,chair,0.260986328125,626.0,413.0,835.0,619.0,invalid,strong,drop,success,success,success,drop,high,drop,llm_final_decision,False,False,tn,0.0,-1,False,keep,drop,True,uncertain_score_band|duplicate_cluster,success,retrieve_same_class_image_crops,same_class_image_crops
350,3,sofa,0.181884765625,3.0,449.0,381.0,640.0,valid,strong,keep,success,success,success,keep,high,keep,llm_final_decision,False,False,fp,0.305987,0,False,drop,keep,True,uncertain_score_band|border_touching,not_called,,
350,4,sofa,0.157958984375,626.0,413.0,835.0,619.0,invalid,strong,drop,success,success,success,drop,high,drop,llm_final_decision,False,False,tn,0.108137,2,False,drop,drop,True,uncertain_score_band|duplicate_cluster,success,retrieve_same_class_image_crops|retrieve_class_exemplars,same_class_image_crops|class_exemplars
350,5,pottedplant,0.109130859375,458.0,452.0,508.0,528.0,invalid,strong,drop,success,success,success,drop,high,drop,llm_final_decision,False,False,tn,0.0,-1,False,drop,drop,True,uncertain_score_band,not_called,,
350,6,chair,0.106689453125,638.0,560.0,939.0,640.0,invalid,strong,drop,success,success,success,drop,high,drop,llm_final_decision,False,False,tn,0.0,-1,False,drop,drop,True,uncertain_score_band|border_touching,not_called,,
352,0,person,0.223388671875,382.0,18.0,640.0,628.0,valid,strong,keep,success,success,success,keep,high,keep,llm_final_decision,False,False,fp,0.241189,0,False,keep,keep,True,uncertain_score_band|border_touching|duplicate_cluster|top_score_sanity_check,success,retrieve_same_class_image_crops,same_class_image_crops
352,1,bicycle,0.11279296875,3.0,183.0,261.0,343.0,invalid,strong,drop,success,success,success,drop,high,drop,llm_final_decision,False,False,tn,0.0,-1,False,drop,drop,True,uncertain_score_band|border_touching|top_score_sanity_check,not_called,,
352,2,person,0.10650634765625,387.0,11.0,640.0,449.0,invalid,strong,drop,success,success,success,drop,high,drop,llm_final_decision,False,False,tn,0.243643,0,False,drop,drop,True,uncertain_score_band|border_touching|duplicate_cluster,success,retrieve_same_class_image_crops,same_class_image_crops
352,3,boat,0.105224609375,158.0,258.0,221.0,340.0,invalid,strong,drop,success,success,success,drop,high,drop,llm_final_decision,False,False,tn,0.0,-1,False,drop,drop,True,uncertain_score_band|duplicate_cluster,success,retrieve_same_class_image_crops,same_class_image_crops
352,4,bicycle,0.10394287109375,158.0,258.0,221.0,340.0,invalid,strong,drop,success,success,success,drop,high,drop,llm_final_decision,False,False,tn,0.0,-1,False,drop,drop,True,uncertain_score_band|duplicate_cluster,success,retrieve_same_class_image_crops,same_class_image_crops
354,0,sheep,0.415771484375,388.0,137.0,603.0,287.0,invalid,strong,drop,success,success,success,drop,high,drop,llm_final_decision,False,False,tn,0.0,-1,False,keep,drop,True,duplicate_cluster|top_score_sanity_check,success,retrieve_same_class_image_crops|retrieve_class_exemplars,same_class_image_crops|class_exemplars
354,1,dog,0.33642578125,388.0,137.0,603.0,287.0,invalid,strong,drop,success,success,success,drop,high,drop,llm_final_decision,False,False,tn,0.0,-1,False,keep,drop,True,duplicate_cluster|top_score_sanity_check,success,retrieve_same_class_image_crops|retrieve_class_exemplars,same_class_image_crops|class_exemplars
354,2,chair,0.330322265625,2.0,549.0,299.0,736.0,invalid,strong,drop,success,success,success,drop,high,drop,llm_final_decision,False,False,tn,0.281129,5,False,keep,drop,True,border_touching|duplicate_cluster,success,retrieve_same_class_image_crops|retrieve_class_exemplars,same_class_image_crops|class_exemplars
354,3,person,0.26123046875,1.0,2.0,319.0,731.0,valid,strong,keep,success,success,success,keep,medium,keep,llm_final_decision,False,True,tp,0.614461,0,False,keep,keep,True,uncertain_score_band|border_touching|duplicate_cluster,success,retrieve_same_class_image_crops,same_class_image_crops
354,4,cow,0.259765625,388.0,137.0,603.0,287.0,invalid,strong,drop,success,success,success,drop,high,drop,llm_final_decision,False,False,tn,0.0,-1,False,keep,drop,True,uncertain_score_band|duplicate_cluster,success,retrieve_same_class_image_crops|retrieve_class_exemplars,same_class_image_crops|class_exemplars
354,5,chair,0.18212890625,2.0,572.0,171.0,737.0,invalid,strong,drop,success,success,success,drop,high,drop,llm_final_decision,False,False,tn,0.084881,5,False,drop,drop,True,uncertain_score_band|border_touching|duplicate_cluster,success,retrieve_same_class_image_crops|retrieve_class_exemplars,same_class_image_crops|class_exemplars
354,6,chair,0.17919921875,2.0,368.0,314.0,735.0,invalid,strong,drop,success,success,success,drop,high,drop,llm_final_decision,False,False,tn,0.44273,5,False,drop,drop,True,uncertain_score_band|border_touching|duplicate_cluster,success,retrieve_same_class_image_crops|retrieve_class_exemplars,same_class_image_crops|class_exemplars
354,7,pottedplant,0.1514892578125,340.0,137.0,640.0,719.0,invalid,strong,drop,success,success,success,drop,high,drop,llm_final_decision,False,False,tn,0.0,-1,False,drop,drop,True,uncertain_score_band|border_touching|duplicate_cluster,success,retrieve_same_class_image_crops|retrieve_class_exemplars,same_class_image_crops|class_exemplars
354,8,cow,0.134521484375,340.0,137.0,640.0,719.0,invalid,strong,drop,success,success,success,drop,high,drop,llm_final_decision,False,False,tn,0.0,-1,False,drop,drop,True,uncertain_score_band|border_touching|duplicate_cluster,success,retrieve_same_class_image_crops|retrieve_class_exemplars,same_class_image_crops|class_exemplars
354,9,diningtable,0.12188720703125,0.0,473.0,640.0,734.0,invalid,strong,drop,success,success,success,drop,high,drop,llm_final_decision,False,False,tn,0.0,-1,False,drop,drop,True,uncertain_score_band|border_touching|duplicate_cluster,success,retrieve_same_class_image_crops|retrieve_class_exemplars,same_class_image_crops|class_exemplars
354,10,chair,0.10595703125,341.0,253.0,640.0,721.0,invalid,strong,drop,success,success,success,drop,high,drop,llm_final_decision,False,False,tn,0.230887,4,False,drop,drop,True,uncertain_score_band|border_touching|duplicate_cluster,success,retrieve_same_class_image_crops|retrieve_class_exemplars,same_class_image_crops|class_exemplars
354,11,sheep,0.10211181640625,340.0,137.0,640.0,719.0,invalid,strong,drop,success,success,success,drop,high,drop,llm_final_decision,False,False,tn,0.0,-1,False,drop,drop,True,uncertain_score_band|border_touching|duplicate_cluster,success,retrieve_same_class_image_crops|retrieve_class_exemplars,same_class_image_crops|class_exemplars
355,0,bird,0.86279296875,129.0,214.0,389.0,451.0,valid,strong,keep,success,success,success,keep,high,keep,llm_final_decision,False,True,tp,0.555278,2,False,keep,keep,True,top_score_sanity_check,not_called,,
355,1,bird,0.84033203125,423.0,87.0,637.0,289.0,valid,strong,keep,success,success,success,keep,high,keep,llm_final_decision,False,False,fp,0.482672,1,False,keep,keep,True,border_touching|top_score_sanity_check,not_called,,
355,2,bird,0.359375,380.0,383.0,552.0,635.0,valid,strong,keep,success,success,success,keep,high,keep,llm_final_decision,False,False,fp,0.439763,0,False,keep,keep,True,border_touching|duplicate_cluster,success,retrieve_same_class_image_crops,same_class_image_crops
355,3,bird,0.34765625,334.0,172.0,398.0,213.0,uncertain,weak,keep,not_candidate_heuristic,success,not_called,keep,,keep,deterministic_gate,False,False,fp,0.019872,1,False,keep,keep,False,,not_called,,
355,4,pottedplant,0.24658203125,501.0,0.0,574.0,68.0,invalid,strong,drop,success,success,success,drop,high,drop,llm_final_decision,False,False,tn,0.0,-1,False,keep,drop,True,uncertain_score_band|border_touching|duplicate_cluster,success,retrieve_same_class_image_crops,same_class_image_crops
355,5,bird,0.1983642578125,379.0,381.0,640.0,639.0,valid,strong,keep,success,success,success,keep,medium,keep,llm_final_decision,False,False,fp,0.484785,0,False,drop,keep,True,uncertain_score_band|border_touching|duplicate_cluster,success,retrieve_same_class_image_crops,same_class_image_crops
355,6,bird,0.172119140625,380.0,322.0,640.0,646.0,valid,strong,keep,success,success,success,keep,medium,keep,llm_final_decision,False,False,fp,0.486106,0,False,drop,keep,True,uncertain_score_band|border_touching|duplicate_cluster,success,retrieve_same_class_image_crops,same_class_image_crops
355,7,bird,0.11279296875,501.0,0.0,574.0,68.0,invalid,strong,drop,success,success,success,drop,high,drop,llm_final_decision,False,False,tn,0.0,-1,False,drop,drop,True,uncertain_score_band|border_touching|duplicate_cluster,success,retrieve_same_class_image_crops,same_class_image_crops
356,0,person,0.89892578125,245.0,284.0,346.0,547.0,valid,strong,keep,success,success,success,keep,high,keep,llm_final_decision,False,False,fp,0.463654,1,False,keep,keep,True,top_score_sanity_check,not_called,,
356,1,person,0.7548828125,340.0,425.0,422.0,578.0,invalid,strong,drop,success,success,success,drop,high,drop,llm_final_decision,False,False,tn,0.299116,2,False,keep,drop,True,top_score_sanity_check,not_called,,
356,2,person,0.60400390625,350.0,303.0,460.0,546.0,valid,medium,keep,not_candidate_heuristic,success,not_called,keep,,keep,deterministic_gate,False,False,fp,0.456273,3,False,keep,keep,False,,not_called,,
356,3,person,0.5322265625,250.0,173.0,354.0,357.0,valid,medium,keep,not_candidate_heuristic,success,not_called,keep,,keep,deterministic_gate,False,False,fp,0.315226,0,False,keep,keep,False,,not_called,,
356,4,pottedplant,0.1251220703125,471.0,619.0,551.0,663.0,invalid,strong,drop,success,success,success,drop,high,drop,llm_final_decision,False,False,tn,0.0,-1,False,drop,drop,True,uncertain_score_band|border_touching,not_called,,
357,0,boat,0.83203125,216.0,76.0,656.0,565.0,valid,strong,keep,success,success,success,keep,high,keep,llm_final_decision,False,False,fp,0.337596,0,False,keep,keep,True,top_score_sanity_check,not_called,,
357,1,boat,0.19873046875,0.0,560.0,363.0,640.0,invalid,strong,drop,success,success,success,drop,high,drop,llm_final_decision,False,False,tn,0.0,-1,False,drop,drop,True,uncertain_score_band|border_touching|duplicate_cluster|top_score_sanity_check,success,retrieve_same_class_image_crops|retrieve_class_exemplars,same_class_image_crops|class_exemplars
357,2,bird,0.1375732421875,0.0,560.0,363.0,640.0,invalid,strong,drop,success,success,success,drop,high,drop,llm_final_decision,False,False,tn,0.0,-1,False,drop,drop,True,uncertain_score_band|border_touching|duplicate_cluster,success,retrieve_same_class_image_crops,same_class_image_crops
357,3,boat,0.10052490234375,522.0,285.0,653.0,448.0,valid,strong,keep,success,success,success,keep,high,keep,llm_final_decision,False,False,fp,0.170474,0,False,drop,keep,True,uncertain_score_band,not_called,,
359,0,chair,0.4853515625,28.0,103.0,527.0,620.0,invalid,strong,drop,success,success,success,drop,high,drop,llm_final_decision,False,False,tn,0.125073,1,False,keep,drop,True,duplicate_cluster|top_score_sanity_check,success,retrieve_same_class_image_crops,same_class_image_crops
359,1,chair,0.2230224609375,22.0,392.0,210.0,620.0,valid,strong,keep,success,success,success,keep,high,keep,llm_final_decision,False,False,fp,0.492789,0,False,keep,keep,True,uncertain_score_band|border_touching|duplicate_cluster|top_score_sanity_check,success,retrieve_same_class_image_crops|retrieve_class_exemplars,same_class_image_crops|class_exemplars
359,2,boat,0.2110595703125,28.0,103.0,527.0,620.0,invalid,strong,drop,success,success,success,drop,high,drop,llm_final_decision,False,False,tn,0.0,-1,False,keep,drop,True,uncertain_score_band|duplicate_cluster,success,retrieve_same_class_image_crops,same_class_image_crops
359,3,bottle,0.173583984375,102.0,306.0,174.0,397.0,invalid,strong,drop,success,success,success,drop,high,drop,llm_final_decision,False,False,tn,0.0,-1,False,drop,drop,True,uncertain_score_band,not_called,,
359,4,chair,0.1470947265625,340.0,392.0,530.0,621.0,invalid,strong,drop,success,success,success,drop,high,drop,llm_final_decision,False,False,tn,0.187124,1,False,drop,drop,True,uncertain_score_band|border_touching,not_called,,
359,5,pottedplant,0.12127685546875,73.0,290.0,121.0,343.0,invalid,strong,drop,success,success,success,drop,high,drop,llm_final_decision,False,False,tn,0.0,-1,False,drop,drop,True,uncertain_score_band,not_called,,
359,6,chair,0.1202392578125,23.0,288.0,207.0,620.0,invalid,strong,drop,success,success,success,drop,high,drop,llm_final_decision,False,False,tn,0.36476,0,False,drop,drop,True,uncertain_score_band|border_touching|duplicate_cluster,success,retrieve_same_class_image_crops,same_class_image_crops
360,0,person,0.59912109375,268.0,110.0,395.0,412.0,valid,strong,keep,success,success,success,keep,high,keep,llm_final_decision,False,True,tp,0.690549,1,False,keep,keep,True,duplicate_cluster|top_score_sanity_check,success,retrieve_same_class_image_crops|retrieve_class_exemplars,same_class_image_crops|class_exemplars
360,1,person,0.5185546875,263.0,110.0,392.0,293.0,valid,strong,keep,success,success,success,keep,high,keep,llm_final_decision,False,False,fp,0.467378,1,False,keep,keep,True,duplicate_cluster|top_score_sanity_check,success,retrieve_same_class_image_crops,same_class_image_crops
360,2,person,0.4658203125,598.0,170.0,715.0,376.0,valid,strong,keep,success,success,success,keep,high,keep,llm_final_decision,False,False,fp,0.467239,3,False,keep,keep,True,duplicate_cluster,success,retrieve_same_class_image_crops,same_class_image_crops
360,3,person,0.455078125,952.0,34.0,1091.0,323.0,uncertain,weak,keep,not_candidate_heuristic,success,not_called,keep,,keep,deterministic_gate,False,True,tp,0.869972,6,False,keep,keep,False,,not_called,,
360,4,person,0.39599609375,69.0,60.0,265.0,366.0,valid,strong,keep,success,success,success,keep,high,keep,llm_final_decision,False,True,tp,0.819594,0,False,keep,keep,True,duplicate_cluster,success,retrieve_same_class_image_crops,same_class_image_crops
360,5,person,0.342529296875,767.0,154.0,1012.0,554.0,valid,strong,keep,success,success,success,keep,high,keep,llm_final_decision,False,False,fp,0.42255,5,False,keep,keep,True,duplicate_cluster,success,retrieve_same_class_image_crops,same_class_image_crops
360,6,person,0.33984375,768.0,256.0,878.0,552.0,valid,strong,keep,success,success,success,keep,high,keep,llm_final_decision,False,True,tp,0.838028,4,False,keep,keep,True,duplicate_cluster,success,retrieve_same_class_image_crops,same_class_image_crops
360,7,person,0.296630859375,274.0,160.0,652.0,461.0,valid,strong,keep,success,success,success,keep,high,keep,llm_final_decision,False,False,fp,0.40541,2,False,keep,keep,True,uncertain_score_band|duplicate_cluster,success,retrieve_same_class_image_crops|retrieve_class_exemplars,same_class_image_crops|class_exemplars
360,8,person,0.245849609375,272.0,159.0,568.0,422.0,valid,strong,keep,success,success,success,keep,high,keep,llm_final_decision,False,True,tp,0.571626,2,False,keep,keep,True,uncertain_score_band|duplicate_cluster,success,retrieve_same_class_image_crops|retrieve_class_exemplars,same_class_image_crops|class_exemplars
360,9,person,0.1573486328125,528.0,170.0,716.0,376.0,valid,strong,keep,success,success,success,keep,high,keep,llm_final_decision,False,True,tp,0.645011,3,False,drop,keep,True,uncertain_score_band|duplicate_cluster,success,retrieve_same_class_image_crops|retrieve_class_exemplars,same_class_image_crops|class_exemplars
360,10,person,0.1485595703125,361.0,162.0,717.0,465.0,valid,strong,keep,success,success,success,keep,high,keep,llm_final_decision,False,False,fp,0.48002,3,False,drop,keep,True,uncertain_score_band|duplicate_cluster,success,retrieve_same_class_image_crops|retrieve_class_exemplars,same_class_image_crops|class_exemplars
360,11,person,0.1451416015625,514.0,169.0,765.0,464.0,valid,strong,keep,success,success,success,keep,high,keep,llm_final_decision,False,True,tp,0.682387,3,False,drop,keep,True,uncertain_score_band|duplicate_cluster,success,retrieve_same_class_image_crops|retrieve_class_exemplars,same_class_image_crops|class_exemplars
360,12,person,0.1436767578125,599.0,154.0,1079.0,445.0,invalid,strong,drop,success,success,success,drop,high,drop,llm_final_decision,False,False,tn,0.295539,5,False,drop,drop,True,uncertain_score_band|duplicate_cluster,success,retrieve_same_class_image_crops|retrieve_class_exemplars,same_class_image_crops|class_exemplars
360,13,person,0.1318359375,769.0,154.0,886.0,552.0,valid,strong,keep,success,success,success,keep,high,keep,llm_final_decision,False,True,tp,0.698262,4,False,drop,keep,True,uncertain_score_band|duplicate_cluster,success,retrieve_same_class_image_crops|retrieve_class_exemplars,same_class_image_crops|class_exemplars
360,14,person,0.1298828125,68.0,60.0,278.0,254.0,valid,strong,keep,success,success,success,keep,high,keep,llm_final_decision,False,True,tp,0.521036,0,False,drop,keep,True,uncertain_score_band|duplicate_cluster,success,retrieve_same_class_image_crops|retrieve_class_exemplars,same_class_image_crops|class_exemplars
360,15,train,0.1163330078125,360.0,1.0,901.0,467.0,invalid,strong,drop,success,success,success,drop,high,drop,llm_final_decision,False,False,tn,0.0,-1,False,drop,drop,True,uncertain_score_band|border_touching|duplicate_cluster,success,retrieve_same_class_image_crops|retrieve_class_exemplars,same_class_image_crops|class_exemplars
360,16,bottle,0.1114501953125,959.0,262.0,1008.0,320.0,invalid,strong,drop,success,success,success,drop,high,drop,llm_final_decision,False,False,tn,0.0,-1,False,drop,drop,True,uncertain_score_band,not_called,,
360,17,train,0.11065673828125,536.0,3.0,1113.0,412.0,invalid,strong,drop,success,success,success,drop,high,drop,llm_final_decision,False,False,tn,0.0,-1,False,drop,drop,True,uncertain_score_band|border_touching|duplicate_cluster,success,retrieve_same_class_image_crops|retrieve_class_exemplars,same_class_image_crops|class_exemplars
360,18,train,0.10211181640625,527.0,0.0,826.0,387.0,invalid,strong,drop,success,success,success,drop,high,drop,llm_final_decision,False,False,tn,0.0,-1,False,drop,drop,True,uncertain_score_band|border_touching|duplicate_cluster,success,retrieve_same_class_image_crops|retrieve_class_exemplars,same_class_image_crops|class_exemplars
360,19,person,0.10089111328125,2.0,61.0,288.0,374.0,valid,strong,keep,success,success,success,keep,high,keep,llm_final_decision,False,True,tp,0.632309,0,False,drop,keep,True,uncertain_score_band|border_touching|duplicate_cluster,success,retrieve_same_class_image_crops|retrieve_class_exemplars,same_class_image_crops|class_exemplars
360,20,person,0.10089111328125,116.0,61.0,391.0,291.0,valid,strong,keep,success,success,success,keep,high,keep,llm_final_decision,False,False,fp,0.377193,1,False,drop,keep,True,uncertain_score_band|duplicate_cluster,success,retrieve_same_class_image_crops,same_class_image_crops
363,0,car,0.72509765625,159.0,165.0,366.0,223.0,valid,strong,keep,success,success,success,keep,high,keep,llm_final_decision,False,False,fp,0.435747,1,False,keep,keep,True,duplicate_cluster|top_score_sanity_check,success,retrieve_same_class_image_crops|retrieve_class_exemplars,same_class_image_crops|class_exemplars
363,1,bottle,0.417724609375,936.0,437.0,937.0,490.0,unavailable,unavailable,drop,not_candidate_heuristic,success,not_called,keep,,keep,deterministic_gate,True,False,fp,0.0,-1,True,keep,keep,False,,not_called,,
363,2,car,0.3857421875,249.0,118.0,352.0,151.0,invalid,strong,drop,success,success,success,drop,high,drop,llm_final_decision,False,False,tn,0.241415,0,False,keep,drop,True,duplicate_cluster|top_score_sanity_check,success,retrieve_same_class_image_crops,same_class_image_crops
363,3,car,0.2451171875,151.0,113.0,351.0,153.0,valid,strong,keep,success,success,success,keep,medium,keep,llm_final_decision,False,False,fp,0.364446,0,False,keep,keep,True,uncertain_score_band|duplicate_cluster,success,retrieve_same_class_image_crops,same_class_image_crops
363,4,car,0.20556640625,150.0,111.0,373.0,235.0,valid,strong,keep,success,success,success,keep,medium,keep,llm_final_decision,False,False,fp,0.230693,1,False,keep,keep,True,uncertain_score_band|duplicate_cluster,success,retrieve_same_class_image_crops|retrieve_class_exemplars,same_class_image_crops|class_exemplars
363,5,bottle,0.1744384765625,76.0,555.0,119.0,594.0,invalid,strong,drop,success,success,success,drop,high,drop,llm_final_decision,False,False,tn,0.0,-1,False,drop,drop,True,uncertain_score_band,not_called,,
363,6,tvmonitor,0.1378173828125,148.0,67.0,374.0,234.0,invalid,strong,drop,success,success,success,drop,high,drop,llm_final_decision,False,False,tn,0.0,-1,False,drop,drop,True,uncertain_score_band|duplicate_cluster,success,retrieve_same_class_image_crops|retrieve_class_exemplars,same_class_image_crops|class_exemplars
363,7,diningtable,0.11297607421875,3.0,234.0,696.0,639.0,invalid,strong,drop,success,success,success,drop,high,drop,llm_final_decision,False,False,tn,0.0,-1,False,drop,drop,True,uncertain_score_band|border_touching|duplicate_cluster,success,retrieve_same_class_image_crops|retrieve_class_exemplars,same_class_image_crops|class_exemplars
363,8,chair,0.11279296875,3.0,234.0,696.0,639.0,invalid,strong,drop,success,success,success,drop,high,drop,llm_final_decision,False,False,tn,0.0,-1,False,drop,drop,True,uncertain_score_band|border_touching|duplicate_cluster,success,retrieve_same_class_image_crops|retrieve_class_exemplars,same_class_image_crops|class_exemplars
363,9,tvmonitor,0.10894775390625,3.0,234.0,696.0,639.0,invalid,strong,drop,success,success,success,drop,high,drop,llm_final_decision,False,False,tn,0.0,-1,False,drop,drop,True,uncertain_score_band|border_touching|duplicate_cluster,success,retrieve_same_class_image_crops|retrieve_class_exemplars,same_class_image_crops|class_exemplars
365,0,person,0.505859375,684.0,289.0,778.0,576.0,invalid,strong,drop,success,success,success,drop,high,drop,llm_final_decision,False,False,tn,0.105327,3,False,keep,drop,True,duplicate_cluster|top_score_sanity_check,success,retrieve_same_class_image_crops,same_class_image_crops
365,1,person,0.4638671875,449.0,187.0,580.0,317.0,invalid,strong,drop,success,success,success,drop,high,drop,llm_final_decision,False,False,tn,0.073426,1,False,keep,drop,True,duplicate_cluster|top_score_sanity_check,success,retrieve_same_class_image_crops,same_class_image_crops
365,2,person,0.37744140625,899.0,203.0,900.0,278.0,unavailable,unavailable,drop,not_candidate_heuristic,success,not_called,keep,,keep,deterministic_gate,True,False,fp,0.0,-1,True,keep,keep,False,,not_called,,
365,3,bottle,0.332763671875,506.0,268.0,574.0,376.0,uncertain,weak,keep,not_candidate_heuristic,success,not_called,keep,,keep,deterministic_gate,False,False,fp,0.0,-1,False,keep,keep,False,,not_called,,
365,4,person,0.250244140625,202.0,232.0,426.0,435.0,valid,strong,keep,success,success,success,keep,high,keep,llm_final_decision,False,False,fp,0.347487,0,False,keep,keep,True,uncertain_score_band|duplicate_cluster,success,retrieve_same_class_image_crops,same_class_image_crops
365,5,bird,0.167236328125,899.0,203.0,900.0,278.0,unavailable,unavailable,drop,not_candidate_heuristic,success,not_called,drop,,drop,deterministic_gate,True,False,tn,0.0,-1,True,drop,drop,False,,not_called,,
365,6,bottle,0.159423828125,447.0,221.0,508.0,300.0,invalid,strong,drop,success,success,success,drop,high,drop,llm_final_decision,False,False,tn,0.0,-1,False,drop,drop,True,uncertain_score_band|duplicate_cluster,success,retrieve_same_class_image_crops,same_class_image_crops
365,7,person,0.1553955078125,688.0,326.0,774.0,501.0,invalid,strong,drop,success,success,success,drop,high,drop,llm_final_decision,False,False,tn,0.028462,3,False,drop,drop,True,uncertain_score_band|duplicate_cluster,success,retrieve_same_class_image_crops,same_class_image_crops
365,8,person,0.1453857421875,447.0,221.0,508.0,300.0,invalid,strong,drop,success,success,success,drop,high,drop,llm_final_decision,False,False,tn,0.090905,1,False,drop,drop,True,uncertain_score_band|duplicate_cluster,success,retrieve_same_class_image_crops|retrieve_class_exemplars,same_class_image_crops|class_exemplars
365,9,boat,0.1429443359375,696.0,90.0,900.0,320.0,invalid,strong,drop,success,success,success,drop,high,drop,llm_final_decision,False,False,tn,0.0,-1,False,drop,drop,True,uncertain_score_band|border_touching,not_called,,
365,10,person,0.1263427734375,6.0,244.0,426.0,444.0,valid,strong,keep,success,success,success,keep,medium,keep,llm_final_decision,False,False,fp,0.380722,0,False,drop,keep,True,uncertain_score_band|border_touching|duplicate_cluster,success,retrieve_same_class_image_crops,same_class_image_crops
365,11,person,0.1248779296875,483.0,186.0,609.0,336.0,invalid,strong,drop,success,success,success,drop,high,drop,llm_final_decision,False,False,tn,0.055879,2,False,drop,drop,True,uncertain_score_band|duplicate_cluster,success,retrieve_same_class_image_crops,same_class_image_crops
365,12,person,0.11737060546875,563.0,243.0,776.0,581.0,invalid,strong,drop,success,success,success,drop,high,drop,llm_final_decision,False,False,tn,0.129149,2,False,drop,drop,True,uncertain_score_band,not_called,,
365,13,chair,0.1153564453125,1.0,243.0,426.0,459.0,invalid,strong,drop,success,success,success,drop,high,drop,llm_final_decision,False,False,tn,0.0,-1,False,drop,drop,True,uncertain_score_band|border_touching|duplicate_cluster,success,retrieve_same_class_image_crops,same_class_image_crops
366,0,chair,0.68359375,660.0,367.0,699.0,489.0,valid,medium,keep,not_candidate_heuristic,success,not_called,keep,,keep,deterministic_gate,False,False,fp,0.0,-1,False,keep,keep,False,,not_called,,
366,1,person,0.60009765625,593.0,311.0,689.0,462.0,invalid,strong,drop,success,success,success,drop,high,drop,llm_final_decision,False,False,tn,0.0,-1,False,keep,drop,True,border_touching|duplicate_cluster|top_score_sanity_check,success,retrieve_same_class_image_crops|retrieve_class_exemplars,same_class_image_crops|class_exemplars
366,2,person,0.509765625,595.0,311.0,681.0,380.0,invalid,strong,drop,success,success,success,drop,high,drop,llm_final_decision,False,False,tn,0.0,-1,False,keep,drop,True,border_touching|duplicate_cluster,success,retrieve_same_class_image_crops,same_class_image_crops
366,3,chair,0.438720703125,418.0,344.0,512.0,447.0,uncertain,weak,keep,not_candidate_heuristic,success,not_called,keep,,keep,deterministic_gate,False,False,fp,0.348726,6,False,keep,keep,False,,not_called,,
366,4,person,0.414794921875,348.0,289.0,486.0,456.0,invalid,strong,drop,success,success,success,drop,high,drop,llm_final_decision,False,False,tn,0.229504,1,False,keep,drop,True,duplicate_cluster,success,retrieve_same_class_image_crops,same_class_image_crops
366,5,chair,0.375732421875,455.0,318.0,565.0,448.0,invalid,strong,drop,success,success,success,drop,high,drop,llm_final_decision,False,False,tn,0.080699,6,False,keep,drop,True,duplicate_cluster,success,retrieve_same_class_image_crops,same_class_image_crops
366,6,diningtable,0.2685546875,601.0,368.0,692.0,464.0,invalid,strong,drop,success,success,success,drop,high,drop,llm_final_decision,False,False,tn,0.371448,5,False,keep,drop,True,uncertain_score_band|border_touching|duplicate_cluster,success,retrieve_same_class_image_crops|retrieve_class_exemplars,same_class_image_crops|class_exemplars
366,7,diningtable,0.240478515625,1.0,456.0,464.0,640.0,invalid,strong,drop,success,success,success,drop,high,drop,llm_final_decision,False,False,tn,0.0,-1,False,keep,drop,True,uncertain_score_band|border_touching|duplicate_cluster,success,retrieve_same_class_image_crops,same_class_image_crops
366,8,chair,0.23828125,600.0,365.0,699.0,465.0,valid,medium,keep,success,success,success,keep,medium,keep,llm_final_decision,False,False,fp,0.213003,7,False,keep,keep,True,uncertain_score_band|border_touching|duplicate_cluster,success,retrieve_same_class_image_crops|retrieve_class_exemplars,same_class_image_crops|class_exemplars
366,9,chair,0.23095703125,604.0,370.0,699.0,496.0,valid,medium,keep,success,success,success,keep,medium,keep,llm_final_decision,False,False,fp,0.114247,7,False,keep,keep,True,uncertain_score_band|border_touching|duplicate_cluster,success,retrieve_same_class_image_crops|retrieve_class_exemplars,same_class_image_crops|class_exemplars
366,10,person,0.22607421875,595.0,311.0,699.0,466.0,invalid,strong,drop,success,success,success,drop,high,drop,llm_final_decision,False,False,tn,0.0,-1,False,keep,drop,True,uncertain_score_band|border_touching|duplicate_cluster,success,retrieve_same_class_image_crops,same_class_image_crops
366,11,chair,0.2110595703125,359.0,343.0,611.0,511.0,invalid,strong,drop,success,success,success,drop,high,drop,llm_final_decision,False,False,tn,0.142542,6,False,keep,drop,True,uncertain_score_band|duplicate_cluster,success,retrieve_same_class_image_crops|retrieve_class_exemplars,same_class_image_crops|class_exemplars
366,12,person,0.1934814453125,680.0,336.0,699.0,472.0,invalid,strong,drop,success,success,success,drop,high,drop,llm_final_decision,False,False,tn,0.0,-1,False,drop,drop,True,uncertain_score_band|border_touching|small_box|duplicate_cluster,success,retrieve_same_class_image_crops|retrieve_class_exemplars,same_class_image_crops|class_exemplars
366,13,chair,0.1829833984375,600.0,389.0,653.0,463.0,valid,medium,keep,success,success,success,keep,medium,keep,llm_final_decision,False,False,fp,0.270152,7,False,drop,keep,True,uncertain_score_band|duplicate_cluster,success,retrieve_same_class_image_crops|retrieve_class_exemplars,same_class_image_crops|class_exemplars
366,14,chair,0.1781005859375,601.0,373.0,699.0,493.0,valid,medium,keep,success,success,success,keep,medium,keep,llm_final_decision,False,False,fp,0.168459,7,False,drop,keep,True,uncertain_score_band|border_touching|duplicate_cluster,success,retrieve_same_class_image_crops|retrieve_class_exemplars,same_class_image_crops|class_exemplars
366,15,chair,0.164306640625,1.0,456.0,464.0,640.0,invalid,strong,drop,success,success,success,drop,high,drop,llm_final_decision,False,False,tn,0.0,-1,False,drop,drop,True,uncertain_score_band|border_touching|duplicate_cluster,success,retrieve_same_class_image_crops|retrieve_class_exemplars,same_class_image_crops|class_exemplars
366,16,boat,0.15771484375,1.0,456.0,464.0,640.0,invalid,strong,drop,success,success,success,drop,high,drop,llm_final_decision,False,False,tn,0.0,-1,False,drop,drop,True,uncertain_score_band|border_touching|duplicate_cluster,success,retrieve_same_class_image_crops|retrieve_class_exemplars,same_class_image_crops|class_exemplars
366,17,diningtable,0.1566162109375,547.0,373.0,699.0,462.0,invalid,strong,drop,success,success,success,drop,high,drop,llm_final_decision,False,False,tn,0.258278,5,False,drop,drop,True,uncertain_score_band|border_touching|duplicate_cluster,success,retrieve_same_class_image_crops|retrieve_class_exemplars,same_class_image_crops|class_exemplars
366,18,person,0.15380859375,455.0,318.0,565.0,448.0,valid,medium,keep,success,success,success,drop,medium,drop,llm_final_decision,False,True,fn,0.521944,2,False,drop,keep,True,uncertain_score_band|duplicate_cluster,success,retrieve_same_class_image_crops|retrieve_class_exemplars,same_class_image_crops|class_exemplars
366,19,chair,0.15380859375,349.0,290.0,508.0,487.0,valid,strong,keep,success,success,success,keep,medium,keep,llm_final_decision,False,False,fp,0.267217,6,False,drop,keep,True,uncertain_score_band|duplicate_cluster,success,retrieve_same_class_image_crops|retrieve_class_exemplars,same_class_image_crops|class_exemplars
366,20,diningtable,0.153076171875,547.0,371.0,699.0,493.0,invalid,strong,drop,success,success,success,drop,high,drop,llm_final_decision,False,False,tn,0.155647,5,False,drop,drop,True,uncertain_score_band|border_touching|duplicate_cluster,success,retrieve_same_class_image_crops|retrieve_class_exemplars,same_class_image_crops|class_exemplars
366,21,person,0.1429443359375,403.0,193.0,452.0,228.0,invalid,strong,drop,success,success,success,drop,high,drop,llm_final_decision,False,False,tn,0.0,-1,False,drop,drop,True,uncertain_score_band|duplicate_cluster,success,retrieve_same_class_image_crops,same_class_image_crops
366,22,chair,0.135498046875,358.0,365.0,502.0,509.0,valid,strong,keep,success,success,success,keep,medium,keep,llm_final_decision,False,False,fp,0.198843,6,False,drop,keep,True,uncertain_score_band|duplicate_cluster,success,retrieve_same_class_image_crops|retrieve_class_exemplars,same_class_image_crops|class_exemplars
366,23,chair,0.1331787109375,355.0,319.0,565.0,504.0,invalid,strong,drop,success,success,success,drop,high,drop,llm_final_decision,False,False,tn,0.204233,6,False,drop,drop,True,uncertain_score_band|duplicate_cluster,success,retrieve_same_class_image_crops,same_class_image_crops
366,24,boat,0.1307373046875,279.0,96.0,699.0,472.0,invalid,strong,drop,success,success,success,drop,high,drop,llm_final_decision,False,False,tn,0.0,-1,False,drop,drop,True,uncertain_score_band|border_touching|duplicate_cluster,success,retrieve_class_exemplars,class_exemplars
366,25,diningtable,0.1287841796875,360.0,372.0,699.0,508.0,invalid,strong,drop,success,success,success,drop,high,drop,llm_final_decision,False,False,tn,0.11459,4,False,drop,drop,True,uncertain_score_band|border_touching|duplicate_cluster,success,retrieve_same_class_image_crops|retrieve_class_exemplars,same_class_image_crops|class_exemplars
366,26,dog,0.12744140625,1.0,456.0,464.0,640.0,invalid,strong,drop,success,success,success,drop,high,drop,llm_final_decision,False,False,tn,0.0,-1,False,drop,drop,True,uncertain_score_band|border_touching|duplicate_cluster,success,retrieve_same_class_image_crops|retrieve_class_exemplars,same_class_image_crops|class_exemplars
366,27,chair,0.1263427734375,614.0,391.0,699.0,494.0,valid,medium,keep,success,success,success,keep,medium,keep,llm_final_decision,False,False,fp,0.082007,7,False,drop,keep,True,uncertain_score_band|border_touching|duplicate_cluster,success,retrieve_same_class_image_crops|retrieve_class_exemplars,same_class_image_crops|class_exemplars
366,28,chair,0.1248779296875,680.0,336.0,699.0,472.0,invalid,strong,drop,success,success,success,drop,high,drop,llm_final_decision,False,False,tn,0.0,-1,False,drop,drop,True,uncertain_score_band|border_touching|small_box|duplicate_cluster,success,retrieve_same_class_image_crops|retrieve_class_exemplars,same_class_image_crops|class_exemplars
366,29,diningtable,0.119384765625,545.0,376.0,699.0,490.0,invalid,strong,drop,success,success,success,drop,high,drop,llm_final_decision,False,False,tn,0.107769,5,False,drop,drop,True,uncertain_score_band|border_touching|duplicate_cluster,success,retrieve_same_class_image_crops|retrieve_class_exemplars,same_class_image_crops|class_exemplars
366,30,train,0.118408203125,279.0,96.0,699.0,472.0,invalid,strong,drop,success,success,success,drop,high,drop,llm_final_decision,False,False,tn,0.0,-1,False,drop,drop,True,uncertain_score_band|border_touching|duplicate_cluster,success,retrieve_class_exemplars,class_exemplars
366,31,diningtable,0.1163330078125,614.0,387.0,698.0,465.0,invalid,strong,drop,success,success,success,drop,high,drop,llm_final_decision,False,False,tn,0.365791,5,False,drop,drop,True,uncertain_score_band|border_touching|duplicate_cluster,success,retrieve_same_class_image_crops|retrieve_class_exemplars,same_class_image_crops|class_exemplars
366,32,diningtable,0.11614990234375,598.0,363.0,699.0,452.0,invalid,strong,drop,success,success,success,drop,high,drop,llm_final_decision,False,False,tn,0.411596,5,False,drop,drop,True,uncertain_score_band|border_touching|duplicate_cluster,success,retrieve_same_class_image_crops|retrieve_class_exemplars,same_class_image_crops|class_exemplars
366,33,diningtable,0.11419677734375,286.0,379.0,699.0,511.0,invalid,strong,drop,success,success,success,drop,high,drop,llm_final_decision,False,False,tn,0.12207,4,False,drop,drop,True,uncertain_score_band|border_touching|duplicate_cluster,success,retrieve_same_class_image_crops|retrieve_class_exemplars,same_class_image_crops|class_exemplars
366,34,person,0.1124267578125,384.0,193.0,462.0,230.0,invalid,medium,drop,not_candidate_heuristic,success,not_called,drop,,drop,deterministic_gate,False,False,tn,0.0,-1,False,drop,drop,False,,not_called,,
366,35,diningtable,0.1077880859375,601.0,373.0,699.0,493.0,uncertain,weak,keep,not_candidate_heuristic,success,not_called,keep,,keep,deterministic_gate,False,False,fp,0.285353,5,False,drop,keep,False,,not_called,,
366,36,chair,0.10614013671875,698.0,386.0,699.0,461.0,unavailable,unavailable,drop,not_candidate_heuristic,success,not_called,drop,,drop,deterministic_gate,True,False,tn,0.0,-1,True,drop,drop,False,,not_called,,
366,37,sofa,0.10595703125,1.0,456.0,464.0,640.0,uncertain,weak,keep,not_candidate_heuristic,success,not_called,keep,,keep,deterministic_gate,False,False,fp,0.0,-1,False,drop,keep,False,,not_called,,
366,38,diningtable,0.1033935546875,604.0,370.0,699.0,496.0,uncertain,weak,keep,not_candidate_heuristic,success,not_called,keep,,keep,deterministic_gate,False,False,fp,0.205843,5,False,drop,keep,False,,not_called,,
366,39,chair,0.10284423828125,610.0,381.0,698.0,465.0,uncertain,weak,keep,not_candidate_heuristic,success,not_called,keep,,keep,deterministic_gate,False,False,fp,0.145165,7,False,drop,keep,False,,not_called,,
367,0,train,0.8291015625,344.0,379.0,805.0,593.0,valid,strong,keep,success,success,success,keep,high,keep,llm_final_decision,False,True,tp,0.923669,0,False,keep,keep,True,top_score_sanity_check,not_called,,
367,1,boat,0.71240234375,271.0,224.0,449.0,306.0,valid,strong,keep,success,success,success,keep,high,keep,llm_final_decision,False,False,fp,0.0,-1,False,keep,keep,True,duplicate_cluster|top_score_sanity_check,success,retrieve_same_class_image_crops,same_class_image_crops
367,2,aeroplane,0.71044921875,553.0,43.0,758.0,180.0,valid,medium,keep,not_candidate_heuristic,success,not_called,keep,,keep,deterministic_gate,False,True,tp,0.812839,1,False,keep,keep,False,,not_called,,
367,3,boat,0.252685546875,270.0,143.0,450.0,307.0,valid,strong,keep,success,success,success,keep,high,keep,llm_final_decision,False,False,fp,0.0,-1,False,keep,keep,True,uncertain_score_band|duplicate_cluster,success,retrieve_same_class_image_crops|retrieve_class_exemplars,same_class_image_crops|class_exemplars
367,4,train,0.1177978515625,1.0,2.0,456.0,638.0,invalid,strong,drop,success,success,success,drop,high,drop,llm_final_decision,False,False,tn,0.060981,0,False,drop,drop,True,uncertain_score_band|border_touching,not_called,,
372,0,bottle,0.7685546875,611.0,25.0,646.0,157.0,invalid,strong,drop,success,success,success,drop,high,drop,llm_final_decision,False,False,tn,0.0,-1,False,keep,drop,True,border_touching|top_score_sanity_check,not_called,,
372,1,bottle,0.67578125,565.0,26.0,615.0,157.0,invalid,strong,drop,success,success,success,drop,high,drop,llm_final_decision,False,False,tn,0.0,-1,False,keep,drop,True,top_score_sanity_check,not_called,,
372,2,cat,0.55810546875,47.0,324.0,229.0,455.0,valid,medium,keep,not_candidate_heuristic,success,not_called,keep,,keep,deterministic_gate,False,True,tp,0.62763,0,False,keep,keep,False,,not_called,,
372,3,pottedplant,0.4609375,308.0,51.0,423.0,112.0,invalid,strong,drop,success,success,success,drop,high,drop,llm_final_decision,False,False,tn,0.0,-1,False,keep,drop,True,duplicate_cluster,success,retrieve_same_class_image_crops,same_class_image_crops
372,4,bottle,0.42822265625,645.0,191.0,646.0,300.0,unavailable,unavailable,drop,not_candidate_heuristic,success,not_called,keep,,keep,deterministic_gate,True,False,fp,0.0,-1,True,keep,keep,False,,not_called,,
372,5,bottle,0.2100830078125,568.0,26.0,611.0,73.0,invalid,strong,drop,success,success,success,drop,high,drop,llm_final_decision,False,False,tn,0.0,-1,False,keep,drop,True,uncertain_score_band,not_called,,
372,6,bottle,0.1859130859375,645.0,190.0,646.0,244.0,unavailable,unavailable,drop,not_candidate_heuristic,success,not_called,drop,,drop,deterministic_gate,True,False,tn,0.0,-1,True,drop,drop,False,,not_called,,
372,7,pottedplant,0.139892578125,347.0,470.0,463.0,536.0,invalid,strong,drop,success,success,success,drop,high,drop,llm_final_decision,False,False,tn,0.0,-1,False,drop,drop,True,uncertain_score_band,not_called,,
372,8,pottedplant,0.12359619140625,288.0,21.0,423.0,113.0,invalid,strong,drop,success,success,success,drop,high,drop,llm_final_decision,False,False,tn,0.0,-1,False,drop,drop,True,uncertain_score_band|duplicate_cluster,success,retrieve_same_class_image_crops,same_class_image_crops
373,0,tvmonitor,0.277099609375,1.0,37.0,640.0,568.0,invalid,strong,drop,success,success,success,drop,high,drop,llm_final_decision,False,False,tn,0.0,-1,False,keep,drop,True,uncertain_score_band|border_touching|duplicate_cluster|top_score_sanity_check,success,retrieve_same_class_image_crops,same_class_image_crops
373,1,cow,0.158203125,1.0,37.0,640.0,568.0,invalid,strong,drop,success,success,success,drop,high,drop,llm_final_decision,False,False,tn,0.0,-1,False,drop,drop,True,uncertain_score_band|border_touching|duplicate_cluster|top_score_sanity_check,success,retrieve_same_class_image_crops,same_class_image_crops
373,2,sofa,0.1309814453125,1.0,37.0,640.0,568.0,invalid,strong,drop,success,success,success,drop,high,drop,llm_final_decision,False,False,tn,0.0,-1,False,drop,drop,True,uncertain_score_band|border_touching|duplicate_cluster,success,retrieve_same_class_image_crops,same_class_image_crops
373,3,train,0.1143798828125,1.0,37.0,640.0,568.0,invalid,strong,drop,success,success,success,drop,high,drop,llm_final_decision,False,False,tn,0.0,-1,False,drop,drop,True,uncertain_score_band|border_touching|duplicate_cluster,success,retrieve_same_class_image_crops,same_class_image_crops
373,4,chair,0.1134033203125,403.0,320.0,640.0,567.0,invalid,strong,drop,success,success,success,drop,high,drop,llm_final_decision,False,False,tn,0.0,-1,False,drop,drop,True,uncertain_score_band|border_touching,not_called,,
375,0,car,0.62060546875,639.0,299.0,640.0,509.0,unavailable,unavailable,drop,not_candidate_heuristic,success,not_called,keep,,keep,deterministic_gate,True,False,fp,0.0,-1,True,keep,keep,False,,not_called,,
375,1,pottedplant,0.29052734375,114.0,379.0,201.0,435.0,invalid,strong,drop,success,success,success,drop,high,drop,llm_final_decision,False,False,tn,0.0,-1,False,keep,drop,True,uncertain_score_band|top_score_sanity_check,not_called,,
376,0,train,0.1558837890625,55.0,379.0,685.0,571.0,invalid,strong,drop,success,success,success,drop,high,drop,llm_final_decision,False,False,tn,0.149335,0,False,drop,drop,True,uncertain_score_band|border_touching|top_score_sanity_check,not_called,,
376,1,car,0.1365966796875,506.0,570.0,558.0,571.0,unavailable,unavailable,drop,not_candidate_heuristic,success,not_called,drop,,drop,deterministic_gate,True,False,tn,0.0,-1,True,drop,drop,False,,not_called,,
376,2,train,0.10687255859375,13.0,70.0,602.0,571.0,valid,strong,keep,success,success,success,keep,high,keep,llm_final_decision,False,False,fp,0.377462,0,False,drop,keep,True,uncertain_score_band|border_touching|top_score_sanity_check,not_called,,
377,0,person,0.37109375,136.0,220.0,517.0,593.0,invalid,strong,drop,success,success,success,drop,high,drop,llm_final_decision,False,False,tn,0.335481,0,False,keep,drop,True,top_score_sanity_check,not_called,,
377,1,car,0.1629638671875,522.0,16.0,885.0,308.0,valid,strong,keep,success,success,success,keep,high,keep,llm_final_decision,False,False,fp,0.267988,1,False,drop,keep,True,uncertain_score_band|border_touching|top_score_sanity_check,not_called,,
377,2,person,0.11199951171875,884.0,55.0,885.0,121.0,unavailable,unavailable,drop,not_candidate_heuristic,success,not_called,drop,,drop,deterministic_gate,True,False,tn,0.0,-1,True,drop,drop,False,,not_called,,
377,3,boat,0.1044921875,126.0,18.0,885.0,590.0,invalid,strong,drop,success,success,success,drop,high,drop,llm_final_decision,False,False,tn,0.0,-1,False,drop,drop,True,uncertain_score_band|border_touching,not_called,,
379,0,bird,0.39501953125,334.0,31.0,889.0,544.0,invalid,strong,drop,success,success,success,drop,high,drop,llm_final_decision,False,False,tn,0.274072,1,False,keep,drop,True,border_touching|duplicate_cluster|top_score_sanity_check,success,retrieve_same_class_image_crops|retrieve_class_exemplars,same_class_image_crops|class_exemplars
379,1,bird,0.281494140625,335.0,49.0,629.0,159.0,valid,strong,keep,success,success,success,keep,high,keep,llm_final_decision,False,False,fp,0.193882,1,False,keep,keep,True,uncertain_score_band|duplicate_cluster|top_score_sanity_check,success,retrieve_same_class_image_crops|retrieve_class_exemplars,same_class_image_crops|class_exemplars
379,2,bird,0.201171875,333.0,54.0,525.0,158.0,invalid,strong,drop,success,success,success,drop,high,drop,llm_final_decision,False,False,tn,0.118475,1,False,keep,drop,True,uncertain_score_band|duplicate_cluster,success,retrieve_same_class_image_crops|retrieve_class_exemplars,same_class_image_crops|class_exemplars
379,3,bird,0.1812744140625,334.0,33.0,728.0,160.0,invalid,strong,drop,success,success,success,drop,high,drop,llm_final_decision,False,False,tn,0.250098,1,False,drop,drop,True,uncertain_score_band|duplicate_cluster,success,retrieve_same_class_image_crops|retrieve_class_exemplars,same_class_image_crops|class_exemplars
379,4,person,0.1610107421875,334.0,31.0,889.0,544.0,invalid,strong,drop,success,success,success,drop,high,drop,llm_final_decision,False,False,tn,0.0,-1,False,drop,drop,True,uncertain_score_band|border_touching|duplicate_cluster,success,retrieve_same_class_image_crops,same_class_image_crops
380,0,sofa,0.6767578125,553.0,260.0,1088.0,583.0,valid,strong,keep,success,success,success,keep,high,keep,llm_final_decision,False,True,tp,0.784584,1,False,keep,keep,True,duplicate_cluster|top_score_sanity_check,success,retrieve_same_class_image_crops|retrieve_class_exemplars,same_class_image_crops|class_exemplars
380,1,pottedplant,0.4130859375,927.0,225.0,981.0,300.0,valid,strong,keep,success,success,success,keep,high,keep,llm_final_decision,False,False,fp,0.0,-1,False,keep,keep,True,top_score_sanity_check,not_called,,
380,2,pottedplant,0.361083984375,528.0,342.0,622.0,450.0,uncertain,weak,keep,not_candidate_heuristic,success,not_called,keep,,keep,deterministic_gate,False,False,fp,0.0,-1,False,keep,keep,False,,not_called,,
380,3,chair,0.350341796875,365.0,256.0,538.0,406.0,valid,strong,keep,success,success,success,keep,high,keep,llm_final_decision,False,True,tp,0.777522,3,False,keep,keep,True,duplicate_cluster,success,retrieve_same_class_image_crops,same_class_image_crops
380,4,sofa,0.294677734375,365.0,256.0,538.0,406.0,invalid,strong,drop,success,success,success,drop,high,drop,llm_final_decision,False,False,tn,0.0,-1,False,keep,drop,True,uncertain_score_band|duplicate_cluster,success,retrieve_same_class_image_crops|retrieve_class_exemplars,same_class_image_crops|class_exemplars
380,5,chair,0.1339111328125,529.0,329.0,755.0,559.0,invalid,strong,drop,success,success,success,drop,high,drop,llm_final_decision,False,False,tn,0.004488,3,False,drop,drop,True,uncertain_score_band,not_called,,
380,6,chair,0.11376953125,553.0,260.0,1088.0,583.0,invalid,strong,drop,success,success,success,drop,high,drop,llm_final_decision,False,False,tn,0.0,-1,False,drop,drop,True,uncertain_score_band|duplicate_cluster,success,retrieve_same_class_image_crops,same_class_image_crops
380,7,dog,0.11297607421875,555.0,486.0,749.0,559.0,invalid,strong,drop,success,success,success,drop,high,drop,llm_final_decision,False,False,tn,0.0,-1,False,drop,drop,True,uncertain_score_band,not_called,,
381,0,tvmonitor,0.486328125,623.0,152.0,687.0,219.0,invalid,strong,drop,success,success,success,drop,high,drop,llm_final_decision,False,False,tn,0.0,-1,False,keep,drop,True,top_score_sanity_check,not_called,,
381,1,tvmonitor,0.382080078125,407.0,243.0,470.0,312.0,invalid,strong,drop,success,success,success,drop,high,drop,llm_final_decision,False,False,tn,0.0,-1,False,keep,drop,True,top_score_sanity_check,not_called,,
381,2,tvmonitor,0.381103515625,838.0,62.0,903.0,127.0,uncertain,weak,keep,not_candidate_heuristic,success,not_called,keep,,keep,deterministic_gate,False,False,fp,0.0,-1,False,keep,keep,False,,not_called,,
381,3,tvmonitor,0.2890625,769.0,82.0,851.0,144.0,invalid,strong,drop,success,success,success,drop,high,drop,llm_final_decision,False,False,tn,0.0,-1,False,keep,drop,True,uncertain_score_band,not_called,,
381,4,tvmonitor,0.2216796875,550.0,174.0,631.0,237.0,invalid,strong,drop,success,success,success,drop,high,drop,llm_final_decision,False,False,tn,0.0,-1,False,keep,drop,True,uncertain_score_band,not_called,,
381,5,tvmonitor,0.1953125,331.0,267.0,410.0,331.0,invalid,strong,drop,success,success,success,drop,high,drop,llm_final_decision,False,False,tn,0.052326,1,False,drop,drop,True,uncertain_score_band,not_called,,
381,6,tvmonitor,0.17529296875,191.0,337.0,254.0,404.0,invalid,strong,drop,success,success,success,drop,high,drop,llm_final_decision,False,False,tn,0.0,-1,False,drop,drop,True,uncertain_score_band,not_called,,
382,0,bottle,0.362060546875,152.0,596.0,203.0,636.0,invalid,strong,drop,success,success,success,drop,high,drop,llm_final_decision,False,False,tn,0.0,-1,False,keep,drop,True,duplicate_cluster|top_score_sanity_check,success,retrieve_same_class_image_crops,same_class_image_crops
382,1,chair,0.2156982421875,639.0,537.0,640.0,598.0,unavailable,unavailable,drop,not_candidate_heuristic,success,not_called,keep,,keep,deterministic_gate,True,False,fp,0.0,-1,True,keep,keep,False,,not_called,,
382,2,person,0.2100830078125,250.0,412.0,455.0,541.0,valid,strong,keep,success,success,success,keep,high,keep,llm_final_decision,False,False,fp,0.281853,2,False,keep,keep,True,uncertain_score_band|duplicate_cluster|top_score_sanity_check,success,retrieve_same_class_image_crops|retrieve_class_exemplars,same_class_image_crops|class_exemplars
382,3,bottle,0.2059326171875,174.0,595.0,210.0,636.0,invalid,strong,drop,success,success,success,drop,high,drop,llm_final_decision,False,False,tn,0.0,-1,False,keep,drop,True,uncertain_score_band|duplicate_cluster,success,retrieve_same_class_image_crops,same_class_image_crops
382,4,person,0.191650390625,465.0,444.0,640.0,601.0,valid,strong,keep,success,success,success,keep,medium,keep,llm_final_decision,False,False,fp,0.039339,4,False,drop,keep,True,uncertain_score_band|border_touching,not_called,,
382,5,person,0.1365966796875,639.0,399.0,640.0,526.0,unavailable,unavailable,drop,not_candidate_heuristic,success,not_called,drop,,drop,deterministic_gate,True,False,tn,0.0,-1,True,drop,drop,False,,not_called,,
382,6,person,0.12188720703125,639.0,398.0,640.0,528.0,unavailable,unavailable,drop,not_candidate_heuristic,success,not_called,drop,,drop,deterministic_gate,True,False,tn,0.0,-1,True,drop,drop,False,,not_called,,
382,7,person,0.120849609375,162.0,410.0,462.0,559.0,invalid,strong,drop,success,success,success,drop,high,drop,llm_final_decision,False,False,tn,0.167703,2,False,drop,drop,True,uncertain_score_band|duplicate_cluster,success,retrieve_same_class_image_crops,same_class_image_crops
382,8,person,0.10797119140625,165.0,409.0,554.0,606.0,invalid,strong,drop,success,success,success,drop,high,drop,llm_final_decision,False,False,tn,0.097663,2,False,drop,drop,True,uncertain_score_band|duplicate_cluster,success,retrieve_same_class_image_crops,same_class_image_crops
382,9,bottle,0.10614013671875,639.0,595.0,640.0,636.0,unavailable,unavailable,drop,not_candidate_heuristic,success,not_called,drop,,drop,deterministic_gate,True,False,tn,0.0,-1,True,drop,drop,False,,not_called,,
382,10,person,0.10504150390625,553.0,444.0,640.0,536.0,invalid,strong,drop,success,success,success,drop,high,drop,llm_final_decision,False,False,tn,0.0,-1,False,drop,drop,True,uncertain_score_band|border_touching,not_called,,
382,11,person,0.10089111328125,639.0,521.0,640.0,600.0,unavailable,unavailable,drop,not_candidate_heuristic,success,not_called,drop,,drop,deterministic_gate,True,False,tn,0.0,-1,True,drop,drop,False,,not_called,,
386,0,boat,0.2432861328125,576.0,83.0,853.0,461.0,invalid,strong,drop,success,success,success,drop,high,drop,llm_final_decision,False,False,tn,0.227981,0,False,keep,drop,True,uncertain_score_band|border_touching|top_score_sanity_check,not_called,,
388,0,tvmonitor,0.36474609375,217.0,19.0,776.0,595.0,invalid,strong,drop,success,success,success,drop,high,drop,llm_final_decision,False,False,tn,0.045008,0,False,keep,drop,True,border_touching|duplicate_cluster|top_score_sanity_check,success,retrieve_same_class_image_crops|retrieve_class_exemplars,same_class_image_crops|class_exemplars
388,1,train,0.316162109375,217.0,19.0,776.0,595.0,invalid,strong,drop,success,success,success,drop,high,drop,llm_final_decision,False,False,tn,0.0,-1,False,keep,drop,True,border_touching|duplicate_cluster|top_score_sanity_check,success,retrieve_class_exemplars,class_exemplars
388,2,chair,0.24072265625,397.0,387.0,698.0,598.0,valid,strong,keep,success,success,success,keep,high,keep,llm_final_decision,False,False,fp,0.499277,1,False,keep,keep,True,uncertain_score_band|duplicate_cluster,success,retrieve_same_class_image_crops|retrieve_class_exemplars,same_class_image_crops|class_exemplars
388,3,chair,0.20849609375,396.0,391.0,545.0,601.0,valid,strong,keep,success,success,success,keep,high,keep,llm_final_decision,False,True,tp,0.853116,1,False,keep,keep,True,uncertain_score_band|duplicate_cluster,success,retrieve_same_class_image_crops|retrieve_class_exemplars,same_class_image_crops|class_exemplars
388,4,pottedplant,0.15380859375,217.0,19.0,776.0,595.0,invalid,strong,drop,success,success,success,drop,high,drop,llm_final_decision,False,False,tn,0.0,-1,False,drop,drop,True,uncertain_score_band|border_touching|duplicate_cluster,success,retrieve_same_class_image_crops|retrieve_class_exemplars,same_class_image_crops|class_exemplars
388,5,tvmonitor,0.12359619140625,311.0,249.0,428.0,423.0,valid,strong,keep,success,success,success,keep,high,keep,llm_final_decision,False,True,tp,0.525374,0,False,drop,keep,True,uncertain_score_band,not_called,,
388,6,chair,0.1121826171875,217.0,19.0,776.0,595.0,invalid,strong,drop,success,success,success,drop,high,drop,llm_final_decision,False,False,tn,0.105687,1,False,drop,drop,True,uncertain_score_band|border_touching|duplicate_cluster,success,retrieve_same_class_image_crops|retrieve_class_exemplars,same_class_image_crops|class_exemplars
390,0,car,0.88720703125,163.0,371.0,362.0,498.0,valid,strong,keep,success,success,success,keep,high,keep,llm_final_decision,False,True,tp,0.692816,0,False,keep,keep,True,top_score_sanity_check,not_called,,
390,1,pottedplant,0.356201171875,9.0,0.0,370.0,232.0,invalid,strong,drop,success,success,success,drop,high,drop,llm_final_decision,False,False,tn,0.0,-1,False,keep,drop,True,border_touching|duplicate_cluster|top_score_sanity_check,success,retrieve_same_class_image_crops|retrieve_class_exemplars,same_class_image_crops|class_exemplars
390,2,pottedplant,0.2139892578125,1.0,1.0,458.0,281.0,invalid,strong,drop,success,success,success,drop,high,drop,llm_final_decision,False,False,tn,0.0,-1,False,keep,drop,True,uncertain_score_band|border_touching|duplicate_cluster,success,retrieve_same_class_image_crops|retrieve_class_exemplars,same_class_image_crops|class_exemplars
390,3,pottedplant,0.2059326171875,585.0,60.0,842.0,300.0,invalid,strong,drop,success,success,success,drop,high,drop,llm_final_decision,False,False,tn,0.0,-1,False,keep,drop,True,uncertain_score_band|border_touching,not_called,,
390,4,pottedplant,0.12890625,59.0,0.0,511.0,229.0,invalid,strong,drop,success,success,success,drop,high,drop,llm_final_decision,False,False,tn,0.0,-1,False,drop,drop,True,uncertain_score_band|border_touching|duplicate_cluster,success,retrieve_same_class_image_crops|retrieve_class_exemplars,same_class_image_crops|class_exemplars
390,5,pottedplant,0.10595703125,1.0,1.0,842.0,640.0,invalid,strong,drop,success,success,success,drop,high,drop,llm_final_decision,False,False,tn,0.0,-1,False,drop,drop,True,uncertain_score_band|border_touching,not_called,,
395,0,tvmonitor,0.68603515625,65.0,53.0,194.0,161.0,invalid,strong,drop,success,success,success,drop,high,drop,llm_final_decision,False,False,tn,0.0,-1,False,keep,drop,True,top_score_sanity_check,not_called,,
395,1,tvmonitor,0.67822265625,560.0,210.0,684.0,298.0,valid,strong,keep,success,success,success,keep,high,keep,llm_final_decision,False,False,fp,0.315745,0,False,keep,keep,True,top_score_sanity_check,not_called,,
395,2,chair,0.62060546875,263.0,422.0,358.0,568.0,valid,strong,keep,success,success,success,keep,high,keep,llm_final_decision,False,False,fp,0.422487,2,False,keep,keep,True,duplicate_cluster,success,retrieve_same_class_image_crops,same_class_image_crops
395,3,sofa,0.32373046875,499.0,405.0,775.0,638.0,invalid,strong,drop,success,success,success,drop,high,drop,llm_final_decision,False,False,tn,0.0,-1,False,keep,drop,True,border_touching|duplicate_cluster,success,retrieve_same_class_image_crops,same_class_image_crops
395,4,pottedplant,0.297119140625,2.0,470.0,164.0,639.0,valid,strong,keep,success,success,success,keep,medium,keep,llm_final_decision,False,False,fp,0.365552,4,False,keep,keep,True,uncertain_score_band|border_touching|duplicate_cluster,success,retrieve_same_class_image_crops|retrieve_class_exemplars,same_class_image_crops|class_exemplars
395,5,chair,0.289794921875,146.0,421.0,295.0,558.0,valid,strong,keep,success,success,success,keep,medium,keep,llm_final_decision,False,False,fp,0.328871,2,False,keep,keep,True,uncertain_score_band|duplicate_cluster,success,retrieve_same_class_image_crops|retrieve_class_exemplars,same_class_image_crops|class_exemplars
395,6,chair,0.2486572265625,499.0,405.0,775.0,638.0,invalid,strong,drop,success,success,success,drop,high,drop,llm_final_decision,False,False,tn,0.0,-1,False,keep,drop,True,uncertain_score_band|border_touching|duplicate_cluster,success,retrieve_same_class_image_crops|retrieve_class_exemplars,same_class_image_crops|class_exemplars
395,7,diningtable,0.2440185546875,259.0,360.0,514.0,567.0,valid,strong,keep,success,success,success,keep,high,keep,llm_final_decision,False,True,tp,0.652837,1,False,keep,keep,True,uncertain_score_band|duplicate_cluster,success,retrieve_same_class_image_crops|retrieve_class_exemplars,same_class_image_crops|class_exemplars
395,8,chair,0.240478515625,2.0,470.0,243.0,640.0,invalid,strong,drop,success,success,success,drop,high,drop,llm_final_decision,False,True,fn,0.690946,3,False,keep,drop,True,uncertain_score_band|border_touching|duplicate_cluster,success,retrieve_same_class_image_crops,same_class_image_crops
395,9,chair,0.234375,258.0,396.0,319.0,548.0,valid,strong,keep,success,success,success,keep,medium,keep,llm_final_decision,False,True,tp,0.562642,2,False,keep,keep,True,uncertain_score_band|duplicate_cluster,success,retrieve_same_class_image_crops|retrieve_class_exemplars,same_class_image_crops|class_exemplars
395,10,pottedplant,0.2313232421875,29.0,347.0,123.0,450.0,invalid,strong,drop,success,success,success,drop,high,drop,llm_final_decision,False,False,tn,0.0,-1,False,keep,drop,True,uncertain_score_band|duplicate_cluster,success,retrieve_same_class_image_crops|retrieve_class_exemplars,same_class_image_crops|class_exemplars
395,11,diningtable,0.2216796875,157.0,356.0,678.0,564.0,invalid,strong,drop,success,success,success,drop,high,drop,llm_final_decision,False,False,tn,0.373042,1,False,keep,drop,True,uncertain_score_band|duplicate_cluster,success,retrieve_same_class_image_crops|retrieve_class_exemplars,same_class_image_crops|class_exemplars
395,12,chair,0.2147216796875,148.0,420.0,357.0,561.0,valid,strong,keep,success,success,success,keep,high,keep,llm_final_decision,False,False,fp,0.420578,2,False,keep,keep,True,uncertain_score_band|duplicate_cluster,success,retrieve_same_class_image_crops|retrieve_class_exemplars,same_class_image_crops|class_exemplars
395,13,sofa,0.1949462890625,2.0,470.0,243.0,640.0,valid,strong,keep,success,success,success,keep,medium,keep,llm_final_decision,False,False,fp,0.001671,5,False,drop,keep,True,uncertain_score_band|border_touching|duplicate_cluster,success,retrieve_same_class_image_crops|retrieve_class_exemplars,same_class_image_crops|class_exemplars
395,14,boat,0.1873779296875,393.0,92.0,544.0,265.0,valid,strong,keep,success,success,success,keep,high,keep,llm_final_decision,False,False,fp,0.0,-1,False,drop,keep,True,uncertain_score_band,not_called,,
395,15,diningtable,0.18212890625,2.0,470.0,243.0,640.0,invalid,strong,drop,success,success,success,drop,high,drop,llm_final_decision,False,False,tn,0.004949,1,False,drop,drop,True,uncertain_score_band|border_touching|duplicate_cluster,success,retrieve_same_class_image_crops|retrieve_class_exemplars,same_class_image_crops|class_exemplars
395,16,chair,0.17578125,254.0,419.0,342.0,556.0,valid,strong,keep,success,success,success,keep,high,keep,llm_final_decision,False,True,tp,0.523379,2,False,drop,keep,True,uncertain_score_band|duplicate_cluster,success,retrieve_same_class_image_crops|retrieve_class_exemplars,same_class_image_crops|class_exemplars
395,17,chair,0.1453857421875,259.0,360.0,514.0,567.0,invalid,strong,drop,success,success,success,drop,high,drop,llm_final_decision,False,False,tn,0.192275,2,False,drop,drop,True,uncertain_score_band|duplicate_cluster,success,retrieve_same_class_image_crops,same_class_image_crops
395,18,pottedplant,0.1304931640625,38.0,348.0,109.0,410.0,valid,strong,keep,success,success,success,keep,high,keep,llm_final_decision,False,False,fp,0.0,-1,False,drop,keep,True,uncertain_score_band|duplicate_cluster,success,retrieve_same_class_image_crops|retrieve_class_exemplars,same_class_image_crops|class_exemplars
395,19,tvmonitor,0.1263427734375,63.0,288.0,280.0,367.0,invalid,strong,drop,success,success,success,drop,high,drop,llm_final_decision,False,False,tn,0.0,-1,False,drop,drop,True,uncertain_score_band,not_called,,
395,20,chair,0.12103271484375,2.0,470.0,164.0,639.0,invalid,strong,drop,success,success,success,drop,high,drop,llm_final_decision,False,True,fn,0.522353,3,False,drop,drop,True,uncertain_score_band|border_touching|duplicate_cluster,success,retrieve_same_class_image_crops|retrieve_class_exemplars,same_class_image_crops|class_exemplars
395,21,chair,0.1199951171875,254.0,398.0,396.0,559.0,valid,strong,keep,success,success,success,keep,high,keep,llm_final_decision,False,False,fp,0.407695,2,False,drop,keep,True,uncertain_score_band|duplicate_cluster,success,retrieve_same_class_image_crops|retrieve_class_exemplars,same_class_image_crops|class_exemplars
395,22,person,0.118408203125,1.0,350.0,238.0,639.0,invalid,strong,drop,success,success,success,drop,high,drop,llm_final_decision,False,False,tn,0.0,-1,False,drop,drop,True,uncertain_score_band|border_touching|duplicate_cluster,success,retrieve_same_class_image_crops|retrieve_class_exemplars,same_class_image_crops|class_exemplars
395,23,diningtable,0.11737060546875,163.0,393.0,775.0,639.0,invalid,strong,drop,success,success,success,drop,high,drop,llm_final_decision,False,False,tn,0.200447,1,False,drop,drop,True,uncertain_score_band|border_touching|duplicate_cluster,success,retrieve_same_class_image_crops,same_class_image_crops
395,24,chair,0.11102294921875,252.0,403.0,367.0,632.0,valid,strong,keep,success,success,success,keep,medium,keep,llm_final_decision,False,False,fp,0.38613,2,False,drop,keep,True,uncertain_score_band|border_touching|duplicate_cluster,success,retrieve_same_class_image_crops|retrieve_class_exemplars,same_class_image_crops|class_exemplars
395,25,chair,0.10504150390625,501.0,412.0,684.0,577.0,invalid,strong,drop,success,success,success,drop,high,drop,llm_final_decision,False,False,tn,0.0,-1,False,drop,drop,True,uncertain_score_band|duplicate_cluster,success,retrieve_same_class_image_crops|retrieve_class_exemplars,same_class_image_crops|class_exemplars
395,26,chair,0.1044921875,260.0,315.0,370.0,369.0,invalid,strong,drop,success,success,success,drop,high,drop,llm_final_decision,False,False,tn,0.0,-1,False,drop,drop,True,uncertain_score_band,not_called,,
395,27,pottedplant,0.1014404296875,2.0,347.0,152.0,467.0,invalid,strong,drop,success,success,success,drop,high,drop,llm_final_decision,False,False,tn,0.005072,4,False,drop,drop,True,uncertain_score_band|border_touching|duplicate_cluster,success,retrieve_same_class_image_crops,same_class_image_crops
399,0,sheep,0.2147216796875,458.0,156.0,718.0,435.0,valid,strong,keep,success,success,success,keep,high,keep,llm_final_decision,False,False,fp,0.265283,0,False,keep,keep,True,uncertain_score_band|border_touching|top_score_sanity_check,not_called,,
399,1,person,0.21044921875,21.0,69.0,523.0,439.0,invalid,strong,drop,success,success,success,drop,high,drop,llm_final_decision,False,False,tn,0.0,-1,False,keep,drop,True,uncertain_score_band|border_touching|duplicate_cluster|top_score_sanity_check,success,retrieve_same_class_image_crops,same_class_image_crops
399,2,person,0.153564453125,22.0,76.0,306.0,440.0,invalid,strong,drop,success,success,success,drop,high,drop,llm_final_decision,False,False,tn,0.0,-1,False,drop,drop,True,uncertain_score_band|duplicate_cluster,success,retrieve_same_class_image_crops,same_class_image_crops
399,3,cow,0.1214599609375,22.0,66.0,718.0,438.0,invalid,strong,drop,success,success,success,drop,high,drop,llm_final_decision,False,False,tn,0.0,-1,False,drop,drop,True,uncertain_score_band|border_touching|duplicate_cluster,success,retrieve_same_class_image_crops|retrieve_class_exemplars,same_class_image_crops|class_exemplars
399,4,cow,0.11578369140625,22.0,76.0,306.0,440.0,invalid,strong,drop,success,success,success,drop,high,drop,llm_final_decision,False,False,tn,0.0,-1,False,drop,drop,True,uncertain_score_band|duplicate_cluster,success,retrieve_same_class_image_crops|retrieve_class_exemplars,same_class_image_crops|class_exemplars
399,5,person,0.1070556640625,3.0,65.0,714.0,638.0,invalid,strong,drop,success,success,success,drop,high,drop,llm_final_decision,False,False,tn,0.0,-1,False,drop,drop,True,uncertain_score_band|border_touching|duplicate_cluster,success,retrieve_same_class_image_crops,same_class_image_crops
400,0,bird,0.7685546875,81.0,592.0,240.0,650.0,invalid,strong,drop,success,success,success,drop,high,drop,llm_final_decision,False,False,tn,0.371924,1,False,keep,drop,True,duplicate_cluster|top_score_sanity_check,success,retrieve_same_class_image_crops,same_class_image_crops
400,1,boat,0.56396484375,376.0,365.0,640.0,662.0,valid,strong,keep,success,success,success,keep,high,keep,llm_final_decision,False,False,fp,0.363048,0,False,keep,keep,True,border_touching|duplicate_cluster|top_score_sanity_check,success,retrieve_same_class_image_crops|retrieve_class_exemplars,same_class_image_crops|class_exemplars
400,2,bottle,0.26904296875,245.0,344.0,283.0,434.0,invalid,strong,drop,success,success,success,drop,high,drop,llm_final_decision,False,False,tn,0.0,-1,False,keep,drop,True,uncertain_score_band,not_called,,
400,3,chair,0.2193603515625,376.0,365.0,640.0,662.0,invalid,strong,drop,success,success,success,drop,high,drop,llm_final_decision,False,False,tn,0.0,-1,False,keep,drop,True,uncertain_score_band|border_touching|duplicate_cluster,success,retrieve_same_class_image_crops|retrieve_class_exemplars,same_class_image_crops|class_exemplars
400,4,bird,0.11297607421875,142.0,600.0,240.0,649.0,valid,strong,keep,success,success,success,keep,high,keep,llm_final_decision,False,False,fp,0.290223,1,False,drop,keep,True,uncertain_score_band|duplicate_cluster,success,retrieve_same_class_image_crops|retrieve_class_exemplars,same_class_image_crops|class_exemplars
400,5,boat,0.10797119140625,12.0,357.0,640.0,659.0,valid,strong,keep,success,success,success,keep,high,keep,llm_final_decision,False,False,fp,0.302748,0,False,drop,keep,True,uncertain_score_band|border_touching|duplicate_cluster,success,retrieve_same_class_image_crops|retrieve_class_exemplars,same_class_image_crops|class_exemplars
404,0,tvmonitor,0.338134765625,10.0,398.0,395.0,640.0,invalid,strong,drop,success,success,success,drop,high,drop,llm_final_decision,False,False,tn,0.0,-1,False,keep,drop,True,border_touching|duplicate_cluster|top_score_sanity_check,success,retrieve_same_class_image_crops|retrieve_class_exemplars,same_class_image_crops|class_exemplars
404,1,car,0.23828125,512.0,31.0,741.0,389.0,invalid,strong,drop,success,success,success,drop,high,drop,llm_final_decision,False,False,tn,0.193401,2,False,keep,drop,True,uncertain_score_band|duplicate_cluster|top_score_sanity_check,success,retrieve_same_class_image_crops,same_class_image_crops
404,2,car,0.2313232421875,158.0,3.0,738.0,446.0,valid,strong,keep,success,success,success,keep,medium,keep,llm_final_decision,False,False,fp,0.475845,2,False,keep,keep,True,uncertain_score_band|border_touching,not_called,,
404,3,tvmonitor,0.1556396484375,380.0,380.0,809.0,640.0,invalid,strong,drop,success,success,success,drop,high,drop,llm_final_decision,False,False,tn,0.0,-1,False,drop,drop,True,uncertain_score_band|border_touching|duplicate_cluster,success,retrieve_same_class_image_crops|retrieve_class_exemplars,same_class_image_crops|class_exemplars
404,4,tvmonitor,0.1519775390625,382.0,457.0,462.0,640.0,invalid,strong,drop,success,success,success,drop,high,drop,llm_final_decision,False,False,tn,0.0,-1,False,drop,drop,True,uncertain_score_band|border_touching,not_called,,
404,5,car,0.1488037109375,10.0,398.0,395.0,640.0,valid,strong,keep,success,success,success,keep,medium,keep,llm_final_decision,False,False,fp,0.395244,0,False,drop,keep,True,uncertain_score_band|border_touching|duplicate_cluster,success,retrieve_same_class_image_crops,same_class_image_crops
404,6,tvmonitor,0.12939453125,464.0,421.0,549.0,550.0,invalid,strong,drop,success,success,success,drop,high,drop,llm_final_decision,False,False,tn,0.0,-1,False,drop,drop,True,uncertain_score_band,not_called,,
404,7,car,0.1199951171875,178.0,0.0,528.0,240.0,invalid,strong,drop,success,success,success,drop,high,drop,llm_final_decision,False,False,tn,0.400077,2,False,drop,drop,True,uncertain_score_band|border_touching,not_called,,
404,8,cow,0.10687255859375,380.0,380.0,809.0,640.0,invalid,strong,drop,success,success,success,drop,high,drop,llm_final_decision,False,False,tn,0.0,-1,False,drop,drop,True,uncertain_score_band|border_touching|duplicate_cluster,success,retrieve_same_class_image_crops|retrieve_class_exemplars,same_class_image_crops|class_exemplars
404,9,bus,0.10302734375,512.0,31.0,741.0,389.0,invalid,strong,drop,success,success,success,drop,high,drop,llm_final_decision,False,False,tn,0.0,-1,False,drop,drop,True,uncertain_score_band|duplicate_cluster,success,retrieve_same_class_image_crops|retrieve_class_exemplars,same_class_image_crops|class_exemplars
405,0,aeroplane,0.277587890625,31.0,211.0,672.0,506.0,invalid,strong,drop,success,success,success,drop,high,drop,llm_final_decision,False,False,tn,0.0,-1,False,keep,drop,True,uncertain_score_band|border_touching|duplicate_cluster|top_score_sanity_check,success,retrieve_same_class_image_crops|retrieve_class_exemplars,same_class_image_crops|class_exemplars
405,1,aeroplane,0.218017578125,28.0,208.0,672.0,640.0,invalid,strong,drop,success,success,success,drop,high,drop,llm_final_decision,False,False,tn,0.0,-1,False,keep,drop,True,uncertain_score_band|border_touching|duplicate_cluster|top_score_sanity_check,success,retrieve_same_class_image_crops|retrieve_class_exemplars,same_class_image_crops|class_exemplars
405,2,aeroplane,0.18896484375,29.0,31.0,672.0,509.0,invalid,strong,drop,success,success,success,drop,high,drop,llm_final_decision,False,False,tn,0.0,-1,False,drop,drop,True,uncertain_score_band|border_touching|duplicate_cluster,success,retrieve_same_class_image_crops|retrieve_class_exemplars,same_class_image_crops|class_exemplars
409,0,car,0.4638671875,160.0,523.0,437.0,640.0,invalid,strong,drop,success,success,success,drop,high,drop,llm_final_decision,False,False,tn,0.130982,0,False,keep,drop,True,border_touching|duplicate_cluster|top_score_sanity_check,success,retrieve_same_class_image_crops,same_class_image_crops
409,1,car,0.382080078125,602.0,489.0,684.0,582.0,invalid,strong,drop,success,success,success,drop,high,drop,llm_final_decision,False,False,tn,0.0,-1,False,keep,drop,True,top_score_sanity_check,not_called,,
409,2,car,0.1485595703125,245.0,523.0,429.0,627.0,invalid,strong,drop,success,success,success,drop,high,drop,llm_final_decision,False,False,tn,0.145683,0,False,drop,drop,True,uncertain_score_band|border_touching|duplicate_cluster,success,retrieve_same_class_image_crops,same_class_image_crops
411,0,boat,0.1634521484375,25.0,16.0,640.0,653.0,invalid,strong,drop,success,success,success,drop,high,drop,llm_final_decision,False,False,tn,0.0,-1,False,drop,drop,True,uncertain_score_band|border_touching|top_score_sanity_check,not_called,,
411,1,chair,0.10247802734375,405.0,506.0,563.0,587.0,invalid,strong,drop,success,success,success,drop,high,drop,llm_final_decision,False,False,tn,0.0,-1,False,drop,drop,True,uncertain_score_band|top_score_sanity_check,not_called,,
412,0,person,0.65234375,798.0,136.0,875.0,243.0,invalid,strong,drop,success,success,success,drop,high,drop,llm_final_decision,False,False,tn,0.084923,0,False,keep,drop,True,border_touching|duplicate_cluster|top_score_sanity_check,success,retrieve_same_class_image_crops,same_class_image_crops
412,1,train,0.267333984375,0.0,0.0,499.0,640.0,valid,strong,keep,success,success,success,keep,medium,keep,llm_final_decision,False,False,fp,0.0,-1,False,keep,keep,True,uncertain_score_band|border_touching|duplicate_cluster|top_score_sanity_check,success,retrieve_same_class_image_crops|retrieve_class_exemplars,same_class_image_crops|class_exemplars
412,2,person,0.202392578125,778.0,132.0,883.0,312.0,invalid,strong,drop,success,success,success,drop,high,drop,llm_final_decision,False,False,tn,0.126638,0,False,keep,drop,True,uncertain_score_band|border_touching|duplicate_cluster,success,retrieve_same_class_image_crops,same_class_image_crops
412,3,train,0.1702880859375,1.0,4.0,883.0,640.0,invalid,strong,drop,success,success,success,drop,high,drop,llm_final_decision,False,False,tn,0.0,-1,False,drop,drop,True,uncertain_score_band|border_touching|duplicate_cluster,success,retrieve_same_class_image_crops|retrieve_class_exemplars,same_class_image_crops|class_exemplars
412,4,person,0.1427001953125,744.0,132.0,879.0,361.0,invalid,strong,drop,success,success,success,drop,high,drop,llm_final_decision,False,False,tn,0.202785,0,False,drop,drop,True,uncertain_score_band|border_touching|duplicate_cluster,success,retrieve_same_class_image_crops,same_class_image_crops
412,5,person,0.11962890625,801.0,134.0,879.0,309.0,invalid,strong,drop,success,success,success,drop,high,drop,llm_final_decision,False,False,tn,0.051965,0,False,drop,drop,True,uncertain_score_band|border_touching|duplicate_cluster,success,retrieve_same_class_image_crops|retrieve_class_exemplars,same_class_image_crops|class_exemplars
413,0,chair,0.30029296875,397.0,236.0,607.0,494.0,invalid,strong,drop,success,success,success,drop,high,drop,llm_final_decision,False,False,tn,0.0,-1,False,keep,drop,True,duplicate_cluster|top_score_sanity_check,success,retrieve_same_class_image_crops,same_class_image_crops
413,1,bottle,0.279052734375,754.0,149.0,783.0,202.0,valid,strong,keep,success,success,success,keep,high,keep,llm_final_decision,False,True,tp,0.551796,2,False,keep,keep,True,uncertain_score_band|small_box|top_score_sanity_check,not_called,,
413,2,bottle,0.23681640625,730.0,147.0,753.0,195.0,valid,strong,keep,success,success,success,keep,high,keep,llm_final_decision,False,True,tp,0.515622,1,False,keep,keep,True,uncertain_score_band|small_box,not_called,,
413,3,bottle,0.174072265625,586.0,346.0,619.0,487.0,valid,strong,keep,success,success,success,keep,high,keep,llm_final_decision,False,False,fp,0.0,-1,False,drop,keep,True,uncertain_score_band,not_called,,
413,4,chair,0.138671875,286.0,362.0,453.0,493.0,invalid,strong,drop,success,success,success,drop,high,drop,llm_final_decision,False,False,tn,0.0,-1,False,drop,drop,True,uncertain_score_band,not_called,,
413,5,chair,0.132568359375,665.0,17.0,841.0,205.0,invalid,strong,drop,success,success,success,drop,high,drop,llm_final_decision,False,False,tn,0.0,-1,False,drop,drop,True,uncertain_score_band|border_touching,not_called,,
413,6,boat,0.12213134765625,0.0,181.0,265.0,598.0,invalid,strong,drop,success,success,success,drop,high,drop,llm_final_decision,False,False,tn,0.0,-1,False,drop,drop,True,uncertain_score_band|border_touching,not_called,,
413,7,diningtable,0.1134033203125,397.0,236.0,607.0,494.0,invalid,strong,drop,success,success,success,drop,high,drop,llm_final_decision,False,False,tn,0.0,-1,False,drop,drop,True,uncertain_score_band|duplicate_cluster,success,retrieve_same_class_image_crops,same_class_image_crops
413,8,chair,0.10052490234375,395.0,239.0,479.0,494.0,invalid,strong,drop,success,success,success,drop,high,drop,llm_final_decision,False,False,tn,0.0,-1,False,drop,drop,True,uncertain_score_band,not_called,,
414,0,chair,0.59619140625,609.0,209.0,640.0,636.0,invalid,strong,drop,success,success,success,drop,high,drop,llm_final_decision,False,False,tn,0.009259,1,False,keep,drop,True,border_touching|small_box|top_score_sanity_check,not_called,,
414,1,chair,0.350341796875,21.0,38.0,548.0,634.0,invalid,strong,drop,success,success,success,drop,high,drop,llm_final_decision,False,False,tn,0.106166,3,False,keep,drop,True,border_touching|duplicate_cluster|top_score_sanity_check,success,retrieve_same_class_image_crops|retrieve_class_exemplars,same_class_image_crops|class_exemplars
414,2,chair,0.294921875,639.0,458.0,640.0,635.0,unavailable,unavailable,drop,not_candidate_heuristic,success,not_called,keep,,keep,deterministic_gate,True,False,fp,0.0,-1,True,keep,keep,False,,not_called,,
414,3,dog,0.282958984375,15.0,97.0,190.0,243.0,invalid,strong,drop,success,success,success,drop,high,drop,llm_final_decision,False,False,tn,0.0,-1,False,keep,drop,True,uncertain_score_band|border_touching|duplicate_cluster,success,retrieve_same_class_image_crops|retrieve_class_exemplars,same_class_image_crops|class_exemplars
414,4,chair,0.2147216796875,24.0,94.0,430.0,635.0,invalid,strong,drop,success,success,success,drop,high,drop,llm_final_decision,False,False,tn,0.151547,3,False,keep,drop,True,uncertain_score_band|border_touching|duplicate_cluster,success,retrieve_same_class_image_crops,same_class_image_crops
414,5,dog,0.201171875,14.0,38.0,442.0,263.0,invalid,strong,drop,success,success,success,drop,high,drop,llm_final_decision,False,False,tn,0.025621,0,False,keep,drop,True,uncertain_score_band|border_touching|duplicate_cluster,success,retrieve_same_class_image_crops,same_class_image_crops
414,6,cat,0.1373291015625,15.0,97.0,190.0,243.0,invalid,strong,drop,success,success,success,drop,high,drop,llm_final_decision,False,False,tn,0.0,-1,False,drop,drop,True,uncertain_score_band|border_touching|duplicate_cluster,success,retrieve_same_class_image_crops,same_class_image_crops
414,7,cat,0.1361083984375,14.0,38.0,442.0,263.0,invalid,strong,drop,success,success,success,drop,high,drop,llm_final_decision,False,False,tn,0.0,-1,False,drop,drop,True,uncertain_score_band|border_touching|duplicate_cluster,success,retrieve_same_class_image_crops,same_class_image_crops
414,8,cow,0.13232421875,14.0,38.0,442.0,263.0,invalid,strong,drop,success,success,success,drop,high,drop,llm_final_decision,False,False,tn,0.0,-1,False,drop,drop,True,uncertain_score_band|border_touching|duplicate_cluster,success,retrieve_same_class_image_crops|retrieve_class_exemplars,same_class_image_crops|class_exemplars
414,9,person,0.125244140625,21.0,38.0,548.0,634.0,invalid,strong,drop,success,success,success,drop,high,drop,llm_final_decision,False,True,fn,0.60352,2,False,drop,drop,True,uncertain_score_band|border_touching|duplicate_cluster,success,retrieve_same_class_image_crops,same_class_image_crops
414,10,chair,0.123779296875,639.0,343.0,640.0,636.0,unavailable,unavailable,drop,not_candidate_heuristic,success,not_called,drop,,drop,deterministic_gate,True,False,tn,0.0,-1,True,drop,drop,False,,not_called,,
414,11,diningtable,0.1048583984375,35.0,375.0,640.0,636.0,invalid,strong,drop,success,success,success,drop,high,drop,llm_final_decision,False,False,tn,0.364447,4,False,drop,drop,True,uncertain_score_band|border_touching|duplicate_cluster,success,retrieve_same_class_image_crops,same_class_image_crops
414,12,dog,0.10394287109375,16.0,96.0,316.0,244.0,invalid,strong,drop,success,success,success,drop,high,drop,llm_final_decision,False,False,tn,0.0,-1,False,drop,drop,True,uncertain_score_band|border_touching|duplicate_cluster,success,retrieve_same_class_image_crops|retrieve_class_exemplars,same_class_image_crops|class_exemplars
414,13,chair,0.10174560546875,301.0,208.0,640.0,637.0,invalid,strong,drop,success,success,success,drop,high,drop,llm_final_decision,False,False,tn,0.088834,1,False,drop,drop,True,uncertain_score_band|border_touching|duplicate_cluster,success,retrieve_same_class_image_crops|retrieve_class_exemplars,same_class_image_crops|class_exemplars
417,0,person,0.222412109375,275.0,41.0,548.0,585.0,valid,strong,keep,success,success,success,keep,high,keep,llm_final_decision,False,True,tp,0.578485,1,False,keep,keep,True,uncertain_score_band|duplicate_cluster|top_score_sanity_check,success,retrieve_same_class_image_crops|retrieve_class_exemplars,same_class_image_crops|class_exemplars
417,1,bicycle,0.17919921875,276.0,55.0,800.0,583.0,invalid,strong,drop,success,success,success,drop,high,drop,llm_final_decision,False,False,tn,0.0,-1,False,drop,drop,True,uncertain_score_band|border_touching|duplicate_cluster|top_score_sanity_check,success,retrieve_same_class_image_crops|retrieve_class_exemplars,same_class_image_crops|class_exemplars
417,2,chair,0.175537109375,276.0,55.0,800.0,583.0,invalid,strong,drop,success,success,success,drop,high,drop,llm_final_decision,False,False,tn,0.101902,2,False,drop,drop,True,uncertain_score_band|border_touching|duplicate_cluster,success,retrieve_same_class_image_crops|retrieve_class_exemplars,same_class_image_crops|class_exemplars
417,3,chair,0.17529296875,275.0,41.0,548.0,585.0,invalid,strong,drop,success,success,success,drop,high,drop,llm_final_decision,False,False,tn,0.349808,2,False,drop,drop,True,uncertain_score_band|duplicate_cluster,success,retrieve_same_class_image_crops|retrieve_class_exemplars,same_class_image_crops|class_exemplars
421,0,bird,0.1983642578125,114.0,542.0,323.0,575.0,invalid,strong,drop,success,success,success,drop,high,drop,llm_final_decision,False,False,tn,0.0,-1,False,drop,drop,True,uncertain_score_band|top_score_sanity_check,not_called,,
421,1,person,0.158447265625,282.0,10.0,873.0,556.0,invalid,strong,drop,success,success,success,drop,high,drop,llm_final_decision,False,False,tn,0.021949,1,False,drop,drop,True,uncertain_score_band|border_touching|top_score_sanity_check,not_called,,
423,0,pottedplant,0.4951171875,49.0,282.0,304.0,538.0,valid,strong,keep,success,success,success,keep,high,keep,llm_final_decision,False,False,fp,0.375189,0,False,keep,keep,True,top_score_sanity_check,not_called,,
423,1,pottedplant,0.4140625,217.0,209.0,579.0,602.0,invalid,strong,drop,success,success,success,drop,high,drop,llm_final_decision,False,False,tn,0.451782,1,False,keep,drop,True,duplicate_cluster|top_score_sanity_check,success,retrieve_same_class_image_crops,same_class_image_crops
423,2,pottedplant,0.1163330078125,211.0,335.0,561.0,602.0,valid,strong,keep,success,success,success,keep,high,keep,llm_final_decision,False,False,fp,0.408352,1,False,drop,keep,True,uncertain_score_band|duplicate_cluster,success,retrieve_same_class_image_crops|retrieve_class_exemplars,same_class_image_crops|class_exemplars
424,0,boat,0.3349609375,1192.0,233.0,1259.0,432.0,invalid,strong,drop,success,success,success,drop,high,drop,llm_final_decision,False,False,tn,0.0,-1,False,keep,drop,True,border_touching|top_score_sanity_check,not_called,,
424,1,aeroplane,0.167236328125,849.0,360.0,1006.0,437.0,invalid,strong,drop,success,success,success,drop,high,drop,llm_final_decision,False,False,tn,0.0,-1,False,drop,drop,True,uncertain_score_band|top_score_sanity_check,not_called,,
424,2,pottedplant,0.11859130859375,13.0,209.0,343.0,433.0,valid,strong,keep,success,success,success,keep,high,keep,llm_final_decision,False,False,fp,0.0,-1,False,drop,keep,True,uncertain_score_band|border_touching,not_called,,
427,0,bicycle,0.8828125,176.0,306.0,640.0,556.0,valid,strong,keep,success,success,success,keep,high,keep,llm_final_decision,False,False,fp,0.439353,0,False,keep,keep,True,border_touching|duplicate_cluster|top_score_sanity_check,success,retrieve_same_class_image_crops|retrieve_class_exemplars,same_class_image_crops|class_exemplars
427,1,person,0.8818359375,303.0,119.0,640.0,533.0,invalid,strong,drop,success,success,success,drop,high,drop,llm_final_decision,False,False,tn,0.373703,3,False,keep,drop,True,border_touching|duplicate_cluster|top_score_sanity_check,success,retrieve_same_class_image_crops,same_class_image_crops
427,2,person,0.5234375,639.0,375.0,640.0,512.0,unavailable,unavailable,drop,not_candidate_heuristic,success,not_called,keep,,keep,deterministic_gate,True,False,fp,0.0,-1,True,keep,keep,False,,not_called,,
427,3,bicycle,0.294189453125,639.0,433.0,640.0,523.0,unavailable,unavailable,drop,not_candidate_heuristic,success,not_called,keep,,keep,deterministic_gate,True,False,fp,0.0,-1,True,keep,keep,False,,not_called,,
427,4,motorbike,0.169677734375,639.0,433.0,640.0,523.0,unavailable,unavailable,drop,not_candidate_heuristic,success,not_called,drop,,drop,deterministic_gate,True,False,tn,0.0,-1,True,drop,drop,False,,not_called,,
427,5,person,0.1497802734375,639.0,376.0,640.0,519.0,unavailable,unavailable,drop,not_candidate_heuristic,success,not_called,drop,,drop,deterministic_gate,True,False,tn,0.0,-1,True,drop,drop,False,,not_called,,
429,0,pottedplant,0.62451171875,665.0,384.0,739.0,466.0,valid,strong,keep,success,success,success,keep,high,keep,llm_final_decision,False,False,fp,0.323008,2,False,keep,keep,True,top_score_sanity_check,not_called,,
429,1,pottedplant,0.41015625,763.0,322.0,782.0,505.0,invalid,strong,drop,success,success,success,drop,high,drop,llm_final_decision,False,False,tn,0.021401,2,False,keep,drop,True,border_touching|small_box|duplicate_cluster|top_score_sanity_check,success,retrieve_same_class_image_crops,same_class_image_crops
429,2,pottedplant,0.374755859375,607.0,413.0,660.0,464.0,uncertain,weak,keep,not_candidate_heuristic,success,not_called,keep,,keep,deterministic_gate,False,False,fp,0.210292,1,False,keep,keep,False,,not_called,,
429,3,bottle,0.2322998046875,212.0,1.0,262.0,117.0,invalid,strong,drop,success,success,success,drop,high,drop,llm_final_decision,False,False,tn,0.0,-1,False,keep,drop,True,uncertain_score_band|border_touching,not_called,,
429,4,chair,0.19189453125,2.0,399.0,247.0,625.0,invalid,strong,drop,success,success,success,drop,high,drop,llm_final_decision,False,False,tn,0.0,-1,False,drop,drop,True,uncertain_score_band|border_touching|duplicate_cluster,success,retrieve_same_class_image_crops,same_class_image_crops
429,5,chair,0.1842041015625,697.0,585.0,744.0,640.0,invalid,strong,drop,success,success,success,drop,high,drop,llm_final_decision,False,False,tn,0.0,-1,False,drop,drop,True,uncertain_score_band|border_touching|duplicate_cluster,success,retrieve_same_class_image_crops|retrieve_class_exemplars,same_class_image_crops|class_exemplars
429,6,chair,0.182373046875,691.0,585.0,782.0,640.0,invalid,strong,drop,success,success,success,drop,high,drop,llm_final_decision,False,False,tn,0.0,-1,False,drop,drop,True,uncertain_score_band|border_touching|duplicate_cluster,success,retrieve_same_class_image_crops|retrieve_class_exemplars,same_class_image_crops|class_exemplars
429,7,bottle,0.171630859375,536.0,576.0,559.0,600.0,invalid,strong,drop,success,success,success,drop,high,drop,llm_final_decision,False,False,tn,0.0,-1,False,drop,drop,True,uncertain_score_band|small_box,not_called,,
429,8,diningtable,0.164794921875,698.0,589.0,782.0,639.0,invalid,strong,drop,success,success,success,drop,high,drop,llm_final_decision,False,False,tn,0.0,-1,False,drop,drop,True,uncertain_score_band|border_touching|duplicate_cluster,success,retrieve_same_class_image_crops|retrieve_class_exemplars,same_class_image_crops|class_exemplars
429,9,chair,0.1610107421875,699.0,592.0,782.0,640.0,invalid,strong,drop,success,success,success,drop,high,drop,llm_final_decision,False,False,tn,0.0,-1,False,drop,drop,True,uncertain_score_band|border_touching|duplicate_cluster,success,retrieve_same_class_image_crops,same_class_image_crops
429,10,bicycle,0.1512451171875,482.0,582.0,555.0,640.0,invalid,strong,drop,success,success,success,drop,high,drop,llm_final_decision,False,False,tn,0.0,-1,False,drop,drop,True,uncertain_score_band|border_touching,not_called,,
429,11,chair,0.1461181640625,697.0,590.0,782.0,639.0,invalid,strong,drop,success,success,success,drop,high,drop,llm_final_decision,False,False,tn,0.0,-1,False,drop,drop,True,uncertain_score_band|border_touching|duplicate_cluster,success,retrieve_same_class_image_crops|retrieve_class_exemplars,same_class_image_crops|class_exemplars
429,12,chair,0.1446533203125,781.0,588.0,782.0,638.0,unavailable,unavailable,drop,not_candidate_heuristic,success,not_called,drop,,drop,deterministic_gate,True,False,tn,0.0,-1,True,drop,drop,False,,not_called,,
429,13,chair,0.1424560546875,645.0,582.0,747.0,640.0,invalid,strong,drop,success,success,success,drop,high,drop,llm_final_decision,False,False,tn,0.0,-1,False,drop,drop,True,uncertain_score_band|border_touching|duplicate_cluster,success,retrieve_same_class_image_crops|retrieve_class_exemplars,same_class_image_crops|class_exemplars
429,14,chair,0.1378173828125,732.0,600.0,782.0,640.0,invalid,strong,drop,success,success,success,drop,high,drop,llm_final_decision,False,False,tn,0.0,-1,False,drop,drop,True,uncertain_score_band|border_touching|duplicate_cluster,success,retrieve_same_class_image_crops|retrieve_class_exemplars,same_class_image_crops|class_exemplars
429,15,chair,0.1370849609375,660.0,588.0,782.0,640.0,invalid,strong,drop,success,success,success,drop,high,drop,llm_final_decision,False,False,tn,0.0,-1,False,drop,drop,True,uncertain_score_band|border_touching|duplicate_cluster,success,retrieve_same_class_image_crops|retrieve_class_exemplars,same_class_image_crops|class_exemplars
429,16,chair,0.1363525390625,1.0,402.0,45.0,626.0,invalid,strong,drop,success,success,success,drop,high,drop,llm_final_decision,False,False,tn,0.0,-1,False,drop,drop,True,uncertain_score_band|border_touching,not_called,,
429,17,pottedplant,0.1260986328125,761.0,320.0,782.0,587.0,invalid,strong,drop,success,success,success,drop,high,drop,llm_final_decision,False,False,tn,0.021423,2,False,drop,drop,True,uncertain_score_band|border_touching|small_box|duplicate_cluster,success,retrieve_same_class_image_crops|retrieve_class_exemplars,same_class_image_crops|class_exemplars
429,18,pottedplant,0.12420654296875,567.0,426.0,603.0,466.0,valid,medium,keep,success,success,success,keep,medium,keep,llm_final_decision,False,False,fp,0.227177,1,False,drop,keep,True,uncertain_score_band,not_called,,
429,19,chair,0.1104736328125,781.0,533.0,782.0,638.0,unavailable,unavailable,drop,not_candidate_heuristic,success,not_called,drop,,drop,deterministic_gate,True,False,tn,0.0,-1,True,drop,drop,False,,not_called,,
429,20,pottedplant,0.1014404296875,767.0,456.0,782.0,505.0,unavailable,unavailable,drop,not_candidate_heuristic,success,not_called,drop,,drop,deterministic_gate,True,False,tn,0.002291,2,True,drop,drop,False,,not_called,,
429,21,sofa,0.10015869140625,2.0,399.0,247.0,625.0,invalid,strong,drop,success,success,success,drop,high,drop,llm_final_decision,False,False,tn,0.0,-1,False,drop,drop,True,uncertain_score_band|border_touching|duplicate_cluster,success,retrieve_same_class_image_crops|retrieve_class_exemplars,same_class_image_crops|class_exemplars
430,0,chair,0.448486328125,625.0,186.0,646.0,331.0,invalid,strong,drop,success,success,success,drop,high,drop,llm_final_decision,False,False,tn,0.0,-1,False,keep,drop,True,border_touching|small_box|duplicate_cluster|top_score_sanity_check,success,retrieve_same_class_image_crops|retrieve_class_exemplars,same_class_image_crops|class_exemplars
430,1,aeroplane,0.373779296875,259.0,364.0,551.0,564.0,valid,strong,keep,success,success,success,keep,high,keep,llm_final_decision,False,False,fp,0.374128,0,False,keep,keep,True,duplicate_cluster|top_score_sanity_check,success,retrieve_same_class_image_crops|retrieve_class_exemplars,same_class_image_crops|class_exemplars
430,2,chair,0.2247314453125,259.0,364.0,551.0,564.0,invalid,strong,drop,success,success,success,drop,high,drop,llm_final_decision,False,False,tn,0.0,-1,False,keep,drop,True,uncertain_score_band|duplicate_cluster,success,retrieve_same_class_image_crops,same_class_image_crops
430,3,chair,0.206298828125,58.0,204.0,245.0,416.0,invalid,strong,drop,success,success,success,drop,high,drop,llm_final_decision,False,False,tn,0.0,-1,False,keep,drop,True,uncertain_score_band|duplicate_cluster,success,retrieve_same_class_image_crops|retrieve_class_exemplars,same_class_image_crops|class_exemplars
430,4,chair,0.19677734375,40.0,202.0,296.0,432.0,invalid,strong,drop,success,success,success,drop,high,drop,llm_final_decision,False,False,tn,0.0,-1,False,drop,drop,True,uncertain_score_band|duplicate_cluster,success,retrieve_same_class_image_crops|retrieve_class_exemplars,same_class_image_crops|class_exemplars
430,5,aeroplane,0.135498046875,625.0,186.0,646.0,331.0,invalid,strong,drop,success,success,success,drop,high,drop,llm_final_decision,False,False,tn,0.0,-1,False,drop,drop,True,uncertain_score_band|border_touching|small_box|duplicate_cluster,success,retrieve_same_class_image_crops|retrieve_class_exemplars,same_class_image_crops|class_exemplars
430,6,aeroplane,0.11737060546875,472.0,440.0,646.0,624.0,valid,strong,keep,success,success,success,keep,high,keep,llm_final_decision,False,False,fp,0.181578,3,False,drop,keep,True,uncertain_score_band|border_touching,not_called,,
430,7,chair,0.10015869140625,30.0,78.0,310.0,433.0,invalid,strong,drop,success,success,success,drop,high,drop,llm_final_decision,False,False,tn,0.0,-1,False,drop,drop,True,uncertain_score_band|duplicate_cluster,success,retrieve_same_class_image_crops|retrieve_class_exemplars,same_class_image_crops|class_exemplars
431,0,aeroplane,0.77734375,461.0,1.0,756.0,179.0,valid,strong,keep,success,success,success,keep,high,keep,llm_final_decision,False,True,tp,0.708486,0,False,keep,keep,True,border_touching|duplicate_cluster|top_score_sanity_check,success,retrieve_same_class_image_crops|retrieve_class_exemplars,same_class_image_crops|class_exemplars
431,1,aeroplane,0.498046875,119.0,4.0,402.0,140.0,invalid,strong,drop,success,success,success,drop,high,drop,llm_final_decision,False,False,tn,0.350219,1,False,keep,drop,True,border_touching|duplicate_cluster|top_score_sanity_check,success,retrieve_same_class_image_crops|retrieve_class_exemplars,same_class_image_crops|class_exemplars
431,2,aeroplane,0.39892578125,120.0,4.0,293.0,72.0,valid,strong,keep,success,success,success,keep,high,keep,llm_final_decision,False,True,tp,0.785918,1,False,keep,keep,True,border_touching,not_called,,
431,3,boat,0.374755859375,556.0,450.0,900.0,602.0,invalid,strong,drop,success,success,success,drop,high,drop,llm_final_decision,False,False,tn,0.0,-1,False,keep,drop,True,border_touching|duplicate_cluster,success,retrieve_same_class_image_crops,same_class_image_crops
431,4,aeroplane,0.290283203125,461.0,1.0,900.0,179.0,valid,strong,keep,success,success,success,keep,high,keep,llm_final_decision,False,True,tp,0.511221,0,False,keep,keep,True,uncertain_score_band|border_touching|duplicate_cluster,success,retrieve_same_class_image_crops|retrieve_class_exemplars,same_class_image_crops|class_exemplars
431,5,boat,0.287841796875,105.0,545.0,695.0,636.0,invalid,strong,drop,success,success,success,drop,high,drop,llm_final_decision,False,False,tn,0.0,-1,False,keep,drop,True,uncertain_score_band|border_touching|duplicate_cluster,success,retrieve_same_class_image_crops,same_class_image_crops
431,6,aeroplane,0.28173828125,0.0,3.0,403.0,173.0,invalid,strong,drop,success,success,success,drop,high,drop,llm_final_decision,False,False,tn,0.207198,1,False,keep,drop,True,uncertain_score_band|border_touching|duplicate_cluster,success,retrieve_same_class_image_crops,same_class_image_crops
431,7,boat,0.239013671875,563.0,547.0,694.0,601.0,invalid,strong,drop,success,success,success,drop,high,drop,llm_final_decision,False,False,tn,0.0,-1,False,keep,drop,True,uncertain_score_band,not_called,,
431,8,boat,0.226806640625,104.0,470.0,693.0,636.0,invalid,strong,drop,success,success,success,drop,high,drop,llm_final_decision,False,False,tn,0.0,-1,False,keep,drop,True,uncertain_score_band|border_touching|duplicate_cluster,success,retrieve_same_class_image_crops,same_class_image_crops
431,9,boat,0.20751953125,723.0,448.0,900.0,600.0,invalid,strong,drop,success,success,success,drop,high,drop,llm_final_decision,False,False,tn,0.0,-1,False,keep,drop,True,uncertain_score_band|border_touching|duplicate_cluster,success,retrieve_same_class_image_crops,same_class_image_crops
431,10,boat,0.1766357421875,563.0,489.0,810.0,602.0,invalid,strong,drop,success,success,success,drop,high,drop,llm_final_decision,False,False,tn,0.0,-1,False,drop,drop,True,uncertain_score_band|duplicate_cluster,success,retrieve_same_class_image_crops,same_class_image_crops
431,11,aeroplane,0.1422119140625,119.0,2.0,755.0,135.0,invalid,strong,drop,success,success,success,drop,high,drop,llm_final_decision,False,False,tn,0.395004,0,False,drop,drop,True,uncertain_score_band|border_touching|duplicate_cluster,success,retrieve_same_class_image_crops|retrieve_class_exemplars,same_class_image_crops|class_exemplars
431,12,aeroplane,0.1409912109375,121.0,55.0,403.0,134.0,valid,strong,keep,success,success,success,keep,high,keep,llm_final_decision,False,False,fp,0.473527,2,False,drop,keep,True,uncertain_score_band|duplicate_cluster,success,retrieve_same_class_image_crops|retrieve_class_exemplars,same_class_image_crops|class_exemplars
431,13,boat,0.1370849609375,433.0,475.0,687.0,521.0,invalid,strong,drop,success,success,success,drop,high,drop,llm_final_decision,False,False,tn,0.0,-1,False,drop,drop,True,uncertain_score_band,not_called,,
431,14,aeroplane,0.125732421875,1.0,155.0,898.0,354.0,invalid,strong,drop,success,success,success,drop,high,drop,llm_final_decision,False,False,tn,0.0,-1,False,drop,drop,True,uncertain_score_band|border_touching|duplicate_cluster,success,retrieve_same_class_image_crops|retrieve_class_exemplars,same_class_image_crops|class_exemplars
431,15,aeroplane,0.110107421875,0.0,1.0,393.0,142.0,invalid,strong,drop,success,success,success,drop,high,drop,llm_final_decision,False,False,tn,0.217358,1,False,drop,drop,True,uncertain_score_band|border_touching|duplicate_cluster,success,retrieve_same_class_image_crops|retrieve_class_exemplars,same_class_image_crops|class_exemplars
431,16,car,0.10540771484375,605.0,473.0,686.0,518.0,valid,strong,keep,success,success,success,keep,high,keep,llm_final_decision,False,True,tp,0.76229,13,False,drop,keep,True,uncertain_score_band|duplicate_cluster,success,retrieve_same_class_image_crops|retrieve_class_exemplars,same_class_image_crops|class_exemplars
431,17,aeroplane,0.10430908203125,199.0,131.0,900.0,355.0,valid,strong,keep,success,success,success,keep,high,keep,llm_final_decision,False,False,fp,0.021878,0,False,drop,keep,True,uncertain_score_band|border_touching|duplicate_cluster,success,retrieve_same_class_image_crops|retrieve_class_exemplars,same_class_image_crops|class_exemplars
431,18,boat,0.10302734375,605.0,473.0,686.0,518.0,invalid,strong,drop,success,success,success,drop,high,drop,llm_final_decision,False,False,tn,0.0,-1,False,drop,drop,True,uncertain_score_band|duplicate_cluster,success,retrieve_same_class_image_crops,same_class_image_crops
431,19,boat,0.10284423828125,310.0,461.0,899.0,520.0,invalid,strong,drop,success,success,success,drop,high,drop,llm_final_decision,False,False,tn,0.0,-1,False,drop,drop,True,uncertain_score_band|border_touching,not_called,,
431,20,aeroplane,0.1014404296875,188.0,209.0,329.0,293.0,valid,strong,keep,success,success,success,keep,high,keep,llm_final_decision,False,False,fp,0.0,-1,False,drop,keep,True,uncertain_score_band,not_called,,
431,21,boat,0.10015869140625,443.0,474.0,695.0,603.0,invalid,strong,drop,success,success,success,drop,high,drop,llm_final_decision,False,False,tn,0.0,-1,False,drop,drop,True,uncertain_score_band,not_called,,
433,0,person,0.6376953125,639.0,142.0,640.0,534.0,unavailable,unavailable,drop,not_candidate_heuristic,success,not_called,keep,,keep,deterministic_gate,True,False,fp,0.0,-1,True,keep,keep,False,,not_called,,
433,1,person,0.27001953125,198.0,127.0,640.0,281.0,invalid,strong,drop,success,success,success,drop,high,drop,llm_final_decision,False,False,tn,0.273948,1,False,keep,drop,True,uncertain_score_band|border_touching|duplicate_cluster|top_score_sanity_check,success,retrieve_same_class_image_crops,same_class_image_crops
433,2,person,0.2410888671875,231.0,128.0,630.0,247.0,invalid,strong,drop,success,success,success,drop,high,drop,llm_final_decision,False,False,tn,0.233241,1,False,keep,drop,True,uncertain_score_band|border_touching|duplicate_cluster|top_score_sanity_check,success,retrieve_same_class_image_crops|retrieve_class_exemplars,same_class_image_crops|class_exemplars
433,3,chair,0.191650390625,371.0,162.0,639.0,220.0,invalid,strong,drop,success,success,success,drop,high,drop,llm_final_decision,False,False,tn,0.0,-1,False,drop,drop,True,uncertain_score_band|border_touching|duplicate_cluster,success,retrieve_same_class_image_crops|retrieve_class_exemplars,same_class_image_crops|class_exemplars
433,4,chair,0.129150390625,639.0,352.0,640.0,535.0,unavailable,unavailable,drop,not_candidate_heuristic,success,not_called,drop,,drop,deterministic_gate,True,False,tn,0.0,-1,True,drop,drop,False,,not_called,,
433,5,chair,0.11102294921875,495.0,162.0,640.0,219.0,invalid,strong,drop,success,success,success,drop,high,drop,llm_final_decision,False,False,tn,0.0,-1,False,drop,drop,True,uncertain_score_band|border_touching|duplicate_cluster,success,retrieve_same_class_image_crops|retrieve_class_exemplars,same_class_image_crops|class_exemplars
433,6,chair,0.10107421875,274.0,158.0,638.0,222.0,invalid,strong,drop,success,success,success,drop,high,drop,llm_final_decision,False,False,tn,0.0,-1,False,drop,drop,True,uncertain_score_band|border_touching|duplicate_cluster,success,retrieve_same_class_image_crops|retrieve_class_exemplars,same_class_image_crops|class_exemplars
436,0,chair,0.373046875,933.0,206.0,934.0,576.0,unavailable,unavailable,drop,not_candidate_heuristic,success,not_called,keep,,keep,deterministic_gate,True,False,fp,0.0,-1,True,keep,keep,False,,not_called,,
436,1,person,0.2509765625,494.0,48.0,934.0,490.0,invalid,strong,drop,success,success,success,drop,high,drop,llm_final_decision,False,False,tn,0.455565,4,False,keep,drop,True,uncertain_score_band|border_touching|duplicate_cluster|top_score_sanity_check,success,retrieve_same_class_image_crops,same_class_image_crops
436,2,chair,0.2186279296875,506.0,180.0,934.0,492.0,valid,strong,keep,success,success,success,keep,high,keep,llm_final_decision,False,False,fp,0.211918,0,False,keep,keep,True,uncertain_score_band|border_touching|duplicate_cluster|top_score_sanity_check,success,retrieve_same_class_image_crops|retrieve_class_exemplars,same_class_image_crops|class_exemplars
436,3,person,0.1705322265625,245.0,25.0,743.0,527.0,valid,strong,keep,success,success,success,keep,high,keep,llm_final_decision,False,False,fp,0.444981,4,False,drop,keep,True,uncertain_score_band|duplicate_cluster,success,retrieve_same_class_image_crops|retrieve_class_exemplars,same_class_image_crops|class_exemplars
436,4,person,0.1636962890625,251.0,35.0,934.0,599.0,valid,strong,keep,success,success,success,keep,high,keep,llm_final_decision,False,False,fp,0.252969,4,False,drop,keep,True,uncertain_score_band|border_touching|duplicate_cluster,success,retrieve_same_class_image_crops|retrieve_class_exemplars,same_class_image_crops|class_exemplars
436,5,person,0.1568603515625,112.0,25.0,741.0,596.0,invalid,strong,drop,success,success,success,drop,high,drop,llm_final_decision,False,True,fn,0.558403,2,False,drop,drop,True,uncertain_score_band|duplicate_cluster,success,retrieve_same_class_image_crops,same_class_image_crops
436,6,person,0.1458740234375,497.0,47.0,934.0,498.0,valid,strong,keep,success,success,success,keep,high,keep,llm_final_decision,False,False,fp,0.317771,4,False,drop,keep,True,uncertain_score_band|border_touching|duplicate_cluster,success,retrieve_same_class_image_crops,same_class_image_crops
436,7,chair,0.135009765625,420.0,181.0,934.0,603.0,invalid,strong,drop,success,success,success,drop,high,drop,llm_final_decision,False,False,tn,0.167949,1,False,drop,drop,True,uncertain_score_band|border_touching|duplicate_cluster,success,retrieve_same_class_image_crops|retrieve_class_exemplars,same_class_image_crops|class_exemplars
436,8,chair,0.1279296875,665.0,177.0,934.0,547.0,valid,strong,keep,success,success,success,keep,high,keep,llm_final_decision,False,False,fp,0.237438,1,False,drop,keep,True,uncertain_score_band|border_touching|duplicate_cluster,success,retrieve_same_class_image_crops|retrieve_class_exemplars,same_class_image_crops|class_exemplars
436,9,chair,0.123779296875,933.0,177.0,934.0,278.0,unavailable,unavailable,drop,not_candidate_heuristic,success,not_called,drop,,drop,deterministic_gate,True,False,tn,0.0,-1,True,drop,drop,False,,not_called,,
436,10,chair,0.1229248046875,112.0,25.0,741.0,596.0,invalid,strong,drop,success,success,success,drop,high,drop,llm_final_decision,False,False,tn,0.116444,0,False,drop,drop,True,uncertain_score_band|duplicate_cluster,success,retrieve_same_class_image_crops|retrieve_class_exemplars,same_class_image_crops|class_exemplars
436,11,chair,0.1217041015625,153.0,168.0,934.0,608.0,invalid,strong,drop,success,success,success,drop,high,drop,llm_final_decision,False,False,tn,0.137115,1,False,drop,drop,True,uncertain_score_band|border_touching|duplicate_cluster,success,retrieve_same_class_image_crops|retrieve_class_exemplars,same_class_image_crops|class_exemplars
436,12,chair,0.119384765625,493.0,46.0,934.0,554.0,valid,strong,keep,success,success,success,keep,high,keep,llm_final_decision,False,False,fp,0.13966,1,False,drop,keep,True,uncertain_score_band|border_touching|duplicate_cluster,success,retrieve_same_class_image_crops|retrieve_class_exemplars,same_class_image_crops|class_exemplars
436,13,person,0.1094970703125,709.0,18.0,934.0,494.0,valid,strong,keep,success,success,success,keep,high,keep,llm_final_decision,False,False,fp,0.331995,5,False,drop,keep,True,uncertain_score_band|border_touching|duplicate_cluster,success,retrieve_same_class_image_crops,same_class_image_crops
436,14,chair,0.1087646484375,497.0,121.0,934.0,490.0,valid,strong,keep,success,success,success,keep,high,keep,llm_final_decision,False,False,fp,0.216876,0,False,drop,keep,True,uncertain_score_band|border_touching|duplicate_cluster,success,retrieve_same_class_image_crops|retrieve_class_exemplars,same_class_image_crops|class_exemplars
436,15,chair,0.10821533203125,709.0,18.0,934.0,494.0,invalid,strong,drop,success,success,success,drop,high,drop,llm_final_decision,False,False,tn,0.16176,1,False,drop,drop,True,uncertain_score_band|border_touching|duplicate_cluster,success,retrieve_same_class_image_crops,same_class_image_crops
436,16,diningtable,0.10760498046875,420.0,181.0,934.0,603.0,invalid,strong,drop,success,success,success,drop,high,drop,llm_final_decision,False,False,tn,0.309943,6,False,drop,drop,True,uncertain_score_band|border_touching|duplicate_cluster,success,retrieve_same_class_image_crops,same_class_image_crops
436,17,chair,0.10052490234375,933.0,189.0,934.0,431.0,unavailable,unavailable,drop,not_candidate_heuristic,success,not_called,drop,,drop,deterministic_gate,True,False,tn,0.0,-1,True,drop,drop,False,,not_called,,
438,0,boat,0.10968017578125,88.0,73.0,781.0,499.0,invalid,strong,drop,success,success,success,drop,high,drop,llm_final_decision,False,False,tn,0.0,-1,False,drop,drop,True,uncertain_score_band|border_touching|top_score_sanity_check,not_called,,
440,0,bus,0.5341796875,1003.0,230.0,1256.0,433.0,valid,strong,keep,success,success,success,keep,high,keep,llm_final_decision,False,True,tp,0.901082,0,False,keep,keep,True,border_touching|top_score_sanity_check,not_called,,
441,0,person,0.2421875,0.0,25.0,776.0,637.0,invalid,strong,drop,success,success,success,drop,high,drop,llm_final_decision,False,False,tn,0.107686,1,False,keep,drop,True,uncertain_score_band|border_touching|duplicate_cluster|top_score_sanity_check,success,retrieve_same_class_image_crops,same_class_image_crops
441,1,person,0.17724609375,622.0,1.0,931.0,607.0,valid,strong,keep,success,success,success,keep,high,keep,llm_final_decision,False,True,tp,0.804225,1,False,drop,keep,True,uncertain_score_band|border_touching|top_score_sanity_check,not_called,,
441,2,tvmonitor,0.1451416015625,0.0,25.0,776.0,637.0,invalid,strong,drop,success,success,success,drop,high,drop,llm_final_decision,False,False,tn,0.0,-1,False,drop,drop,True,uncertain_score_band|border_touching|duplicate_cluster,success,retrieve_same_class_image_crops,same_class_image_crops
444,0,motorbike,0.587890625,6.0,0.0,682.0,639.0,invalid,strong,drop,success,success,success,drop,high,drop,llm_final_decision,False,False,tn,0.0,-1,False,keep,drop,True,border_touching|duplicate_cluster|top_score_sanity_check,success,retrieve_same_class_image_crops,same_class_image_crops
444,1,car,0.322021484375,6.0,0.0,682.0,639.0,invalid,strong,drop,success,success,success,drop,high,drop,llm_final_decision,False,False,tn,0.0,-1,False,keep,drop,True,border_touching|duplicate_cluster|top_score_sanity_check,success,retrieve_same_class_image_crops|retrieve_class_exemplars,same_class_image_crops|class_exemplars
444,2,bicycle,0.1705322265625,6.0,0.0,682.0,639.0,invalid,strong,drop,success,success,success,drop,high,drop,llm_final_decision,False,False,tn,0.0,-1,False,drop,drop,True,uncertain_score_band|border_touching|duplicate_cluster,success,retrieve_same_class_image_crops|retrieve_class_exemplars,same_class_image_crops|class_exemplars
444,3,tvmonitor,0.1131591796875,5.0,82.0,484.0,407.0,invalid,strong,drop,success,success,success,drop,high,drop,llm_final_decision,False,True,fn,0.611098,0,False,drop,drop,True,uncertain_score_band|border_touching,not_called,,
444,4,chair,0.10760498046875,6.0,0.0,682.0,639.0,invalid,strong,drop,success,success,success,drop,high,drop,llm_final_decision,False,False,tn,0.0,-1,False,drop,drop,True,uncertain_score_band|border_touching|duplicate_cluster,success,retrieve_same_class_image_crops|retrieve_class_exemplars,same_class_image_crops|class_exemplars
445,0,person,0.4970703125,540.0,317.0,663.0,457.0,invalid,strong,drop,success,success,success,drop,high,drop,llm_final_decision,False,False,tn,0.0,-1,False,keep,drop,True,border_touching|duplicate_cluster|top_score_sanity_check,success,retrieve_same_class_image_crops|retrieve_class_exemplars,same_class_image_crops|class_exemplars
445,1,boat,0.310791015625,540.0,317.0,663.0,457.0,invalid,strong,drop,success,success,success,drop,high,drop,llm_final_decision,False,False,tn,0.0,-1,False,keep,drop,True,border_touching|duplicate_cluster|top_score_sanity_check,success,retrieve_same_class_image_crops,same_class_image_crops
445,2,horse,0.307373046875,78.0,205.0,443.0,553.0,uncertain,weak,keep,not_candidate_heuristic,success,not_called,keep,,keep,deterministic_gate,False,True,tp,0.606858,0,False,keep,keep,False,,not_called,,
445,3,person,0.191650390625,588.0,322.0,667.0,426.0,invalid,strong,drop,success,success,success,drop,high,drop,llm_final_decision,False,False,tn,0.0,-1,False,drop,drop,True,uncertain_score_band|border_touching|duplicate_cluster,success,retrieve_same_class_image_crops|retrieve_class_exemplars,same_class_image_crops|class_exemplars
445,4,chair,0.1329345703125,332.0,323.0,453.0,465.0,invalid,strong,drop,success,success,success,drop,high,drop,llm_final_decision,False,False,tn,0.0,-1,False,drop,drop,True,uncertain_score_band,not_called,,
445,5,boat,0.10760498046875,489.0,281.0,665.0,438.0,invalid,strong,drop,success,success,success,drop,high,drop,llm_final_decision,False,False,tn,0.0,-1,False,drop,drop,True,uncertain_score_band|border_touching|duplicate_cluster,success,retrieve_same_class_image_crops|retrieve_class_exemplars,same_class_image_crops|class_exemplars
445,6,boat,0.1063232421875,355.0,307.0,666.0,450.0,invalid,strong,drop,success,success,success,drop,high,drop,llm_final_decision,False,False,tn,0.0,-1,False,drop,drop,True,uncertain_score_band|border_touching|duplicate_cluster,success,retrieve_same_class_image_crops|retrieve_class_exemplars,same_class_image_crops|class_exemplars
445,7,boat,0.1015625,492.0,304.0,675.0,430.0,invalid,strong,drop,success,success,success,drop,high,drop,llm_final_decision,False,False,tn,0.0,-1,False,drop,drop,True,uncertain_score_band|border_touching|duplicate_cluster,success,retrieve_same_class_image_crops|retrieve_class_exemplars,same_class_image_crops|class_exemplars
447,0,pottedplant,0.841796875,574.0,209.0,640.0,523.0,invalid,strong,drop,success,success,success,drop,high,drop,llm_final_decision,False,False,tn,0.017024,2,False,keep,drop,True,border_touching|top_score_sanity_check,not_called,,
447,1,pottedplant,0.82177734375,350.0,199.0,598.0,523.0,valid,strong,keep,success,success,success,keep,high,keep,llm_final_decision,False,True,tp,0.734727,2,False,keep,keep,True,top_score_sanity_check,not_called,,
447,2,pottedplant,0.79736328125,80.0,239.0,354.0,525.0,valid,medium,keep,not_candidate_heuristic,success,not_called,keep,,keep,deterministic_gate,False,False,fp,0.461414,0,False,keep,keep,False,,not_called,,
451,0,bottle,0.7939453125,673.0,489.0,728.0,640.0,valid,strong,keep,success,success,success,keep,high,keep,llm_final_decision,False,False,fp,0.312025,1,False,keep,keep,True,border_touching|top_score_sanity_check,not_called,,
451,1,person,0.607421875,284.0,94.0,653.0,526.0,valid,strong,keep,success,success,success,keep,high,keep,llm_final_decision,False,True,tp,0.669498,0,False,keep,keep,True,top_score_sanity_check,not_called,,
451,2,bottle,0.474609375,723.0,473.0,785.0,637.0,valid,strong,keep,success,success,success,keep,medium,keep,llm_final_decision,False,False,fp,0.370831,2,False,keep,keep,True,border_touching|duplicate_cluster,success,retrieve_same_class_image_crops,same_class_image_crops
451,3,diningtable,0.2047119140625,22.0,536.0,644.0,640.0,invalid,strong,drop,success,success,success,drop,high,drop,llm_final_decision,False,False,tn,0.0,-1,False,keep,drop,True,uncertain_score_band|border_touching|duplicate_cluster,success,retrieve_same_class_image_crops,same_class_image_crops
451,4,bottle,0.169189453125,720.0,472.0,781.0,581.0,valid,strong,keep,success,success,success,keep,high,keep,llm_final_decision,False,True,tp,0.504864,2,False,drop,keep,True,uncertain_score_band|duplicate_cluster,success,retrieve_same_class_image_crops,same_class_image_crops
451,5,pottedplant,0.1451416015625,503.0,302.0,604.0,448.0,invalid,strong,drop,success,success,success,drop,high,drop,llm_final_decision,False,False,tn,0.0,-1,False,drop,drop,True,uncertain_score_band,not_called,,
451,6,chair,0.1446533203125,145.0,619.0,335.0,640.0,invalid,strong,drop,success,success,success,drop,high,drop,llm_final_decision,False,False,tn,0.0,-1,False,drop,drop,True,uncertain_score_band|border_touching|small_box,not_called,,
451,7,bottle,0.1334228515625,609.0,564.0,649.0,640.0,valid,medium,keep,success,success,success,keep,medium,keep,llm_final_decision,False,False,fp,0.0,-1,False,drop,keep,True,uncertain_score_band|border_touching|duplicate_cluster,success,retrieve_same_class_image_crops,same_class_image_crops
451,8,bottle,0.1259765625,43.0,473.0,74.0,531.0,invalid,strong,drop,success,success,success,drop,high,drop,llm_final_decision,False,False,tn,0.0,-1,False,drop,drop,True,uncertain_score_band|small_box,not_called,,
451,9,bottle,0.1240234375,613.0,564.0,646.0,619.0,valid,medium,keep,success,success,success,keep,medium,keep,llm_final_decision,False,False,fp,0.0,-1,False,drop,keep,True,uncertain_score_band|duplicate_cluster,success,retrieve_same_class_image_crops|retrieve_class_exemplars,same_class_image_crops|class_exemplars
451,10,bottle,0.1231689453125,22.0,470.0,98.0,640.0,invalid,strong,drop,success,success,success,drop,high,drop,llm_final_decision,False,False,tn,0.0,-1,False,drop,drop,True,uncertain_score_band|border_touching,not_called,,
451,11,diningtable,0.114990234375,291.0,521.0,645.0,640.0,invalid,strong,drop,success,success,success,drop,high,drop,llm_final_decision,False,False,tn,0.0,-1,False,drop,drop,True,uncertain_score_band|border_touching|duplicate_cluster,success,retrieve_same_class_image_crops,same_class_image_crops
451,12,diningtable,0.109130859375,3.0,561.0,443.0,640.0,invalid,strong,drop,success,success,success,drop,high,drop,llm_final_decision,False,False,tn,0.0,-1,False,drop,drop,True,uncertain_score_band|border_touching|duplicate_cluster,success,retrieve_same_class_image_crops,same_class_image_crops
454,0,person,0.71484375,368.0,276.0,549.0,640.0,valid,strong,keep,success,success,success,keep,high,keep,llm_final_decision,False,False,fp,0.378636,3,False,keep,keep,True,border_touching|top_score_sanity_check,not_called,,
454,1,chair,0.35400390625,543.0,426.0,689.0,640.0,invalid,strong,drop,success,success,success,drop,high,drop,llm_final_decision,False,False,tn,0.0,-1,False,keep,drop,True,border_touching|duplicate_cluster|top_score_sanity_check,success,retrieve_same_class_image_crops|retrieve_class_exemplars,same_class_image_crops|class_exemplars
454,2,chair,0.2451171875,261.0,462.0,392.0,640.0,invalid,strong,drop,success,success,success,drop,high,drop,llm_final_decision,False,False,tn,0.0,-1,False,keep,drop,True,uncertain_score_band|border_touching,not_called,,
454,3,pottedplant,0.23681640625,22.0,328.0,269.0,640.0,invalid,strong,drop,success,success,success,drop,high,drop,llm_final_decision,False,False,tn,0.0,-1,False,keep,drop,True,uncertain_score_band|border_touching|duplicate_cluster,success,retrieve_same_class_image_crops|retrieve_class_exemplars,same_class_image_crops|class_exemplars
454,4,diningtable,0.2078857421875,261.0,480.0,844.0,640.0,invalid,strong,drop,success,success,success,drop,high,drop,llm_final_decision,False,False,tn,0.0,-1,False,keep,drop,True,uncertain_score_band|border_touching|duplicate_cluster,success,retrieve_same_class_image_crops|retrieve_class_exemplars,same_class_image_crops|class_exemplars
454,5,person,0.203125,677.0,251.0,844.0,640.0,valid,strong,keep,success,success,success,keep,high,keep,llm_final_decision,False,False,fp,0.186453,5,False,keep,keep,True,uncertain_score_band|border_touching|duplicate_cluster,success,retrieve_same_class_image_crops,same_class_image_crops
454,6,chair,0.17578125,22.0,328.0,269.0,640.0,invalid,strong,drop,success,success,success,drop,high,drop,llm_final_decision,False,False,tn,0.0,-1,False,drop,drop,True,uncertain_score_band|border_touching|duplicate_cluster,success,retrieve_same_class_image_crops,same_class_image_crops
454,7,diningtable,0.1300048828125,539.0,400.0,844.0,640.0,invalid,strong,drop,success,success,success,drop,high,drop,llm_final_decision,False,False,tn,0.0,-1,False,drop,drop,True,uncertain_score_band|border_touching|duplicate_cluster,success,retrieve_same_class_image_crops|retrieve_class_exemplars,same_class_image_crops|class_exemplars
454,8,person,0.1240234375,365.0,268.0,844.0,640.0,valid,strong,keep,success,success,success,keep,high,keep,llm_final_decision,False,False,fp,0.260863,5,False,drop,keep,True,uncertain_score_band|border_touching|duplicate_cluster,success,retrieve_same_class_image_crops,same_class_image_crops
454,9,chair,0.10614013671875,540.0,413.0,823.0,640.0,invalid,strong,drop,success,success,success,drop,high,drop,llm_final_decision,False,False,tn,0.0,-1,False,drop,drop,True,uncertain_score_band|border_touching|duplicate_cluster,success,retrieve_same_class_image_crops|retrieve_class_exemplars,same_class_image_crops|class_exemplars
454,10,person,0.10302734375,540.0,252.0,844.0,640.0,valid,strong,keep,success,success,success,keep,medium,keep,llm_final_decision,False,False,fp,0.310172,5,False,drop,keep,True,uncertain_score_band|border_touching|duplicate_cluster,success,retrieve_same_class_image_crops|retrieve_class_exemplars,same_class_image_crops|class_exemplars
454,11,diningtable,0.102294921875,23.0,482.0,541.0,640.0,invalid,strong,drop,success,success,success,drop,high,drop,llm_final_decision,False,False,tn,0.0,-1,False,drop,drop,True,uncertain_score_band|border_touching,not_called,,
455,0,motorbike,0.69580078125,2.0,183.0,640.0,725.0,invalid,strong,drop,success,success,success,drop,high,drop,llm_final_decision,False,False,tn,0.455135,1,False,keep,drop,True,border_touching|top_score_sanity_check,not_called,,
456,0,person,0.5498046875,239.0,159.0,597.0,640.0,valid,strong,keep,success,success,success,keep,high,keep,llm_final_decision,False,False,fp,0.304011,1,False,keep,keep,True,border_touching|duplicate_cluster|top_score_sanity_check,success,retrieve_same_class_image_crops,same_class_image_crops
456,1,person,0.169921875,183.0,157.0,640.0,640.0,invalid,strong,drop,success,success,success,drop,high,drop,llm_final_decision,False,False,tn,0.262247,1,False,drop,drop,True,uncertain_score_band|border_touching|duplicate_cluster|top_score_sanity_check,success,retrieve_same_class_image_crops,same_class_image_crops
456,2,motorbike,0.1358642578125,157.0,160.0,598.0,640.0,invalid,strong,drop,success,success,success,drop,high,drop,llm_final_decision,False,False,tn,0.0,-1,False,drop,drop,True,uncertain_score_band|border_touching|duplicate_cluster,success,retrieve_same_class_image_crops|retrieve_class_exemplars,same_class_image_crops|class_exemplars
456,3,motorbike,0.132080078125,173.0,158.0,640.0,640.0,invalid,strong,drop,success,success,success,drop,high,drop,llm_final_decision,False,False,tn,0.0,-1,False,drop,drop,True,uncertain_score_band|border_touching|duplicate_cluster,success,retrieve_same_class_image_crops|retrieve_class_exemplars,same_class_image_crops|class_exemplars
456,4,chair,0.11981201171875,156.0,326.0,593.0,640.0,invalid,strong,drop,success,success,success,drop,high,drop,llm_final_decision,False,False,tn,0.202664,0,False,drop,drop,True,uncertain_score_band|border_touching|duplicate_cluster,success,retrieve_same_class_image_crops|retrieve_class_exemplars,same_class_image_crops|class_exemplars
458,0,aeroplane,0.8681640625,162.0,366.0,864.0,617.0,invalid,strong,drop,success,success,success,drop,high,drop,llm_final_decision,False,False,tn,0.06952,0,False,keep,drop,True,border_touching|top_score_sanity_check,not_called,,
459,0,cow,0.6318359375,735.0,563.0,736.0,640.0,unavailable,unavailable,drop,not_candidate_heuristic,success,not_called,keep,,keep,deterministic_gate,True,False,fp,0.0,-1,True,keep,keep,False,,not_called,,
461,0,person,0.43505859375,347.0,510.0,640.0,893.0,valid,strong,keep,success,success,success,keep,high,keep,llm_final_decision,False,False,fp,0.404077,2,False,keep,keep,True,border_touching|duplicate_cluster|top_score_sanity_check,success,retrieve_same_class_image_crops,same_class_image_crops
461,1,bottle,0.350341796875,283.0,314.0,341.0,365.0,invalid,strong,drop,success,success,success,drop,high,drop,llm_final_decision,False,False,tn,0.0,-1,False,keep,drop,True,top_score_sanity_check,not_called,,
461,2,person,0.2685546875,623.0,274.0,640.0,910.0,invalid,strong,drop,success,success,success,drop,high,drop,llm_final_decision,False,False,tn,0.0,-1,False,keep,drop,True,uncertain_score_band|border_touching|small_box,not_called,,
461,3,person,0.189208984375,438.0,275.0,640.0,910.0,valid,strong,keep,success,success,success,keep,high,keep,llm_final_decision,False,False,fp,0.176703,2,False,drop,keep,True,uncertain_score_band|border_touching|duplicate_cluster,success,retrieve_same_class_image_crops,same_class_image_crops
461,4,car,0.1396484375,285.0,342.0,640.0,449.0,invalid,strong,drop,success,success,success,drop,high,drop,llm_final_decision,False,False,tn,0.151285,3,False,drop,drop,True,uncertain_score_band|border_touching,not_called,,
461,5,bottle,0.11517333984375,70.0,342.0,106.0,370.0,invalid,strong,drop,success,success,success,drop,high,drop,llm_final_decision,False,False,tn,0.0,-1,False,drop,drop,True,uncertain_score_band|small_box|duplicate_cluster,success,retrieve_same_class_image_crops|retrieve_class_exemplars,same_class_image_crops|class_exemplars
461,6,car,0.10614013671875,70.0,342.0,106.0,370.0,invalid,strong,drop,success,success,success,drop,high,drop,llm_final_decision,False,False,tn,0.0,-1,False,drop,drop,True,uncertain_score_band|small_box|duplicate_cluster,success,retrieve_same_class_image_crops|retrieve_class_exemplars,same_class_image_crops|class_exemplars
461,7,person,0.10577392578125,70.0,342.0,106.0,370.0,invalid,strong,drop,success,success,success,drop,high,drop,llm_final_decision,False,False,tn,0.007296,0,False,drop,drop,True,uncertain_score_band|small_box|duplicate_cluster,success,retrieve_same_class_image_crops|retrieve_class_exemplars,same_class_image_crops|class_exemplars
463,0,chair,0.59619140625,936.0,619.0,1135.0,640.0,valid,strong,keep,success,success,success,keep,high,keep,llm_final_decision,False,False,fp,0.031459,3,False,keep,keep,True,border_touching|small_box|duplicate_cluster|top_score_sanity_check,success,retrieve_same_class_image_crops|retrieve_class_exemplars,same_class_image_crops|class_exemplars
463,1,tvmonitor,0.446533203125,683.0,554.0,850.0,640.0,invalid,strong,drop,success,success,success,drop,high,drop,llm_final_decision,False,False,tn,0.0,-1,False,keep,drop,True,border_touching|duplicate_cluster|top_score_sanity_check,success,retrieve_same_class_image_crops,same_class_image_crops
463,2,chair,0.191650390625,820.0,619.0,1135.0,640.0,valid,strong,keep,success,success,success,keep,medium,keep,llm_final_decision,False,False,fp,0.023379,3,False,drop,keep,True,uncertain_score_band|border_touching|small_box|duplicate_cluster,success,retrieve_same_class_image_crops|retrieve_class_exemplars,same_class_image_crops|class_exemplars
463,3,chair,0.1912841796875,95.0,581.0,669.0,640.0,valid,strong,keep,success,success,success,keep,medium,keep,llm_final_decision,False,False,fp,0.044395,0,False,drop,keep,True,uncertain_score_band|border_touching|duplicate_cluster,success,retrieve_same_class_image_crops|retrieve_class_exemplars,same_class_image_crops|class_exemplars
463,4,chair,0.1883544921875,393.0,577.0,547.0,640.0,valid,strong,keep,success,success,success,keep,medium,keep,llm_final_decision,False,False,fp,0.083354,1,False,drop,keep,True,uncertain_score_band|border_touching|duplicate_cluster,success,retrieve_same_class_image_crops|retrieve_class_exemplars,same_class_image_crops|class_exemplars
463,5,chair,0.182373046875,418.0,577.0,525.0,640.0,valid,strong,keep,success,success,success,keep,medium,keep,llm_final_decision,False,False,fp,0.096916,1,False,drop,keep,True,uncertain_score_band|border_touching|duplicate_cluster,success,retrieve_same_class_image_crops|retrieve_class_exemplars,same_class_image_crops|class_exemplars
463,6,chair,0.1781005859375,683.0,554.0,850.0,640.0,valid,strong,keep,success,success,success,keep,medium,keep,llm_final_decision,False,False,fp,0.15082,2,False,drop,keep,True,uncertain_score_band|border_touching|duplicate_cluster,success,retrieve_same_class_image_crops|retrieve_class_exemplars,same_class_image_crops|class_exemplars
463,7,chair,0.177001953125,96.0,586.0,455.0,640.0,valid,strong,keep,success,success,success,keep,medium,keep,llm_final_decision,False,False,fp,0.057983,0,False,drop,keep,True,uncertain_score_band|border_touching|duplicate_cluster,success,retrieve_same_class_image_crops|retrieve_class_exemplars,same_class_image_crops|class_exemplars
463,8,chair,0.16162109375,3.0,589.0,405.0,640.0,invalid,strong,drop,success,success,success,drop,high,drop,llm_final_decision,False,False,tn,0.054009,0,False,drop,drop,True,uncertain_score_band|border_touching|duplicate_cluster,success,retrieve_same_class_image_crops,same_class_image_crops
463,9,chair,0.154052734375,682.0,613.0,1137.0,640.0,invalid,strong,drop,success,success,success,drop,high,drop,llm_final_decision,False,False,tn,0.023257,3,False,drop,drop,True,uncertain_score_band|border_touching|small_box|duplicate_cluster,success,retrieve_same_class_image_crops|retrieve_class_exemplars,same_class_image_crops|class_exemplars
463,10,tvmonitor,0.1441650390625,418.0,577.0,525.0,640.0,invalid,strong,drop,success,success,success,drop,high,drop,llm_final_decision,False,False,tn,0.0,-1,False,drop,drop,True,uncertain_score_band|border_touching|duplicate_cluster,success,retrieve_same_class_image_crops|retrieve_class_exemplars,same_class_image_crops|class_exemplars
463,11,tvmonitor,0.1409912109375,829.0,218.0,964.0,640.0,invalid,strong,drop,success,success,success,drop,high,drop,llm_final_decision,False,False,tn,0.0,-1,False,drop,drop,True,uncertain_score_band|border_touching,not_called,,
463,12,pottedplant,0.1163330078125,0.0,463.0,35.0,640.0,invalid,strong,drop,success,success,success,drop,high,drop,llm_final_decision,False,False,tn,0.0,-1,False,drop,drop,True,uncertain_score_band|border_touching,not_called,,
463,13,chair,0.10577392578125,936.0,538.0,1137.0,640.0,valid,strong,keep,success,success,success,keep,medium,keep,llm_final_decision,False,False,fp,0.13061,3,False,drop,keep,True,uncertain_score_band|border_touching,not_called,,
464,0,boat,0.30859375,13.0,66.0,842.0,625.0,valid,strong,keep,success,success,success,keep,high,keep,llm_final_decision,False,False,fp,0.432745,0,False,keep,keep,True,border_touching|duplicate_cluster|top_score_sanity_check,success,retrieve_same_class_image_crops,same_class_image_crops
464,1,bicycle,0.1044921875,0.0,54.0,842.0,620.0,invalid,strong,drop,success,success,success,drop,high,drop,llm_final_decision,False,False,tn,0.0,-1,False,drop,drop,True,uncertain_score_band|border_touching|duplicate_cluster|top_score_sanity_check,success,retrieve_same_class_image_crops,same_class_image_crops
467,0,person,0.70556640625,604.0,247.0,640.0,485.0,invalid,strong,drop,success,success,success,drop,high,drop,llm_final_decision,False,False,tn,0.022391,2,False,keep,drop,True,border_touching|top_score_sanity_check,not_called,,
467,1,motorbike,0.1746826171875,251.0,39.0,640.0,499.0,invalid,strong,drop,success,success,success,drop,high,drop,llm_final_decision,False,False,tn,0.0,-1,False,drop,drop,True,uncertain_score_band|border_touching|duplicate_cluster|top_score_sanity_check,success,retrieve_same_class_image_crops|retrieve_class_exemplars,same_class_image_crops|class_exemplars
467,2,person,0.169189453125,10.0,78.0,607.0,498.0,valid,strong,keep,success,success,success,keep,high,keep,llm_final_decision,False,True,tp,0.506599,1,False,drop,keep,True,uncertain_score_band|border_touching|duplicate_cluster,success,retrieve_same_class_image_crops,same_class_image_crops
467,3,motorbike,0.1683349609375,9.0,44.0,640.0,496.0,invalid,strong,drop,success,success,success,drop,high,drop,llm_final_decision,False,False,tn,0.0,-1,False,drop,drop,True,uncertain_score_band|border_touching|duplicate_cluster,success,retrieve_same_class_image_crops|retrieve_class_exemplars,same_class_image_crops|class_exemplars
467,4,bicycle,0.158935546875,9.0,44.0,640.0,496.0,invalid,strong,drop,success,success,success,drop,high,drop,llm_final_decision,False,False,tn,0.0,-1,False,drop,drop,True,uncertain_score_band|border_touching|duplicate_cluster,success,retrieve_same_class_image_crops,same_class_image_crops
467,5,bicycle,0.12445068359375,251.0,39.0,640.0,499.0,invalid,strong,drop,success,success,success,drop,high,drop,llm_final_decision,False,False,tn,0.0,-1,False,drop,drop,True,uncertain_score_band|border_touching|duplicate_cluster,success,retrieve_same_class_image_crops,same_class_image_crops
467,6,person,0.1143798828125,250.0,41.0,640.0,502.0,valid,strong,keep,success,success,success,keep,high,keep,llm_final_decision,False,False,fp,0.168125,2,False,drop,keep,True,uncertain_score_band|border_touching|duplicate_cluster,success,retrieve_same_class_image_crops,same_class_image_crops
467,7,bicycle,0.10052490234375,10.0,78.0,607.0,498.0,invalid,strong,drop,success,success,success,drop,high,drop,llm_final_decision,False,False,tn,0.0,-1,False,drop,drop,True,uncertain_score_band|border_touching|duplicate_cluster,success,retrieve_same_class_image_crops,same_class_image_crops
470,0,chair,0.1959228515625,5.0,2.0,640.0,639.0,invalid,strong,drop,success,success,success,drop,high,drop,llm_final_decision,False,False,tn,0.122152,2,False,drop,drop,True,uncertain_score_band|border_touching|duplicate_cluster|top_score_sanity_check,success,retrieve_same_class_image_crops|retrieve_class_exemplars,same_class_image_crops|class_exemplars
470,1,chair,0.169677734375,326.0,104.0,640.0,380.0,invalid,strong,drop,success,success,success,drop,high,drop,llm_final_decision,False,False,tn,0.0,-1,False,drop,drop,True,uncertain_score_band|border_touching|duplicate_cluster|top_score_sanity_check,success,retrieve_same_class_image_crops|retrieve_class_exemplars,same_class_image_crops|class_exemplars
470,2,chair,0.12103271484375,335.0,104.0,640.0,254.0,invalid,strong,drop,success,success,success,drop,high,drop,llm_final_decision,False,False,tn,0.0,-1,False,drop,drop,True,uncertain_score_band|border_touching|duplicate_cluster,success,retrieve_same_class_image_crops|retrieve_class_exemplars,same_class_image_crops|class_exemplars
470,3,chair,0.116943359375,5.0,57.0,460.0,636.0,invalid,strong,drop,success,success,success,drop,high,drop,llm_final_decision,False,False,tn,0.282033,2,False,drop,drop,True,uncertain_score_band|border_touching|duplicate_cluster,success,retrieve_same_class_image_crops,same_class_image_crops
470,4,chair,0.10894775390625,47.0,79.0,640.0,390.0,invalid,strong,drop,success,success,success,drop,high,drop,llm_final_decision,False,False,tn,0.079862,2,False,drop,drop,True,uncertain_score_band|border_touching|duplicate_cluster,success,retrieve_same_class_image_crops|retrieve_class_exemplars,same_class_image_crops|class_exemplars
474,0,bird,0.57080078125,326.0,420.0,632.0,660.0,valid,strong,keep,success,success,success,keep,high,keep,llm_final_decision,False,True,tp,0.671454,4,False,keep,keep,True,border_touching|top_score_sanity_check,not_called,,
474,1,bicycle,0.3486328125,585.0,403.0,640.0,656.0,invalid,strong,drop,success,success,success,drop,high,drop,llm_final_decision,False,False,tn,0.0,-1,False,keep,drop,True,border_touching|duplicate_cluster|top_score_sanity_check,success,retrieve_same_class_image_crops,same_class_image_crops
474,2,bird,0.185302734375,585.0,403.0,640.0,656.0,invalid,strong,drop,success,success,success,drop,high,drop,llm_final_decision,False,False,tn,0.052104,4,False,drop,drop,True,uncertain_score_band|border_touching|duplicate_cluster,success,retrieve_same_class_image_crops|retrieve_class_exemplars,same_class_image_crops|class_exemplars
474,3,chair,0.180419921875,585.0,403.0,640.0,656.0,invalid,strong,drop,success,success,success,drop,high,drop,llm_final_decision,False,False,tn,0.0,-1,False,drop,drop,True,uncertain_score_band|border_touching|duplicate_cluster,success,retrieve_same_class_image_crops|retrieve_class_exemplars,same_class_image_crops|class_exemplars
474,4,person,0.11419677734375,1.0,0.0,640.0,663.0,invalid,strong,drop,success,success,success,drop,high,drop,llm_final_decision,False,False,tn,0.0,-1,False,drop,drop,True,uncertain_score_band|border_touching|duplicate_cluster,success,retrieve_same_class_image_crops,same_class_image_crops
474,5,bird,0.1094970703125,484.0,621.0,636.0,661.0,invalid,strong,drop,success,success,success,drop,high,drop,llm_final_decision,False,False,tn,0.081944,4,False,drop,drop,True,uncertain_score_band|border_touching,not_called,,
474,6,bird,0.1077880859375,1.0,0.0,640.0,663.0,valid,strong,keep,success,success,success,keep,high,keep,llm_final_decision,False,False,fp,0.331099,0,False,drop,keep,True,uncertain_score_band|border_touching|duplicate_cluster,success,retrieve_same_class_image_crops|retrieve_class_exemplars,same_class_image_crops|class_exemplars
477,0,chair,0.8291015625,549.0,408.0,788.0,640.0,valid,strong,keep,success,success,success,keep,high,keep,llm_final_decision,False,True,tp,0.627335,5,False,keep,keep,True,border_touching|top_score_sanity_check,not_called,,
477,1,pottedplant,0.72705078125,250.0,178.0,322.0,299.0,valid,strong,keep,success,success,success,keep,high,keep,llm_final_decision,False,True,tp,0.710353,6,False,keep,keep,True,duplicate_cluster|top_score_sanity_check,success,retrieve_same_class_image_crops,same_class_image_crops
477,2,chair,0.537109375,151.0,294.0,308.0,471.0,valid,strong,keep,success,success,success,keep,high,keep,llm_final_decision,False,True,tp,0.871173,3,False,keep,keep,True,duplicate_cluster,success,retrieve_same_class_image_crops,same_class_image_crops
477,3,pottedplant,0.4609375,715.0,222.0,798.0,319.0,uncertain,weak,keep,not_candidate_heuristic,success,not_called,keep,,keep,deterministic_gate,False,False,fp,0.0,-1,False,keep,keep,False,,not_called,,
477,4,dog,0.342041015625,427.0,584.0,614.0,640.0,invalid,strong,drop,success,success,success,drop,high,drop,llm_final_decision,False,False,tn,0.0,-1,False,keep,drop,True,border_touching|duplicate_cluster,success,retrieve_same_class_image_crops,same_class_image_crops
477,5,pottedplant,0.333740234375,1.0,246.0,176.0,640.0,valid,strong,keep,success,success,success,keep,medium,keep,llm_final_decision,False,False,fp,0.403261,2,False,keep,keep,True,border_touching|duplicate_cluster,success,retrieve_same_class_image_crops|retrieve_class_exemplars,same_class_image_crops|class_exemplars
477,6,chair,0.306640625,504.0,314.0,612.0,421.0,invalid,strong,drop,success,success,success,drop,high,drop,llm_final_decision,False,False,tn,0.015618,5,False,keep,drop,True,duplicate_cluster,success,retrieve_same_class_image_crops,same_class_image_crops
477,7,pottedplant,0.274658203125,1.0,472.0,118.0,640.0,valid,strong,keep,success,success,success,keep,medium,keep,llm_final_decision,False,True,tp,0.558547,1,False,keep,keep,True,uncertain_score_band|border_touching|duplicate_cluster,success,retrieve_same_class_image_crops|retrieve_class_exemplars,same_class_image_crops|class_exemplars
477,8,chair,0.2454833984375,610.0,289.0,718.0,430.0,invalid,strong,drop,success,success,success,drop,high,drop,llm_final_decision,False,False,tn,0.089685,5,False,keep,drop,True,uncertain_score_band|duplicate_cluster,success,retrieve_same_class_image_crops,same_class_image_crops
477,9,car,0.198974609375,592.0,119.0,666.0,146.0,invalid,strong,drop,success,success,success,drop,high,drop,llm_final_decision,False,False,tn,0.0,-1,False,drop,drop,True,uncertain_score_band|small_box,not_called,,
477,10,cat,0.1827392578125,427.0,584.0,614.0,640.0,valid,strong,keep,success,success,success,keep,medium,keep,llm_final_decision,False,False,fp,0.378218,0,False,drop,keep,True,uncertain_score_band|border_touching|duplicate_cluster,success,retrieve_same_class_image_crops|retrieve_class_exemplars,same_class_image_crops|class_exemplars
477,11,pottedplant,0.172119140625,55.0,366.0,174.0,599.0,valid,strong,keep,success,success,success,keep,high,keep,llm_final_decision,False,True,tp,0.811556,2,False,drop,keep,True,uncertain_score_band|duplicate_cluster,success,retrieve_same_class_image_crops|retrieve_class_exemplars,same_class_image_crops|class_exemplars
477,12,pottedplant,0.153076171875,59.0,473.0,150.0,598.0,valid,strong,keep,success,success,success,keep,high,keep,llm_final_decision,False,False,fp,0.312744,2,False,drop,keep,True,uncertain_score_band|duplicate_cluster,success,retrieve_same_class_image_crops|retrieve_class_exemplars,same_class_image_crops|class_exemplars
477,13,pottedplant,0.1485595703125,266.0,221.0,319.0,298.0,valid,strong,keep,success,success,success,keep,high,keep,llm_final_decision,False,False,fp,0.401856,6,False,drop,keep,True,uncertain_score_band|duplicate_cluster,success,retrieve_same_class_image_crops|retrieve_class_exemplars,same_class_image_crops|class_exemplars
477,14,chair,0.1365966796875,652.0,235.0,696.0,305.0,invalid,strong,drop,success,success,success,drop,high,drop,llm_final_decision,False,False,tn,0.0,-1,False,drop,drop,True,uncertain_score_band,not_called,,
477,15,pottedplant,0.119384765625,794.0,206.0,877.0,270.0,invalid,strong,drop,success,success,success,drop,high,drop,llm_final_decision,False,False,tn,0.0,-1,False,drop,drop,True,uncertain_score_band,not_called,,
477,16,sofa,0.10968017578125,151.0,294.0,308.0,471.0,invalid,strong,drop,success,success,success,drop,high,drop,llm_final_decision,False,False,tn,0.0,-1,False,drop,drop,True,uncertain_score_band|duplicate_cluster,success,retrieve_same_class_image_crops|retrieve_class_exemplars,same_class_image_crops|class_exemplars
477,17,chair,0.1094970703125,341.0,308.0,610.0,497.0,invalid,strong,drop,success,success,success,drop,high,drop,llm_final_decision,False,False,tn,0.025081,5,False,drop,drop,True,uncertain_score_band|duplicate_cluster,success,retrieve_same_class_image_crops,same_class_image_crops
477,18,chair,0.1070556640625,344.0,311.0,420.0,421.0,invalid,strong,drop,success,success,success,drop,high,drop,llm_final_decision,False,False,tn,0.0,-1,False,drop,drop,True,uncertain_score_band,not_called,,
477,19,chair,0.1055908203125,338.0,312.0,557.0,564.0,invalid,strong,drop,success,success,success,drop,high,drop,llm_final_decision,False,False,tn,0.0,-1,False,drop,drop,True,uncertain_score_band|duplicate_cluster,success,retrieve_same_class_image_crops,same_class_image_crops
477,20,pottedplant,0.10504150390625,382.0,386.0,501.0,443.0,valid,strong,keep,success,success,success,keep,high,keep,llm_final_decision,False,False,fp,0.0,-1,False,drop,keep,True,uncertain_score_band,not_called,,
477,21,pottedplant,0.10430908203125,49.0,473.0,122.0,596.0,invalid,strong,drop,success,success,success,drop,high,drop,llm_final_decision,False,False,tn,0.265236,1,False,drop,drop,True,uncertain_score_band|duplicate_cluster,success,retrieve_same_class_image_crops,same_class_image_crops
477,22,chair,0.10089111328125,505.0,311.0,744.0,429.0,invalid,strong,drop,success,success,success,drop,high,drop,llm_final_decision,False,False,tn,0.106163,5,False,drop,drop,True,uncertain_score_band|duplicate_cluster,success,retrieve_same_class_image_crops,same_class_image_crops
478,0,car,0.56787109375,382.0,387.0,889.0,618.0,valid,strong,keep,success,success,success,keep,high,keep,llm_final_decision,False,True,tp,0.642881,0,False,keep,keep,True,border_touching|duplicate_cluster|top_score_sanity_check,success,retrieve_same_class_image_crops|retrieve_class_exemplars,same_class_image_crops|class_exemplars
478,1,bottle,0.279541015625,382.0,516.0,403.0,560.0,invalid,strong,drop,success,success,success,drop,high,drop,llm_final_decision,False,False,tn,0.0,-1,False,keep,drop,True,uncertain_score_band|small_box|duplicate_cluster|top_score_sanity_check,success,retrieve_same_class_image_crops|retrieve_class_exemplars,same_class_image_crops|class_exemplars
478,2,bottle,0.2305908203125,379.0,516.0,403.0,584.0,invalid,strong,drop,success,success,success,drop,high,drop,llm_final_decision,False,False,tn,0.0,-1,False,keep,drop,True,uncertain_score_band|small_box|duplicate_cluster,success,retrieve_same_class_image_crops|retrieve_class_exemplars,same_class_image_crops|class_exemplars
478,3,bottle,0.10321044921875,367.0,525.0,396.0,585.0,invalid,strong,drop,success,success,success,drop,high,drop,llm_final_decision,False,False,tn,0.0,-1,False,drop,drop,True,uncertain_score_band|small_box|duplicate_cluster,success,retrieve_same_class_image_crops|retrieve_class_exemplars,same_class_image_crops|class_exemplars
478,4,aeroplane,0.1026611328125,382.0,387.0,889.0,618.0,invalid,strong,drop,success,success,success,drop,high,drop,llm_final_decision,False,False,tn,0.0,-1,False,drop,drop,True,uncertain_score_band|border_touching|duplicate_cluster,success,retrieve_same_class_image_crops,same_class_image_crops
478,5,pottedplant,0.10125732421875,345.0,524.0,525.0,640.0,invalid,strong,drop,success,success,success,drop,high,drop,llm_final_decision,False,False,tn,0.0,-1,False,drop,drop,True,uncertain_score_band|border_touching,not_called,,
480,0,person,0.65234375,99.0,230.0,366.0,458.0,uncertain,medium,low_weight,success,success,success,low_weight,medium,low_weight,llm_final_decision,False,False,tn,0.451546,1,False,keep,keep,True,duplicate_cluster|top_score_sanity_check,success,retrieve_same_class_image_crops,same_class_image_crops
480,1,person,0.43212890625,504.0,226.0,640.0,442.0,invalid,strong,drop,success,success,success,drop,high,drop,llm_final_decision,False,False,tn,0.077271,2,False,keep,drop,True,border_touching|duplicate_cluster|top_score_sanity_check,success,retrieve_same_class_image_crops,same_class_image_crops
480,2,person,0.34765625,354.0,226.0,640.0,441.0,valid,strong,keep,success,success,success,keep,medium,keep,llm_final_decision,False,False,fp,0.382172,2,False,keep,keep,True,border_touching|duplicate_cluster,success,retrieve_same_class_image_crops,same_class_image_crops
480,3,person,0.332763671875,352.0,230.0,636.0,437.0,valid,strong,keep,success,success,success,keep,medium,keep,llm_final_decision,False,True,tp,0.587389,2,False,keep,keep,True,border_touching|duplicate_cluster,success,retrieve_same_class_image_crops,same_class_image_crops
480,4,person,0.2371826171875,338.0,226.0,640.0,648.0,invalid,strong,drop,success,success,success,drop,high,drop,llm_final_decision,False,False,tn,0.163802,2,False,keep,drop,True,uncertain_score_band|border_touching|duplicate_cluster,success,retrieve_same_class_image_crops,same_class_image_crops
480,5,person,0.129150390625,532.0,224.0,640.0,648.0,invalid,strong,drop,success,success,success,drop,high,drop,llm_final_decision,False,False,tn,0.008018,2,False,drop,drop,True,uncertain_score_band|border_touching|duplicate_cluster,success,retrieve_same_class_image_crops,same_class_image_crops
480,6,diningtable,0.1259765625,78.0,430.0,640.0,655.0,valid,strong,keep,success,success,success,keep,medium,keep,llm_final_decision,False,False,fp,0.0,-1,False,drop,keep,True,uncertain_score_band|border_touching,not_called,,
480,7,person,0.11456298828125,105.0,229.0,640.0,443.0,valid,strong,keep,success,success,success,keep,medium,keep,llm_final_decision,False,False,fp,0.242981,2,False,drop,keep,True,uncertain_score_band|border_touching|duplicate_cluster,success,retrieve_same_class_image_crops,same_class_image_crops
480,8,person,0.10089111328125,82.0,230.0,385.0,645.0,valid,strong,keep,success,success,success,keep,medium,keep,llm_final_decision,False,False,fp,0.256128,0,False,drop,keep,True,uncertain_score_band|border_touching|duplicate_cluster,success,retrieve_same_class_image_crops,same_class_image_crops
482,0,tvmonitor,0.5185546875,725.0,142.0,992.0,494.0,valid,strong,keep,success,success,success,keep,high,keep,llm_final_decision,False,True,tp,0.767888,0,False,keep,keep,True,border_touching|top_score_sanity_check,not_called,,
482,1,person,0.421630859375,5.0,126.0,369.0,603.0,valid,strong,keep,success,success,success,keep,high,keep,llm_final_decision,False,False,fp,0.423811,4,False,keep,keep,True,border_touching|duplicate_cluster|top_score_sanity_check,success,retrieve_same_class_image_crops|retrieve_class_exemplars,same_class_image_crops|class_exemplars
482,2,person,0.3271484375,52.0,126.0,321.0,504.0,valid,strong,keep,success,success,success,keep,high,keep,llm_final_decision,False,True,tp,0.687991,4,False,keep,keep,True,duplicate_cluster,success,retrieve_same_class_image_crops,same_class_image_crops
482,3,person,0.25830078125,130.0,228.0,324.0,502.0,valid,strong,keep,success,success,success,keep,high,keep,llm_final_decision,False,True,tp,0.58778,4,False,keep,keep,True,uncertain_score_band|duplicate_cluster,success,retrieve_same_class_image_crops,same_class_image_crops
482,4,motorbike,0.2432861328125,2.0,208.0,407.0,604.0,invalid,strong,drop,success,success,success,drop,high,drop,llm_final_decision,False,False,tn,0.0,-1,False,keep,drop,True,uncertain_score_band|border_touching|duplicate_cluster,success,retrieve_same_class_image_crops|retrieve_class_exemplars,same_class_image_crops|class_exemplars
482,5,person,0.2362060546875,108.0,126.0,377.0,503.0,valid,strong,keep,success,success,success,keep,high,keep,llm_final_decision,False,True,tp,0.722478,4,False,keep,keep,True,uncertain_score_band|duplicate_cluster,success,retrieve_same_class_image_crops,same_class_image_crops
482,6,bicycle,0.2117919921875,2.0,208.0,407.0,604.0,invalid,strong,drop,success,success,success,drop,high,drop,llm_final_decision,False,False,tn,0.0,-1,False,keep,drop,True,uncertain_score_band|border_touching|duplicate_cluster,success,retrieve_same_class_image_crops|retrieve_class_exemplars,same_class_image_crops|class_exemplars
482,7,bicycle,0.1871337890625,453.0,22.0,748.0,268.0,invalid,strong,drop,success,success,success,drop,high,drop,llm_final_decision,False,False,tn,0.0,-1,False,drop,drop,True,uncertain_score_band|duplicate_cluster,success,retrieve_same_class_image_crops|retrieve_class_exemplars,same_class_image_crops|class_exemplars
482,8,chair,0.165283203125,3.0,258.0,409.0,604.0,valid,strong,keep,success,success,success,keep,high,keep,llm_final_decision,False,False,fp,0.0,-1,False,drop,keep,True,uncertain_score_band|border_touching|duplicate_cluster,success,retrieve_same_class_image_crops|retrieve_class_exemplars,same_class_image_crops|class_exemplars
482,9,chair,0.1409912109375,453.0,22.0,748.0,268.0,valid,strong,keep,success,success,success,keep,high,keep,llm_final_decision,False,False,fp,0.0,-1,False,drop,keep,True,uncertain_score_band|duplicate_cluster,success,retrieve_same_class_image_crops|retrieve_class_exemplars,same_class_image_crops|class_exemplars
482,10,person,0.12445068359375,107.0,126.0,319.0,598.0,valid,strong,keep,success,success,success,keep,high,keep,llm_final_decision,False,True,tp,0.684451,4,False,drop,keep,True,uncertain_score_band|duplicate_cluster,success,retrieve_same_class_image_crops,same_class_image_crops
482,11,pottedplant,0.10430908203125,632.0,68.0,666.0,107.0,invalid,strong,drop,success,success,success,drop,high,drop,llm_final_decision,False,False,tn,0.0,-1,False,drop,drop,True,uncertain_score_band,not_called,,
482,12,motorbike,0.10089111328125,453.0,22.0,748.0,268.0,invalid,strong,drop,success,success,success,drop,high,drop,llm_final_decision,False,False,tn,0.0,-1,False,drop,drop,True,uncertain_score_band|duplicate_cluster,success,retrieve_same_class_image_crops|retrieve_class_exemplars,same_class_image_crops|class_exemplars
483,0,cat,0.6875,70.0,399.0,215.0,526.0,valid,strong,keep,success,success,success,keep,high,keep,llm_final_decision,False,False,fp,0.0,-1,False,keep,keep,True,duplicate_cluster|top_score_sanity_check,success,retrieve_class_exemplars,class_exemplars
483,1,person,0.375732421875,806.0,314.0,978.0,639.0,valid,strong,keep,success,success,success,keep,high,keep,llm_final_decision,False,True,tp,0.63992,1,False,keep,keep,True,border_touching|top_score_sanity_check,not_called,,
483,2,person,0.360595703125,384.0,285.0,590.0,632.0,valid,strong,keep,success,success,success,keep,high,keep,llm_final_decision,False,True,tp,0.60515,2,False,keep,keep,True,border_touching|duplicate_cluster,success,retrieve_same_class_image_crops|retrieve_class_exemplars,same_class_image_crops|class_exemplars
483,3,dog,0.135498046875,70.0,399.0,215.0,526.0,invalid,strong,drop,success,success,success,drop,high,drop,llm_final_decision,False,True,fn,0.827013,0,False,drop,drop,True,uncertain_score_band|duplicate_cluster,success,retrieve_same_class_image_crops|retrieve_class_exemplars,same_class_image_crops|class_exemplars
483,4,bicycle,0.11260986328125,411.0,408.0,595.0,631.0,invalid,strong,drop,success,success,success,drop,high,drop,llm_final_decision,False,False,tn,0.0,-1,False,drop,drop,True,uncertain_score_band|border_touching|duplicate_cluster,success,retrieve_same_class_image_crops|retrieve_class_exemplars,same_class_image_crops|class_exemplars
483,5,chair,0.10125732421875,411.0,408.0,594.0,632.0,invalid,strong,drop,success,success,success,drop,high,drop,llm_final_decision,False,False,tn,0.0,-1,False,drop,drop,True,uncertain_score_band|border_touching|duplicate_cluster,success,retrieve_same_class_image_crops|retrieve_class_exemplars,same_class_image_crops|class_exemplars
484,0,person,0.369384765625,493.0,190.0,632.0,348.0,invalid,strong,drop,success,success,success,drop,high,drop,llm_final_decision,False,False,tn,0.0,-1,False,keep,drop,True,duplicate_cluster|top_score_sanity_check,success,retrieve_same_class_image_crops|retrieve_class_exemplars,same_class_image_crops|class_exemplars
484,1,motorbike,0.322021484375,632.0,304.0,775.0,529.0,invalid,strong,drop,success,success,success,drop,high,drop,llm_final_decision,False,False,tn,0.0,-1,False,keep,drop,True,duplicate_cluster|top_score_sanity_check,success,retrieve_same_class_image_crops,same_class_image_crops
484,2,person,0.139892578125,493.0,195.0,561.0,342.0,invalid,strong,drop,success,success,success,drop,high,drop,llm_final_decision,False,False,tn,0.0,-1,False,drop,drop,True,uncertain_score_band|duplicate_cluster,success,retrieve_same_class_image_crops|retrieve_class_exemplars,same_class_image_crops|class_exemplars
484,3,bird,0.126953125,493.0,195.0,561.0,342.0,invalid,strong,drop,success,success,success,drop,high,drop,llm_final_decision,False,False,tn,0.0,-1,False,drop,drop,True,uncertain_score_band|duplicate_cluster,success,retrieve_same_class_image_crops|retrieve_class_exemplars,same_class_image_crops|class_exemplars
484,4,person,0.1177978515625,491.0,59.0,637.0,349.0,invalid,strong,drop,success,success,success,drop,high,drop,llm_final_decision,False,False,tn,0.0,-1,False,drop,drop,True,uncertain_score_band|duplicate_cluster,success,retrieve_same_class_image_crops|retrieve_class_exemplars,same_class_image_crops|class_exemplars
484,5,boat,0.11065673828125,491.0,59.0,637.0,349.0,invalid,strong,drop,success,success,success,drop,high,drop,llm_final_decision,False,False,tn,0.0,-1,False,drop,drop,True,uncertain_score_band|duplicate_cluster,success,retrieve_same_class_image_crops|retrieve_class_exemplars,same_class_image_crops|class_exemplars
484,6,motorbike,0.10394287109375,620.0,255.0,790.0,528.0,invalid,strong,drop,success,success,success,drop,high,drop,llm_final_decision,False,False,tn,0.0,-1,False,drop,drop,True,uncertain_score_band|duplicate_cluster,success,retrieve_same_class_image_crops,same_class_image_crops
486,0,chair,0.505859375,266.0,269.0,480.0,451.0,invalid,strong,drop,success,success,success,drop,high,drop,llm_final_decision,False,True,fn,0.523483,0,False,keep,drop,True,duplicate_cluster|top_score_sanity_check,success,retrieve_same_class_image_crops|retrieve_class_exemplars,same_class_image_crops|class_exemplars
486,1,chair,0.36474609375,331.0,269.0,837.0,470.0,invalid,strong,drop,success,success,success,drop,high,drop,llm_final_decision,False,False,tn,0.308501,1,False,keep,drop,True,border_touching|duplicate_cluster|top_score_sanity_check,success,retrieve_same_class_image_crops|retrieve_class_exemplars,same_class_image_crops|class_exemplars
486,2,diningtable,0.2203369140625,335.0,306.0,658.0,453.0,valid,strong,keep,success,success,success,keep,high,keep,llm_final_decision,False,True,tp,0.637602,2,False,keep,keep,True,uncertain_score_band|duplicate_cluster,success,retrieve_same_class_image_crops|retrieve_class_exemplars,same_class_image_crops|class_exemplars
486,3,chair,0.2130126953125,499.0,266.0,860.0,475.0,invalid,strong,drop,success,success,success,drop,high,drop,llm_final_decision,False,False,tn,0.395685,1,False,keep,drop,True,uncertain_score_band|border_touching|duplicate_cluster,success,retrieve_same_class_image_crops,same_class_image_crops
486,4,chair,0.2081298828125,338.0,262.0,589.0,450.0,invalid,strong,drop,success,success,success,drop,high,drop,llm_final_decision,False,False,tn,0.179378,0,False,keep,drop,True,uncertain_score_band|duplicate_cluster,success,retrieve_same_class_image_crops,same_class_image_crops
486,5,chair,0.1806640625,343.0,219.0,540.0,448.0,invalid,strong,drop,success,success,success,drop,high,drop,llm_final_decision,False,False,tn,0.166892,0,False,drop,drop,True,uncertain_score_band|duplicate_cluster,success,retrieve_same_class_image_crops,same_class_image_crops
486,6,chair,0.1636962890625,412.0,267.0,860.0,477.0,invalid,strong,drop,success,success,success,drop,high,drop,llm_final_decision,False,False,tn,0.248657,1,False,drop,drop,True,uncertain_score_band|border_touching|duplicate_cluster,success,retrieve_same_class_image_crops,same_class_image_crops
486,7,diningtable,0.1517333984375,268.0,267.0,860.0,481.0,invalid,strong,drop,success,success,success,drop,high,drop,llm_final_decision,False,False,tn,0.324398,2,False,drop,drop,True,uncertain_score_band|border_touching|duplicate_cluster,success,retrieve_same_class_image_crops|retrieve_class_exemplars,same_class_image_crops|class_exemplars
486,8,chair,0.1497802734375,341.0,259.0,730.0,455.0,invalid,strong,drop,success,success,success,drop,high,drop,llm_final_decision,False,False,tn,0.426275,1,False,drop,drop,True,uncertain_score_band|duplicate_cluster,success,retrieve_same_class_image_crops,same_class_image_crops
486,9,sofa,0.1358642578125,412.0,267.0,860.0,477.0,invalid,strong,drop,success,success,success,drop,high,drop,llm_final_decision,False,False,tn,0.0,-1,False,drop,drop,True,uncertain_score_band|border_touching|duplicate_cluster,success,retrieve_same_class_image_crops|retrieve_class_exemplars,same_class_image_crops|class_exemplars
486,10,chair,0.1334228515625,427.0,219.0,542.0,441.0,invalid,strong,drop,success,success,success,drop,high,drop,llm_final_decision,False,False,tn,0.0557,1,False,drop,drop,True,uncertain_score_band|duplicate_cluster,success,retrieve_same_class_image_crops,same_class_image_crops
486,11,boat,0.129150390625,210.0,0.0,835.0,227.0,invalid,strong,drop,success,success,success,drop,high,drop,llm_final_decision,False,False,tn,0.0,-1,False,drop,drop,True,uncertain_score_band|border_touching|duplicate_cluster,success,retrieve_same_class_image_crops,same_class_image_crops
486,12,chair,0.1181640625,421.0,271.0,534.0,448.0,invalid,strong,drop,success,success,success,drop,high,drop,llm_final_decision,False,False,tn,0.033604,1,False,drop,drop,True,uncertain_score_band|duplicate_cluster,success,retrieve_same_class_image_crops|retrieve_class_exemplars,same_class_image_crops|class_exemplars
486,13,chair,0.1163330078125,527.0,250.0,600.0,311.0,invalid,strong,drop,success,success,success,drop,high,drop,llm_final_decision,False,False,tn,0.100627,1,False,drop,drop,True,uncertain_score_band,not_called,,
486,14,chair,0.11553955078125,615.0,268.0,860.0,476.0,valid,strong,keep,success,success,success,keep,high,keep,llm_final_decision,False,False,fp,0.146138,1,False,drop,keep,True,uncertain_score_band|border_touching|duplicate_cluster,success,retrieve_same_class_image_crops|retrieve_class_exemplars,same_class_image_crops|class_exemplars
486,15,chair,0.10394287109375,267.0,269.0,589.0,469.0,invalid,strong,drop,success,success,success,drop,high,drop,llm_final_decision,False,False,tn,0.340474,0,False,drop,drop,True,uncertain_score_band|duplicate_cluster,success,retrieve_same_class_image_crops,same_class_image_crops
486,16,aeroplane,0.1014404296875,210.0,0.0,835.0,227.0,invalid,strong,drop,success,success,success,drop,high,drop,llm_final_decision,False,False,tn,0.0,-1,False,drop,drop,True,uncertain_score_band|border_touching|duplicate_cluster,success,retrieve_same_class_image_crops,same_class_image_crops
487,0,cat,0.4970703125,639.0,506.0,640.0,716.0,unavailable,unavailable,drop,not_candidate_heuristic,success,not_called,keep,,keep,deterministic_gate,True,False,fp,0.0,-1,True,keep,keep,False,,not_called,,
487,1,cat,0.1461181640625,639.0,506.0,640.0,844.0,unavailable,unavailable,drop,not_candidate_heuristic,success,not_called,drop,,drop,deterministic_gate,True,False,tn,0.0,-1,True,drop,drop,False,,not_called,,
487,2,chair,0.118408203125,639.0,120.0,640.0,243.0,unavailable,unavailable,drop,not_candidate_heuristic,success,not_called,drop,,drop,deterministic_gate,True,False,tn,0.0,-1,True,drop,drop,False,,not_called,,
487,3,diningtable,0.10247802734375,4.0,686.0,640.0,888.0,invalid,strong,drop,success,success,success,drop,high,drop,llm_final_decision,False,False,tn,0.0,-1,False,drop,drop,True,uncertain_score_band|border_touching|top_score_sanity_check,not_called,,
490,0,car,0.4794921875,1.0,79.0,1279.0,640.0,valid,strong,keep,success,success,success,keep,high,keep,llm_final_decision,False,True,tp,0.623319,0,False,keep,keep,True,border_touching|duplicate_cluster|top_score_sanity_check,success,retrieve_same_class_image_crops|retrieve_class_exemplars,same_class_image_crops|class_exemplars
490,1,car,0.19287109375,0.0,82.0,906.0,640.0,invalid,strong,drop,success,success,success,drop,high,drop,llm_final_decision,False,False,tn,0.468204,0,False,drop,drop,True,uncertain_score_band|border_touching|duplicate_cluster|top_score_sanity_check,success,retrieve_same_class_image_crops,same_class_image_crops
491,0,bird,0.2440185546875,703.0,632.0,768.0,640.0,unavailable,unavailable,drop,not_candidate_heuristic,success,not_called,keep,,keep,deterministic_gate,True,False,fp,0.0,-1,True,keep,keep,False,,not_called,,
491,1,bird,0.1488037109375,704.0,632.0,856.0,640.0,unavailable,unavailable,drop,not_candidate_heuristic,success,not_called,drop,,drop,deterministic_gate,True,False,tn,0.0,-1,True,drop,drop,False,,not_called,,
491,2,aeroplane,0.1339111328125,416.0,147.0,1008.0,640.0,invalid,strong,drop,success,success,success,drop,high,drop,llm_final_decision,False,False,tn,0.0,-1,False,drop,drop,True,uncertain_score_band|border_touching|top_score_sanity_check,not_called,,
492,0,chair,0.1900634765625,593.0,636.0,640.0,811.0,invalid,strong,drop,success,success,success,drop,high,drop,llm_final_decision,False,False,tn,0.0,-1,False,drop,drop,True,uncertain_score_band|border_touching|top_score_sanity_check,not_called,,
492,1,boat,0.13427734375,1.0,1.0,640.0,811.0,invalid,strong,drop,success,success,success,drop,high,drop,llm_final_decision,False,False,tn,0.0,-1,False,drop,drop,True,uncertain_score_band|border_touching|top_score_sanity_check,not_called,,
494,0,car,0.56884765625,293.0,493.0,440.0,555.0,invalid,strong,drop,success,success,success,drop,high,drop,llm_final_decision,False,False,tn,0.0,-1,False,keep,drop,True,duplicate_cluster|top_score_sanity_check,success,retrieve_same_class_image_crops|retrieve_class_exemplars,same_class_image_crops|class_exemplars
494,1,car,0.189208984375,291.0,496.0,381.0,556.0,invalid,strong,drop,success,success,success,drop,high,drop,llm_final_decision,False,False,tn,0.0,-1,False,drop,drop,True,uncertain_score_band|duplicate_cluster|top_score_sanity_check,success,retrieve_same_class_image_crops,same_class_image_crops
494,2,car,0.1409912109375,165.0,488.0,442.0,556.0,invalid,strong,drop,success,success,success,drop,high,drop,llm_final_decision,False,False,tn,0.0,-1,False,drop,drop,True,uncertain_score_band|duplicate_cluster,success,retrieve_same_class_image_crops,same_class_image_crops
494,3,car,0.135009765625,240.0,476.0,299.0,552.0,invalid,strong,drop,success,success,success,drop,high,drop,llm_final_decision,False,False,tn,0.0,-1,False,drop,drop,True,uncertain_score_band,not_called,,
494,4,car,0.1048583984375,293.0,522.0,376.0,555.0,invalid,strong,drop,success,success,success,drop,high,drop,llm_final_decision,False,False,tn,0.0,-1,False,drop,drop,True,uncertain_score_band|duplicate_cluster,success,retrieve_same_class_image_crops,same_class_image_crops
496,0,aeroplane,0.157958984375,307.0,68.0,858.0,640.0,invalid,strong,drop,success,success,success,drop,high,drop,llm_final_decision,False,False,tn,0.0,-1,False,drop,drop,True,uncertain_score_band|border_touching|duplicate_cluster|top_score_sanity_check,success,retrieve_class_exemplars,class_exemplars
496,1,motorbike,0.1485595703125,307.0,68.0,858.0,640.0,invalid,strong,drop,success,success,success,drop,high,drop,llm_final_decision,False,False,tn,0.0,-1,False,drop,drop,True,uncertain_score_band|border_touching|duplicate_cluster|top_score_sanity_check,success,retrieve_same_class_image_crops,same_class_image_crops
496,2,boat,0.1439208984375,307.0,68.0,858.0,640.0,invalid,strong,drop,success,success,success,drop,high,drop,llm_final_decision,False,False,tn,0.084349,0,False,drop,drop,True,uncertain_score_band|border_touching|duplicate_cluster,success,retrieve_same_class_image_crops,same_class_image_crops
498,0,pottedplant,0.4130859375,506.0,368.0,575.0,503.0,invalid,strong,drop,success,success,success,drop,high,drop,llm_final_decision,False,False,tn,0.0,-1,False,keep,drop,True,top_score_sanity_check,not_called,,
498,1,chair,0.267333984375,38.0,523.0,224.0,640.0,invalid,strong,drop,success,success,success,drop,high,drop,llm_final_decision,False,False,tn,0.0,-1,False,keep,drop,True,uncertain_score_band|border_touching|duplicate_cluster|top_score_sanity_check,success,retrieve_same_class_image_crops,same_class_image_crops
498,2,chair,0.20849609375,216.0,543.0,401.0,640.0,invalid,strong,drop,success,success,success,drop,high,drop,llm_final_decision,False,False,tn,0.0,-1,False,keep,drop,True,uncertain_score_band|border_touching|duplicate_cluster,success,retrieve_same_class_image_crops,same_class_image_crops
498,3,chair,0.207275390625,292.0,547.0,401.0,640.0,invalid,strong,drop,success,success,success,drop,high,drop,llm_final_decision,False,False,tn,0.0,-1,False,keep,drop,True,uncertain_score_band|border_touching|duplicate_cluster,success,retrieve_same_class_image_crops,same_class_image_crops
498,4,sofa,0.190673828125,663.0,420.0,1193.0,640.0,invalid,strong,drop,success,success,success,drop,high,drop,llm_final_decision,False,False,tn,0.289804,2,False,drop,drop,True,uncertain_score_band|border_touching|duplicate_cluster,success,retrieve_same_class_image_crops,same_class_image_crops
498,5,chair,0.1558837890625,217.0,495.0,366.0,618.0,invalid,strong,drop,success,success,success,drop,high,drop,llm_final_decision,False,False,tn,0.0,-1,False,drop,drop,True,uncertain_score_band|duplicate_cluster,success,retrieve_same_class_image_crops,same_class_image_crops
498,6,sofa,0.13916015625,463.0,419.0,1280.0,640.0,valid,strong,keep,success,success,success,keep,medium,keep,llm_final_decision,False,False,fp,0.260227,2,False,drop,keep,True,uncertain_score_band|border_touching|duplicate_cluster,success,retrieve_same_class_image_crops|retrieve_class_exemplars,same_class_image_crops|class_exemplars
498,7,chair,0.137939453125,39.0,517.0,425.0,640.0,invalid,strong,drop,success,success,success,drop,high,drop,llm_final_decision,False,False,tn,0.0,-1,False,drop,drop,True,uncertain_score_band|border_touching|duplicate_cluster,success,retrieve_same_class_image_crops,same_class_image_crops
499,0,aeroplane,0.1134033203125,2.0,714.0,640.0,892.0,invalid,strong,drop,success,success,success,drop,high,drop,llm_final_decision,False,False,tn,0.0,-1,False,drop,drop,True,uncertain_score_band|border_touching|top_score_sanity_check,not_called,,
